combat_id,First_pokemon,Second_pokemon,split
0,266,298,train
1,702,701,train
2,191,668,train
3,237,683,train
4,151,231,train
5,657,752,train
6,192,134,train
7,73,545,train
8,220,763,train
9,302,31,train
10,442,130,train
11,701,624,train
12,15,283,test
13,151,87,train
14,269,462,train
15,763,448,train
16,143,263,train
17,365,240,train
18,499,774,train
19,563,578,train
20,440,687,train
21,373,441,train
22,654,671,train
23,121,355,train
24,609,649,train
25,270,708,train
26,460,568,train
27,626,767,train
28,139,451,train
29,694,747,train
30,455,549,train
31,181,301,train
32,208,184,train
33,536,365,train
34,260,381,train
35,471,269,train
36,621,287,test
37,406,134,train
38,592,503,train
39,564,242,train
40,579,242,train
41,200,719,train
42,376,135,train
43,76,441,train
44,667,645,train
45,475,400,test
46,3,737,train
47,435,45,train
48,231,146,test
49,510,715,train
50,456,260,test
51,164,751,train
52,424,754,train
53,258,779,train
54,360,208,train
55,723,646,test
56,384,533,test
57,734,673,train
58,141,721,train
59,244,741,train
60,509,217,train
61,633,44,train
62,595,719,test
63,606,40,train
64,368,598,train
65,746,584,test
66,350,187,train
67,303,198,train
68,169,701,test
69,569,115,test
70,231,172,train
71,71,440,test
72,659,610,test
73,570,557,train
74,712,40,train
75,451,352,test
76,661,95,train
77,540,4,train
78,130,319,train
79,125,418,train
80,309,276,train
81,579,612,train
82,716,80,train
83,482,535,train
84,376,37,train
85,6,328,train
86,343,159,test
87,509,574,train
88,546,530,train
89,486,229,train
90,686,213,train
91,304,386,test
92,514,732,test
93,161,757,test
94,150,265,train
95,436,701,train
96,221,265,train
97,436,603,train
98,242,365,train
99,792,251,train
100,607,295,train
101,439,209,train
102,657,360,train
103,436,40,test
104,325,408,test
105,472,89,train
106,71,777,train
107,47,615,train
108,5,670,test
109,793,314,train
110,195,461,train
111,493,568,train
112,400,341,train
113,63,297,test
114,541,446,train
115,141,152,test
116,54,115,test
117,378,161,train
118,224,316,train
119,311,398,train
120,298,35,train
121,356,132,train
122,103,370,test
123,503,453,train
124,600,598,train
125,445,45,test
126,360,548,train
127,303,133,test
128,51,331,train
129,171,559,train
130,758,129,train
131,6,255,train
132,698,154,train
133,92,491,test
134,381,73,train
135,354,271,train
136,219,49,test
137,736,244,train
138,683,245,test
139,533,452,train
140,200,588,test
141,403,636,test
142,56,561,train
143,54,119,train
144,629,141,train
145,547,779,train
146,380,547,test
147,407,307,train
148,153,559,test
149,306,268,train
150,89,382,test
151,54,32,train
152,172,745,test
153,16,110,train
154,537,734,train
155,278,94,train
156,342,643,test
157,435,165,train
158,638,691,train
159,734,718,train
160,298,781,train
161,42,113,train
162,97,316,train
163,416,397,train
164,483,400,train
165,275,155,test
166,154,461,test
167,309,4,train
168,539,30,train
169,545,266,train
170,283,340,train
171,232,254,train
172,384,427,train
173,161,781,train
174,496,420,train
175,268,159,train
176,473,593,train
177,550,475,test
178,199,785,train
179,385,732,test
180,488,196,train
181,30,587,train
182,36,494,train
183,513,184,test
184,129,106,test
185,6,604,train
186,137,315,train
187,83,509,train
188,585,534,train
189,743,57,train
190,220,723,train
191,764,665,test
192,708,439,train
193,28,545,train
194,23,796,train
195,698,147,test
196,306,635,test
197,158,666,test
198,55,750,train
199,513,439,train
200,769,264,train
201,232,499,train
202,23,623,train
203,97,250,train
204,324,544,train
205,517,10,train
206,586,461,train
207,779,349,train
208,669,226,train
209,623,53,test
210,538,718,train
211,438,242,train
212,523,759,train
213,14,103,train
214,378,152,train
215,478,361,train
216,137,698,train
217,354,739,train
218,233,684,test
219,291,605,train
220,96,264,train
221,730,137,test
222,129,744,train
223,611,107,train
224,58,560,train
225,658,146,train
226,625,753,train
227,524,27,test
228,794,474,train
229,365,391,train
230,592,585,train
231,512,586,train
232,526,424,train
233,70,456,train
234,540,288,test
235,347,389,test
236,689,128,train
237,211,701,train
238,336,385,train
239,594,80,train
240,785,490,train
241,425,308,train
242,27,731,train
243,459,399,train
244,421,494,train
245,578,768,test
246,63,82,train
247,257,221,train
248,4,150,train
249,546,333,train
250,308,544,train
251,213,442,test
252,575,302,train
253,209,645,train
254,92,768,train
255,116,672,train
256,132,69,train
257,568,396,train
258,644,218,train
259,321,163,train
260,17,164,train
261,715,190,test
262,51,57,train
263,237,448,train
264,580,676,train
265,789,726,train
266,420,718,train
267,83,499,test
268,526,159,test
269,115,56,train
270,358,636,train
271,54,532,train
272,534,798,train
273,768,179,train
274,94,724,train
275,795,437,train
276,313,432,train
277,305,251,train
278,269,289,train
279,593,733,test
280,568,428,train
281,290,287,train
282,762,733,train
283,217,100,train
284,668,87,train
285,165,49,train
286,123,771,train
287,261,154,train
288,225,640,train
289,313,103,train
290,106,505,train
291,453,614,train
292,107,48,train
293,722,590,train
294,559,431,train
295,141,727,train
296,490,239,train
297,490,340,train
298,373,128,train
299,3,730,train
300,502,91,train
301,714,104,train
302,788,276,train
303,459,16,train
304,432,143,train
305,724,2,train
306,648,533,train
307,250,357,train
308,155,439,train
309,447,20,train
310,366,371,test
311,337,770,test
312,358,765,train
313,198,110,test
314,152,760,train
315,164,577,test
316,174,646,train
317,438,59,train
318,614,443,train
319,789,127,train
320,504,421,train
321,565,214,train
322,158,635,train
323,386,21,train
324,408,404,train
325,349,440,test
326,410,295,train
327,83,569,train
328,249,411,test
329,173,609,train
330,770,572,train
331,51,473,test
332,452,106,train
333,550,769,train
334,525,740,train
335,464,762,train
336,147,798,train
337,572,45,train
338,569,741,train
339,193,28,test
340,247,445,train
341,511,280,train
342,435,44,train
343,794,359,train
344,196,758,train
345,470,410,train
346,631,164,train
347,451,790,test
348,211,442,train
349,773,582,train
350,403,59,train
351,401,413,train
352,228,679,train
353,753,196,test
354,578,434,train
355,210,40,train
356,38,716,train
357,18,458,train
358,538,742,train
359,702,627,test
360,403,412,train
361,517,136,train
362,465,89,test
363,505,502,train
364,601,644,train
365,459,84,test
366,548,525,train
367,707,521,train
368,14,62,train
369,728,501,train
370,182,246,train
371,741,117,train
372,29,431,train
373,719,574,train
374,209,477,test
375,492,37,train
376,425,43,train
377,207,284,train
378,749,512,train
379,539,153,train
380,152,159,test
381,738,18,train
382,182,579,train
383,69,302,train
384,173,713,train
385,488,199,train
386,683,506,train
387,2,619,train
388,735,255,train
389,70,800,train
390,120,67,train
391,738,610,test
392,68,397,train
393,540,714,test
394,184,197,train
395,577,58,train
396,750,29,train
397,391,640,train
398,211,737,train
399,462,694,train
400,337,147,train
401,459,644,train
402,615,652,test
403,786,180,test
404,247,594,test
405,536,720,train
406,729,586,train
407,715,80,train
408,516,740,train
409,440,525,train
410,174,410,train
411,634,424,train
412,252,797,train
413,317,294,train
414,463,790,train
415,770,7,test
416,110,783,train
417,454,469,train
418,241,731,test
419,688,190,train
420,271,21,train
421,738,789,test
422,476,223,train
423,574,283,train
424,621,551,train
425,723,617,train
426,1,679,train
427,595,131,train
428,433,339,train
429,247,452,train
430,19,709,train
431,410,278,train
432,103,142,train
433,37,337,test
434,453,29,test
435,73,113,train
436,374,87,test
437,634,784,train
438,681,790,train
439,181,765,train
440,584,498,train
441,586,590,train
442,732,1,train
443,478,524,train
444,734,19,train
445,634,348,train
446,567,755,train
447,354,82,test
448,417,783,train
449,420,85,test
450,610,215,test
451,350,160,train
452,122,588,test
453,159,77,train
454,398,598,train
455,300,704,train
456,508,293,train
457,763,685,train
458,428,203,train
459,509,199,train
460,106,592,train
461,550,394,train
462,310,48,test
463,80,314,train
464,463,203,train
465,484,9,test
466,700,49,train
467,437,533,train
468,73,485,train
469,627,314,train
470,216,657,test
471,126,617,train
472,632,707,train
473,692,331,train
474,11,309,train
475,483,22,train
476,665,170,train
477,540,337,train
478,39,299,train
479,761,762,train
480,441,1,test
481,434,137,train
482,700,433,train
483,52,379,train
484,158,171,train
485,769,374,train
486,789,690,test
487,393,255,test
488,307,741,train
489,528,492,train
490,212,24,train
491,99,173,train
492,58,253,train
493,226,289,train
494,365,609,train
495,409,532,train
496,647,294,train
497,15,756,train
498,196,774,train
499,265,68,test
500,564,749,train
501,750,248,test
502,142,107,train
503,427,404,train
504,454,302,train
505,323,574,train
506,262,67,train
507,710,434,train
508,291,666,train
509,233,445,test
510,126,494,train
511,252,108,train
512,69,212,train
513,120,342,train
514,224,173,train
515,695,94,train
516,672,355,test
517,409,254,train
518,195,607,train
519,528,327,test
520,127,81,train
521,698,336,train
522,422,705,test
523,432,397,train
524,409,376,test
525,582,424,test
526,521,268,train
527,304,708,train
528,385,492,train
529,560,70,train
530,545,149,train
531,68,362,train
532,672,732,test
533,632,14,train
534,641,341,train
535,365,428,train
536,594,425,train
537,764,529,train
538,397,161,train
539,111,670,test
540,219,738,train
541,408,647,train
542,516,107,train
543,622,736,train
544,212,128,train
545,685,648,train
546,406,420,train
547,501,689,train
548,533,211,train
549,413,580,train
550,74,277,train
551,460,713,test
552,450,8,train
553,376,196,train
554,292,510,train
555,282,186,train
556,384,699,train
557,295,741,train
558,346,790,train
559,269,187,train
560,45,323,train
561,89,778,train
562,151,238,train
563,774,667,train
564,266,301,train
565,602,375,train
566,31,490,train
567,92,182,train
568,588,390,train
569,476,434,train
570,360,426,train
571,101,21,train
572,267,182,train
573,245,72,test
574,10,17,train
575,110,425,train
576,244,177,train
577,209,465,train
578,778,760,train
579,192,721,train
580,340,110,train
581,555,443,train
582,538,82,test
583,123,434,train
584,597,627,train
585,409,56,train
586,458,301,train
587,65,644,train
588,584,319,train
589,262,210,train
590,116,492,train
591,75,480,train
592,38,302,test
593,750,656,train
594,453,174,train
595,375,509,train
596,791,203,train
597,617,266,train
598,480,541,train
599,425,750,train
600,325,276,train
601,385,157,train
602,331,648,test
603,566,34,train
604,86,502,train
605,214,435,train
606,551,778,train
607,300,354,train
608,438,630,train
609,209,397,train
610,582,666,train
611,52,780,train
612,492,417,train
613,519,581,train
614,11,771,train
615,725,340,train
616,286,313,train
617,79,633,train
618,435,83,train
619,565,55,test
620,313,754,train
621,247,685,train
622,698,215,train
623,76,567,test
624,451,21,train
625,132,473,train
626,500,215,test
627,4,13,train
628,111,188,test
629,39,519,train
630,129,303,train
631,306,39,train
632,752,595,test
633,699,458,train
634,708,456,train
635,102,304,test
636,399,239,train
637,37,13,test
638,498,282,train
639,649,489,train
640,535,189,test
641,147,189,test
642,107,32,train
643,688,350,train
644,559,540,train
645,28,44,train
646,277,168,train
647,285,328,test
648,650,652,train
649,638,393,test
650,365,233,train
651,215,290,train
652,576,231,test
653,335,333,test
654,79,392,train
655,181,41,test
656,136,546,train
657,208,685,train
658,634,480,test
659,481,690,train
660,262,47,train
661,87,59,train
662,637,695,train
663,712,74,train
664,696,274,test
665,485,101,train
666,484,661,test
667,721,631,train
668,354,257,train
669,485,605,train
670,27,798,train
671,604,131,train
672,336,532,train
673,298,179,train
674,297,394,train
675,260,358,train
676,429,475,test
677,546,416,train
678,174,224,test
679,65,173,train
680,793,247,train
681,530,437,train
682,154,650,train
683,627,150,train
684,47,334,train
685,146,660,test
686,348,105,train
687,712,575,train
688,602,728,test
689,523,461,train
690,347,526,train
691,579,373,train
692,2,214,train
693,10,596,train
694,531,762,train
695,430,516,train
696,305,400,test
697,158,258,train
698,528,38,train
699,54,600,train
700,424,728,train
701,232,333,train
702,162,114,train
703,59,118,train
704,632,742,train
705,488,708,train
706,180,690,train
707,129,423,train
708,162,439,test
709,592,267,train
710,727,219,train
711,707,764,train
712,537,525,train
713,798,672,train
714,6,47,train
715,421,225,train
716,703,732,train
717,743,248,train
718,773,454,train
719,286,680,train
720,541,302,train
721,210,686,test
722,503,62,train
723,423,734,test
724,280,524,train
725,116,681,train
726,365,680,train
727,330,664,train
728,462,463,test
729,242,325,train
730,131,340,train
731,713,794,train
732,234,667,train
733,270,772,train
734,200,393,train
735,181,351,train
736,546,350,train
737,665,39,train
738,475,402,train
739,383,722,test
740,401,580,train
741,123,609,train
742,502,123,test
743,98,537,train
744,565,716,test
745,512,100,test
746,240,93,train
747,646,468,train
748,89,470,train
749,438,284,train
750,125,31,train
751,570,222,train
752,350,512,train
753,643,42,train
754,560,316,train
755,715,343,train
756,126,622,train
757,278,184,train
758,604,130,train
759,558,573,test
760,411,220,train
761,132,181,train
762,592,748,train
763,709,260,train
764,515,598,train
765,576,530,train
766,512,205,train
767,268,458,train
768,633,113,test
769,368,101,train
770,371,61,train
771,248,339,train
772,256,30,train
773,691,593,train
774,118,349,train
775,216,30,test
776,540,545,train
777,664,13,train
778,292,52,train
779,120,256,train
780,178,456,train
781,148,343,test
782,693,68,train
783,547,719,train
784,93,738,test
785,664,398,train
786,347,589,train
787,222,568,train
788,349,425,test
789,166,559,train
790,50,306,train
791,361,716,train
792,226,509,train
793,2,594,train
794,50,134,test
795,459,111,train
796,667,96,train
797,260,215,train
798,380,694,test
799,496,485,train
800,310,153,train
801,349,663,train
802,516,130,train
803,783,681,test
804,657,355,train
805,549,100,train
806,462,690,train
807,112,465,train
808,117,370,train
809,549,54,train
810,478,593,train
811,497,280,train
812,766,591,train
813,677,17,test
814,251,259,train
815,53,494,train
816,746,494,train
817,475,723,test
818,305,238,test
819,288,524,test
820,751,45,train
821,291,470,train
822,154,325,train
823,638,359,train
824,604,233,test
825,19,369,test
826,526,203,train
827,129,695,train
828,215,719,train
829,518,118,test
830,127,287,test
831,559,214,test
832,762,86,train
833,557,501,test
834,282,605,test
835,307,149,train
836,425,390,test
837,612,731,train
838,387,311,train
839,143,116,train
840,340,268,train
841,14,162,test
842,570,492,train
843,549,127,train
844,484,212,train
845,524,222,train
846,400,151,test
847,375,255,train
848,738,176,train
849,116,490,train
850,2,394,train
851,369,505,test
852,283,254,train
853,545,241,train
854,49,268,train
855,522,177,test
856,699,225,train
857,160,398,test
858,579,691,train
859,337,494,train
860,465,536,train
861,768,738,train
862,541,233,test
863,462,259,train
864,569,796,train
865,145,148,train
866,306,290,train
867,581,549,test
868,81,70,train
869,179,517,train
870,147,629,train
871,274,302,test
872,621,271,train
873,669,318,train
874,533,754,train
875,487,527,test
876,385,160,train
877,49,636,train
878,793,372,train
879,93,477,train
880,572,353,test
881,422,132,train
882,296,599,train
883,771,323,test
884,385,323,train
885,523,519,train
886,390,747,train
887,698,98,train
888,472,295,train
889,667,797,train
890,643,620,train
891,450,700,train
892,583,450,test
893,247,7,train
894,614,638,train
895,15,182,train
896,624,68,train
897,281,716,train
898,167,761,train
899,157,141,test
900,175,697,train
901,791,85,test
902,54,214,train
903,50,406,test
904,585,463,train
905,675,343,train
906,369,392,test
907,30,198,train
908,406,403,test
909,627,173,train
910,671,395,test
911,359,657,train
912,117,707,train
913,654,164,test
914,86,377,train
915,699,454,train
916,440,615,test
917,406,542,train
918,604,142,train
919,231,209,train
920,441,337,test
921,116,790,train
922,305,752,train
923,40,226,train
924,514,602,train
925,629,74,test
926,217,628,train
927,261,24,test
928,613,189,train
929,597,386,test
930,555,682,train
931,165,515,train
932,766,395,train
933,493,378,train
934,339,460,train
935,47,711,train
936,619,451,train
937,105,599,test
938,692,126,train
939,74,693,test
940,45,315,train
941,596,770,test
942,595,392,train
943,102,54,train
944,742,666,train
945,343,407,train
946,438,604,train
947,111,294,train
948,468,342,test
949,528,794,train
950,513,461,test
951,424,604,train
952,383,536,train
953,56,795,test
954,292,246,train
955,593,332,train
956,352,697,train
957,520,184,train
958,504,426,test
959,21,602,train
960,343,622,train
961,224,228,test
962,160,354,train
963,490,24,train
964,158,274,train
965,713,331,train
966,414,518,train
967,141,538,train
968,713,218,test
969,273,765,test
970,97,701,train
971,603,452,train
972,514,640,train
973,542,615,train
974,63,399,train
975,676,142,train
976,274,615,train
977,792,498,train
978,586,751,train
979,495,489,test
980,280,83,train
981,291,54,train
982,73,415,train
983,531,659,train
984,230,674,train
985,455,531,train
986,662,382,train
987,464,751,test
988,572,102,train
989,213,232,test
990,591,100,train
991,470,258,train
992,720,243,train
993,381,783,train
994,157,525,test
995,1,687,train
996,376,301,train
997,665,567,train
998,790,124,train
999,356,436,train
1000,715,442,train
1001,415,732,train
1002,216,195,train
1003,520,700,train
1004,191,116,train
1005,227,573,train
1006,83,742,train
1007,661,366,train
1008,767,15,train
1009,567,217,test
1010,276,619,train
1011,371,31,train
1012,163,470,train
1013,696,576,train
1014,163,132,train
1015,496,319,train
1016,676,614,train
1017,164,141,train
1018,639,562,train
1019,138,233,train
1020,283,413,test
1021,227,32,train
1022,606,360,train
1023,429,375,train
1024,286,21,train
1025,800,422,train
1026,498,199,test
1027,214,380,test
1028,679,94,train
1029,602,150,train
1030,163,675,test
1031,684,467,test
1032,368,376,train
1033,137,153,train
1034,744,248,test
1035,283,336,train
1036,282,288,test
1037,710,646,train
1038,713,250,test
1039,654,56,train
1040,1,557,test
1041,543,762,train
1042,130,341,train
1043,65,523,train
1044,175,563,train
1045,157,25,test
1046,308,110,train
1047,107,213,train
1048,150,717,train
1049,5,117,train
1050,173,576,train
1051,296,412,train
1052,749,682,test
1053,285,44,train
1054,494,384,train
1055,31,692,train
1056,657,402,train
1057,483,678,train
1058,372,607,test
1059,734,724,test
1060,268,441,train
1061,192,21,train
1062,62,576,train
1063,369,447,train
1064,344,323,train
1065,299,410,test
1066,689,137,train
1067,426,83,train
1068,4,307,train
1069,54,460,train
1070,717,177,train
1071,118,739,train
1072,350,4,train
1073,325,299,train
1074,327,406,train
1075,491,642,train
1076,763,490,train
1077,694,565,train
1078,199,231,train
1079,16,55,train
1080,451,598,train
1081,52,6,test
1082,788,428,train
1083,484,451,train
1084,101,518,train
1085,249,797,train
1086,670,131,train
1087,715,73,train
1088,789,156,train
1089,350,749,train
1090,551,772,train
1091,368,344,train
1092,232,405,train
1093,421,156,train
1094,103,465,train
1095,581,299,train
1096,743,421,train
1097,171,455,train
1098,142,562,test
1099,656,37,test
1100,680,721,test
1101,362,528,train
1102,453,561,train
1103,344,173,train
1104,526,701,train
1105,525,81,test
1106,365,244,train
1107,295,290,train
1108,307,113,train
1109,595,401,train
1110,549,600,test
1111,243,197,train
1112,703,426,train
1113,587,461,train
1114,82,278,train
1115,583,545,train
1116,420,394,train
1117,131,513,train
1118,375,505,train
1119,209,115,train
1120,215,601,test
1121,503,662,test
1122,157,79,train
1123,197,799,train
1124,501,690,test
1125,148,106,train
1126,671,718,train
1127,639,278,train
1128,334,778,train
1129,211,494,test
1130,760,396,train
1131,565,616,train
1132,716,296,train
1133,4,794,train
1134,785,218,train
1135,445,764,train
1136,317,102,train
1137,262,787,train
1138,2,705,train
1139,410,209,test
1140,597,682,train
1141,737,701,train
1142,305,160,train
1143,638,310,test
1144,63,428,train
1145,676,353,train
1146,454,55,train
1147,390,439,train
1148,315,115,train
1149,364,302,train
1150,797,113,train
1151,513,162,train
1152,194,763,train
1153,10,158,train
1154,754,434,train
1155,230,61,train
1156,692,211,test
1157,239,41,train
1158,130,226,test
1159,254,157,test
1160,675,411,train
1161,303,569,test
1162,461,563,train
1163,567,362,train
1164,547,675,test
1165,184,53,train
1166,50,462,train
1167,658,226,train
1168,296,337,train
1169,431,169,train
1170,558,428,train
1171,457,266,train
1172,71,196,train
1173,654,735,train
1174,104,190,train
1175,487,376,train
1176,543,631,train
1177,759,70,train
1178,72,182,train
1179,367,124,test
1180,439,523,train
1181,795,364,train
1182,107,711,train
1183,255,298,train
1184,68,621,train
1185,245,372,train
1186,800,176,train
1187,498,134,test
1188,69,368,train
1189,103,381,train
1190,29,217,train
1191,695,359,train
1192,65,425,train
1193,125,216,train
1194,472,456,train
1195,366,264,train
1196,334,267,train
1197,165,486,train
1198,440,424,train
1199,366,707,train
1200,333,221,train
1201,711,174,train
1202,726,775,train
1203,164,157,train
1204,478,87,train
1205,609,557,test
1206,424,340,train
1207,760,764,test
1208,678,372,train
1209,328,39,train
1210,250,692,train
1211,389,202,test
1212,791,771,train
1213,635,697,train
1214,503,607,train
1215,437,5,train
1216,343,449,train
1217,423,141,train
1218,703,99,test
1219,559,280,test
1220,532,340,train
1221,364,765,train
1222,590,141,train
1223,326,717,train
1224,289,188,train
1225,538,52,train
1226,528,549,train
1227,563,202,train
1228,642,393,test
1229,167,522,train
1230,127,352,test
1231,649,452,train
1232,175,292,train
1233,651,313,train
1234,750,757,train
1235,159,409,train
1236,744,529,train
1237,64,153,train
1238,654,164,test
1239,773,708,train
1240,6,418,train
1241,581,409,train
1242,92,331,train
1243,266,304,test
1244,704,181,train
1245,344,156,test
1246,717,440,test
1247,82,96,train
1248,309,730,train
1249,91,351,train
1250,683,346,train
1251,168,403,train
1252,627,611,train
1253,323,537,train
1254,160,205,test
1255,448,204,train
1256,124,105,train
1257,524,321,train
1258,601,699,train
1259,283,226,train
1260,294,305,train
1261,489,498,train
1262,572,265,train
1263,28,548,train
1264,249,641,train
1265,780,288,train
1266,786,611,train
1267,155,511,train
1268,707,224,test
1269,230,139,test
1270,468,551,train
1271,24,57,train
1272,583,614,train
1273,490,542,train
1274,615,34,train
1275,654,356,test
1276,759,443,test
1277,687,406,train
1278,647,747,train
1279,546,181,train
1280,560,600,train
1281,631,432,train
1282,449,694,train
1283,501,453,train
1284,679,309,train
1285,647,567,train
1286,642,604,train
1287,585,757,train
1288,401,557,test
1289,707,777,train
1290,10,88,train
1291,460,579,train
1292,216,472,train
1293,683,160,test
1294,595,681,train
1295,482,580,train
1296,789,179,train
1297,155,320,train
1298,226,103,train
1299,529,2,test
1300,232,72,train
1301,216,508,train
1302,645,417,train
1303,409,110,train
1304,133,576,train
1305,631,616,train
1306,549,159,train
1307,428,357,test
1308,759,402,train
1309,627,473,train
1310,403,345,train
1311,107,652,test
1312,492,216,train
1313,208,689,train
1314,8,656,train
1315,735,726,train
1316,559,277,train
1317,50,470,train
1318,568,355,train
1319,44,15,train
1320,491,411,train
1321,658,760,train
1322,512,476,train
1323,310,138,train
1324,708,760,train
1325,512,745,train
1326,495,162,test
1327,730,532,test
1328,189,35,test
1329,437,607,test
1330,669,302,train
1331,344,152,train
1332,156,791,train
1333,565,38,train
1334,344,329,test
1335,632,505,train
1336,130,581,train
1337,717,722,test
1338,649,303,train
1339,367,180,train
1340,640,20,train
1341,168,277,train
1342,691,710,test
1343,16,39,train
1344,682,335,train
1345,508,164,train
1346,253,449,train
1347,16,352,train
1348,786,795,train
1349,776,232,train
1350,233,571,train
1351,125,558,train
1352,444,651,train
1353,765,576,test
1354,453,234,train
1355,18,626,train
1356,734,400,train
1357,635,86,train
1358,619,97,test
1359,218,519,train
1360,219,660,test
1361,179,588,train
1362,485,609,train
1363,326,259,train
1364,359,525,test
1365,403,677,train
1366,637,113,train
1367,476,337,train
1368,513,781,train
1369,384,664,train
1370,219,74,test
1371,685,139,train
1372,132,174,train
1373,131,758,train
1374,299,341,test
1375,279,535,train
1376,395,567,test
1377,132,194,train
1378,444,285,train
1379,510,136,train
1380,564,703,train
1381,216,101,test
1382,764,51,train
1383,85,267,train
1384,364,357,train
1385,399,538,train
1386,571,729,train
1387,574,217,test
1388,469,36,train
1389,138,485,test
1390,448,242,test
1391,149,48,train
1392,741,121,train
1393,602,28,train
1394,707,304,train
1395,511,667,train
1396,310,469,train
1397,198,231,train
1398,95,446,test
1399,292,682,test
1400,286,326,train
1401,713,523,train
1402,481,549,train
1403,713,741,test
1404,243,377,train
1405,202,502,train
1406,333,58,test
1407,54,244,train
1408,721,738,train
1409,587,57,train
1410,398,392,train
1411,455,564,train
1412,526,383,train
1413,418,767,train
1414,748,640,train
1415,670,13,test
1416,563,276,train
1417,756,569,test
1418,455,521,test
1419,52,565,test
1420,740,81,train
1421,488,288,train
1422,440,439,train
1423,251,170,train
1424,788,298,train
1425,743,245,train
1426,181,711,train
1427,700,466,test
1428,535,192,train
1429,323,215,train
1430,413,578,test
1431,350,238,train
1432,573,58,train
1433,665,100,train
1434,603,422,train
1435,38,408,train
1436,210,799,test
1437,138,539,train
1438,477,117,train
1439,309,497,train
1440,137,223,train
1441,34,526,train
1442,243,728,train
1443,466,375,train
1444,777,216,train
1445,723,726,train
1446,1,766,test
1447,668,560,train
1448,361,478,train
1449,607,343,train
1450,600,676,test
1451,424,736,test
1452,462,169,train
1453,447,374,train
1454,403,249,train
1455,449,517,train
1456,645,461,train
1457,615,590,train
1458,251,539,train
1459,56,138,train
1460,423,383,test
1461,467,506,train
1462,583,100,train
1463,263,330,train
1464,400,214,train
1465,662,115,train
1466,56,656,train
1467,559,342,test
1468,552,382,train
1469,799,701,test
1470,774,694,train
1471,649,17,train
1472,330,486,train
1473,216,584,train
1474,746,265,train
1475,779,467,test
1476,59,797,train
1477,298,324,train
1478,720,669,train
1479,718,675,train
1480,542,172,test
1481,338,492,train
1482,125,186,test
1483,557,795,train
1484,281,790,test
1485,518,776,train
1486,428,393,train
1487,734,26,train
1488,114,228,train
1489,306,477,train
1490,770,554,train
1491,520,371,train
1492,579,679,train
1493,726,48,train
1494,43,30,train
1495,14,612,train
1496,23,2,train
1497,762,104,train
1498,386,559,train
1499,230,120,train
1500,670,174,train
1501,788,586,test
1502,216,420,train
1503,432,484,train
1504,397,306,train
1505,226,126,train
1506,457,601,train
1507,369,63,test
1508,388,123,train
1509,21,518,test
1510,656,382,train
1511,217,250,train
1512,707,179,train
1513,702,456,train
1514,240,557,train
1515,62,154,train
1516,84,77,train
1517,622,741,train
1518,158,565,train
1519,158,651,train
1520,168,654,train
1521,527,237,test
1522,38,296,train
1523,211,17,train
1524,251,220,train
1525,625,280,train
1526,113,599,train
1527,53,330,train
1528,778,501,train
1529,134,234,train
1530,172,777,train
1531,15,253,train
1532,108,577,train
1533,614,352,test
1534,2,597,test
1535,143,459,train
1536,626,304,test
1537,316,141,train
1538,328,625,train
1539,282,535,test
1540,674,172,train
1541,29,113,test
1542,182,391,train
1543,752,357,train
1544,174,621,train
1545,391,102,train
1546,721,420,test
1547,239,191,train
1548,123,729,train
1549,642,9,train
1550,65,174,test
1551,417,708,train
1552,94,636,train
1553,659,769,train
1554,784,601,train
1555,113,541,test
1556,706,418,train
1557,23,635,train
1558,151,126,test
1559,44,304,train
1560,280,494,train
1561,323,391,train
1562,299,324,train
1563,182,126,train
1564,780,80,train
1565,255,130,test
1566,195,711,train
1567,725,729,test
1568,794,295,train
1569,486,683,train
1570,416,465,train
1571,175,68,train
1572,678,318,train
1573,76,451,train
1574,728,276,train
1575,624,562,train
1576,111,193,train
1577,216,128,test
1578,153,394,train
1579,291,656,train
1580,639,609,test
1581,705,738,train
1582,219,269,test
1583,534,40,train
1584,290,192,train
1585,546,179,train
1586,497,416,train
1587,480,427,train
1588,521,636,test
1589,109,389,train
1590,76,214,train
1591,242,584,train
1592,106,31,train
1593,358,86,test
1594,152,162,train
1595,714,206,train
1596,404,508,train
1597,223,696,train
1598,385,55,train
1599,54,626,train
1600,370,522,train
1601,434,487,train
1602,450,607,train
1603,505,289,train
1604,610,725,train
1605,55,91,train
1606,536,664,test
1607,784,743,train
1608,485,614,train
1609,221,266,train
1610,540,498,train
1611,474,286,train
1612,15,311,test
1613,635,231,train
1614,712,422,train
1615,177,24,train
1616,494,428,train
1617,504,97,train
1618,648,798,train
1619,767,789,train
1620,291,367,train
1621,658,266,train
1622,564,343,train
1623,688,627,train
1624,243,51,train
1625,2,560,train
1626,447,176,train
1627,357,429,train
1628,581,279,train
1629,515,87,test
1630,147,278,train
1631,375,677,train
1632,162,524,train
1633,197,333,train
1634,738,498,train
1635,160,199,train
1636,642,564,train
1637,122,570,train
1638,501,370,train
1639,83,412,train
1640,292,122,train
1641,654,459,train
1642,453,305,train
1643,171,258,test
1644,31,547,train
1645,321,453,train
1646,58,134,train
1647,535,158,train
1648,207,50,train
1649,443,623,train
1650,165,688,train
1651,564,791,train
1652,605,716,train
1653,534,268,train
1654,454,87,train
1655,283,305,train
1656,784,246,train
1657,737,730,train
1658,767,171,train
1659,681,484,train
1660,677,739,train
1661,290,601,train
1662,658,82,train
1663,661,283,test
1664,778,619,train
1665,155,378,train
1666,703,619,train
1667,488,687,train
1668,27,325,test
1669,681,646,train
1670,701,137,test
1671,143,42,train
1672,218,238,train
1673,314,673,train
1674,271,229,train
1675,193,210,train
1676,303,261,train
1677,246,592,train
1678,570,24,train
1679,463,4,train
1680,335,743,train
1681,405,232,train
1682,349,659,train
1683,71,16,train
1684,800,369,test
1685,312,478,train
1686,62,470,train
1687,760,150,test
1688,323,9,train
1689,792,126,train
1690,779,636,train
1691,203,672,train
1692,630,552,train
1693,568,462,train
1694,319,475,train
1695,107,773,train
1696,424,92,train
1697,421,58,test
1698,148,615,test
1699,239,338,train
1700,125,600,test
1701,265,784,train
1702,517,397,train
1703,672,768,train
1704,621,453,train
1705,568,726,train
1706,119,505,train
1707,358,707,train
1708,542,516,test
1709,87,356,train
1710,742,150,test
1711,397,311,test
1712,517,680,train
1713,228,43,test
1714,581,98,train
1715,289,549,train
1716,402,59,train
1717,722,746,test
1718,20,668,test
1719,288,540,test
1720,455,688,train
1721,242,739,train
1722,349,207,train
1723,694,136,train
1724,88,526,train
1725,543,682,test
1726,768,663,train
1727,291,242,train
1728,577,745,train
1729,378,28,test
1730,51,623,train
1731,666,102,train
1732,622,29,train
1733,221,366,train
1734,444,62,test
1735,577,742,train
1736,638,423,test
1737,69,508,train
1738,297,29,train
1739,565,311,train
1740,324,416,test
1741,764,503,test
1742,505,328,train
1743,590,256,train
1744,214,766,train
1745,720,642,test
1746,430,148,train
1747,81,267,train
1748,442,560,train
1749,710,202,train
1750,113,18,test
1751,627,613,train
1752,396,390,test
1753,36,445,train
1754,785,386,test
1755,31,6,train
1756,457,337,train
1757,457,54,train
1758,754,29,train
1759,435,503,train
1760,760,273,train
1761,368,253,train
1762,709,507,train
1763,131,343,train
1764,432,70,train
1765,437,229,train
1766,20,623,train
1767,336,434,train
1768,457,77,train
1769,703,250,train
1770,346,474,train
1771,570,135,test
1772,186,544,test
1773,108,99,train
1774,377,522,test
1775,512,557,train
1776,440,588,train
1777,24,799,train
1778,759,490,train
1779,756,727,train
1780,383,509,train
1781,257,447,test
1782,402,50,train
1783,330,665,test
1784,418,416,train
1785,131,221,train
1786,523,418,test
1787,367,256,test
1788,533,660,train
1789,163,524,train
1790,557,13,train
1791,161,34,test
1792,334,339,train
1793,695,759,train
1794,131,692,train
1795,796,234,train
1796,750,452,test
1797,71,749,test
1798,791,448,train
1799,525,796,train
1800,625,134,test
1801,105,473,train
1802,476,766,train
1803,315,16,train
1804,332,318,train
1805,381,150,train
1806,22,517,train
1807,398,561,test
1808,464,9,train
1809,617,75,train
1810,672,315,train
1811,123,680,train
1812,299,623,train
1813,767,37,train
1814,795,635,train
1815,699,534,train
1816,347,465,train
1817,346,658,train
1818,430,513,train
1819,189,366,train
1820,572,150,train
1821,588,234,test
1822,683,165,train
1823,40,672,train
1824,86,334,train
1825,737,480,train
1826,659,716,train
1827,159,377,test
1828,616,680,train
1829,766,234,train
1830,31,296,test
1831,691,442,test
1832,374,111,train
1833,645,722,train
1834,19,330,train
1835,444,168,train
1836,255,765,train
1837,190,411,train
1838,167,467,train
1839,638,736,train
1840,30,133,train
1841,345,797,train
1842,56,116,train
1843,121,397,train
1844,554,638,train
1845,755,54,train
1846,42,492,train
1847,503,706,train
1848,141,498,test
1849,428,662,train
1850,139,387,train
1851,557,4,train
1852,178,45,train
1853,194,28,train
1854,461,208,test
1855,352,522,train
1856,501,342,train
1857,730,338,train
1858,403,99,train
1859,534,19,train
1860,486,246,test
1861,632,44,train
1862,159,490,train
1863,288,633,train
1864,751,393,train
1865,691,226,train
1866,426,427,train
1867,488,83,train
1868,446,731,train
1869,41,75,test
1870,581,122,train
1871,346,269,train
1872,176,145,train
1873,454,469,train
1874,220,11,train
1875,474,433,train
1876,323,604,train
1877,362,41,test
1878,410,188,train
1879,193,225,train
1880,496,768,train
1881,517,303,train
1882,564,585,train
1883,386,632,train
1884,686,421,train
1885,576,20,train
1886,772,401,train
1887,361,24,train
1888,667,369,train
1889,1,153,train
1890,367,577,test
1891,361,686,train
1892,16,448,train
1893,377,339,train
1894,195,719,train
1895,269,716,train
1896,732,607,train
1897,287,699,train
1898,519,13,train
1899,36,404,train
1900,57,371,train
1901,6,460,train
1902,40,674,train
1903,366,23,train
1904,501,372,test
1905,96,205,train
1906,491,196,train
1907,520,184,train
1908,68,257,train
1909,730,141,test
1910,156,590,train
1911,649,589,train
1912,219,438,train
1913,93,41,test
1914,314,411,train
1915,472,483,train
1916,185,394,train
1917,738,627,test
1918,146,359,train
1919,81,612,test
1920,308,703,test
1921,643,565,train
1922,481,614,test
1923,13,153,train
1924,364,723,train
1925,250,673,train
1926,373,678,train
1927,306,38,train
1928,188,191,train
1929,746,516,train
1930,517,316,train
1931,443,204,train
1932,524,492,train
1933,432,610,test
1934,224,463,train
1935,335,206,train
1936,788,348,train
1937,529,4,train
1938,523,407,test
1939,526,643,train
1940,453,76,train
1941,212,29,test
1942,511,205,test
1943,335,300,train
1944,224,111,train
1945,485,201,train
1946,151,498,train
1947,735,220,train
1948,341,405,test
1949,692,123,train
1950,31,151,train
1951,335,406,test
1952,539,55,test
1953,773,744,train
1954,723,142,train
1955,344,465,test
1956,387,709,train
1957,346,201,train
1958,773,779,train
1959,599,480,test
1960,506,203,train
1961,469,393,train
1962,339,685,train
1963,41,317,train
1964,139,787,train
1965,455,168,train
1966,720,306,test
1967,362,523,train
1968,40,649,train
1969,57,404,train
1970,73,774,train
1971,248,574,train
1972,589,49,train
1973,58,680,test
1974,482,471,train
1975,400,88,train
1976,399,497,train
1977,593,682,train
1978,690,262,train
1979,64,583,train
1980,488,211,train
1981,109,676,train
1982,165,139,train
1983,250,72,train
1984,176,317,train
1985,243,426,train
1986,34,572,test
1987,534,79,train
1988,212,92,train
1989,260,534,train
1990,139,465,test
1991,405,338,train
1992,262,559,test
1993,161,771,train
1994,694,359,train
1995,430,543,train
1996,631,147,train
1997,587,315,train
1998,531,280,train
1999,62,755,test
2000,104,741,train
2001,304,779,train
2002,83,353,train
2003,341,567,train
2004,310,647,test
2005,132,76,train
2006,313,451,test
2007,203,162,test
2008,361,446,train
2009,759,109,train
2010,628,356,train
2011,269,494,test
2012,379,201,test
2013,60,270,train
2014,561,659,test
2015,378,323,train
2016,21,461,test
2017,731,494,train
2018,769,259,train
2019,494,384,train
2020,194,719,train
2021,690,68,train
2022,197,149,train
2023,559,704,train
2024,298,113,test
2025,477,619,train
2026,695,483,train
2027,534,487,train
2028,652,575,train
2029,640,165,train
2030,153,229,train
2031,484,123,train
2032,800,731,train
2033,45,149,train
2034,185,366,train
2035,474,510,train
2036,53,97,train
2037,282,124,train
2038,615,166,train
2039,369,679,train
2040,176,406,train
2041,476,422,train
2042,231,703,train
2043,367,746,train
2044,763,291,train
2045,535,239,train
2046,23,167,train
2047,464,131,test
2048,106,153,train
2049,798,726,train
2050,53,557,test
2051,447,52,test
2052,545,268,train
2053,469,662,test
2054,473,695,test
2055,671,796,train
2056,540,182,train
2057,157,774,train
2058,142,79,train
2059,308,580,train
2060,40,475,train
2061,736,29,train
2062,797,44,train
2063,41,470,train
2064,147,372,train
2065,297,316,train
2066,713,279,train
2067,635,394,train
2068,684,9,test
2069,345,116,train
2070,529,753,train
2071,724,639,train
2072,253,153,train
2073,467,287,train
2074,237,735,train
2075,174,262,train
2076,785,780,train
2077,25,5,test
2078,461,132,train
2079,520,395,train
2080,722,780,train
2081,596,561,test
2082,461,319,test
2083,424,660,train
2084,60,520,train
2085,690,653,test
2086,47,307,train
2087,664,223,train
2088,457,437,test
2089,540,445,train
2090,564,713,train
2091,552,517,train
2092,186,678,train
2093,372,165,train
2094,299,467,train
2095,26,659,train
2096,658,506,train
2097,628,225,train
2098,295,628,train
2099,228,778,train
2100,210,577,train
2101,193,308,train
2102,624,622,train
2103,50,512,train
2104,594,626,train
2105,683,194,train
2106,642,740,train
2107,194,687,train
2108,375,53,train
2109,613,293,train
2110,795,515,train
2111,391,195,train
2112,485,680,train
2113,220,619,train
2114,748,272,train
2115,694,319,train
2116,625,519,train
2117,493,747,train
2118,779,344,train
2119,371,63,train
2120,412,43,test
2121,330,583,train
2122,494,86,train
2123,533,559,train
2124,332,353,train
2125,193,135,train
2126,133,579,train
2127,745,542,test
2128,490,460,test
2129,553,660,train
2130,328,789,train
2131,678,334,test
2132,583,476,train
2133,549,707,test
2134,255,625,train
2135,513,540,train
2136,792,255,train
2137,92,364,test
2138,513,290,train
2139,254,58,train
2140,49,307,train
2141,608,47,train
2142,313,512,test
2143,191,234,train
2144,628,201,train
2145,104,118,train
2146,81,771,train
2147,580,567,train
2148,729,552,train
2149,383,328,train
2150,584,285,train
2151,323,185,test
2152,388,100,train
2153,103,654,train
2154,413,347,train
2155,286,344,train
2156,266,247,train
2157,24,308,train
2158,289,105,train
2159,174,482,train
2160,101,401,train
2161,139,797,test
2162,26,259,test
2163,738,546,train
2164,232,523,train
2165,31,750,train
2166,319,82,train
2167,366,177,train
2168,601,29,train
2169,223,591,train
2170,553,346,train
2171,18,789,train
2172,372,72,train
2173,672,765,train
2174,651,617,train
2175,67,370,train
2176,52,190,train
2177,783,37,train
2178,586,444,test
2179,113,166,train
2180,201,257,train
2181,48,742,train
2182,348,243,train
2183,357,448,train
2184,510,58,train
2185,211,317,train
2186,639,240,train
2187,289,148,train
2188,697,148,train
2189,615,153,train
2190,239,206,test
2191,539,109,train
2192,116,470,train
2193,787,685,train
2194,211,404,train
2195,248,273,test
2196,355,602,train
2197,193,472,train
2198,669,147,train
2199,465,604,train
2200,326,550,train
2201,251,192,test
2202,424,461,train
2203,379,685,train
2204,367,549,train
2205,610,382,train
2206,498,119,train
2207,52,544,train
2208,561,550,train
2209,794,31,train
2210,565,692,train
2211,139,755,train
2212,180,338,train
2213,258,262,test
2214,399,714,train
2215,591,486,train
2216,557,378,train
2217,541,742,train
2218,538,5,test
2219,155,212,test
2220,113,262,test
2221,737,59,test
2222,37,679,train
2223,231,581,train
2224,739,541,train
2225,240,500,train
2226,275,147,train
2227,194,427,train
2228,513,627,train
2229,701,719,train
2230,691,134,train
2231,253,558,train
2232,512,727,train
2233,87,397,test
2234,554,143,train
2235,622,54,train
2236,64,403,test
2237,19,603,train
2238,305,603,train
2239,152,686,train
2240,341,194,train
2241,459,665,train
2242,456,766,train
2243,547,795,train
2244,331,715,train
2245,331,245,train
2246,414,301,test
2247,701,467,test
2248,205,576,train
2249,699,705,train
2250,356,576,train
2251,243,196,train
2252,184,115,train
2253,255,103,test
2254,669,392,train
2255,158,780,train
2256,460,403,train
2257,564,284,train
2258,146,196,train
2259,673,679,train
2260,59,714,train
2261,176,155,train
2262,437,181,train
2263,110,253,test
2264,640,324,train
2265,429,530,train
2266,445,569,train
2267,740,648,test
2268,553,208,train
2269,585,512,test
2270,387,245,train
2271,746,374,train
2272,564,610,train
2273,448,567,train
2274,582,84,train
2275,212,74,train
2276,711,543,test
2277,221,796,train
2278,70,637,train
2279,547,114,train
2280,59,548,train
2281,716,208,train
2282,238,763,train
2283,314,160,train
2284,726,14,train
2285,450,63,train
2286,428,734,test
2287,663,578,train
2288,432,225,train
2289,600,105,train
2290,478,302,test
2291,397,793,train
2292,430,228,train
2293,517,485,train
2294,432,418,train
2295,177,258,train
2296,212,169,test
2297,237,800,test
2298,562,134,train
2299,340,254,train
2300,26,430,test
2301,134,639,train
2302,373,780,train
2303,264,364,test
2304,17,572,train
2305,638,585,train
2306,751,203,test
2307,540,257,train
2308,653,134,train
2309,669,99,train
2310,172,214,test
2311,378,420,train
2312,199,376,test
2313,504,605,train
2314,617,135,train
2315,313,138,train
2316,79,212,train
2317,249,684,train
2318,641,288,train
2319,303,638,train
2320,492,553,train
2321,694,543,train
2322,430,131,train
2323,247,791,train
2324,744,401,train
2325,565,170,train
2326,328,393,train
2327,791,139,train
2328,310,641,test
2329,256,85,train
2330,582,388,train
2331,79,103,train
2332,235,767,train
2333,742,162,train
2334,769,2,train
2335,477,743,train
2336,724,552,test
2337,312,501,test
2338,296,378,train
2339,746,337,train
2340,29,495,train
2341,67,532,test
2342,55,431,train
2343,607,737,test
2344,593,221,train
2345,474,716,train
2346,792,370,train
2347,149,461,test
2348,338,774,train
2349,113,282,test
2350,114,531,test
2351,224,63,train
2352,735,243,train
2353,733,439,train
2354,397,735,train
2355,87,333,train
2356,584,697,train
2357,277,560,test
2358,646,510,train
2359,627,563,train
2360,225,470,test
2361,734,446,test
2362,473,650,train
2363,642,124,train
2364,51,240,train
2365,186,39,train
2366,399,599,test
2367,708,104,train
2368,574,1,train
2369,720,425,train
2370,82,333,train
2371,336,449,test
2372,582,751,train
2373,575,679,train
2374,223,211,train
2375,345,280,test
2376,524,23,train
2377,136,23,train
2378,496,689,train
2379,271,773,train
2380,766,184,train
2381,214,281,train
2382,243,616,test
2383,573,100,train
2384,575,170,train
2385,299,600,train
2386,437,53,train
2387,140,554,train
2388,306,704,train
2389,251,306,train
2390,346,704,test
2391,445,104,train
2392,120,603,train
2393,153,30,test
2394,497,409,train
2395,540,515,train
2396,760,790,train
2397,248,546,test
2398,118,305,test
2399,458,666,train
2400,462,718,train
2401,767,491,train
2402,427,264,train
2403,96,315,test
2404,21,449,train
2405,559,6,test
2406,70,757,test
2407,409,206,test
2408,495,154,test
2409,49,544,train
2410,74,59,train
2411,584,780,train
2412,52,611,train
2413,540,380,train
2414,391,238,train
2415,126,266,train
2416,14,175,train
2417,340,692,train
2418,711,212,train
2419,482,603,train
2420,64,485,train
2421,746,393,train
2422,754,551,train
2423,694,277,train
2424,450,680,train
2425,188,541,test
2426,705,35,test
2427,737,168,train
2428,457,486,train
2429,138,703,train
2430,180,663,train
2431,634,317,train
2432,337,714,train
2433,434,472,train
2434,483,470,train
2435,147,158,train
2436,344,527,train
2437,473,341,train
2438,186,182,train
2439,531,22,train
2440,648,282,train
2441,797,480,test
2442,521,516,train
2443,519,358,train
2444,730,107,train
2445,23,25,train
2446,87,270,test
2447,789,200,train
2448,193,261,train
2449,778,25,train
2450,96,57,train
2451,691,396,train
2452,50,482,train
2453,340,558,train
2454,203,597,train
2455,369,602,train
2456,592,746,train
2457,135,317,train
2458,569,681,train
2459,558,259,test
2460,253,91,train
2461,634,657,train
2462,7,240,test
2463,220,63,train
2464,696,250,train
2465,97,80,train
2466,380,746,train
2467,343,308,train
2468,403,214,test
2469,70,542,train
2470,199,491,train
2471,96,147,test
2472,461,718,train
2473,379,209,train
2474,582,564,train
2475,233,123,train
2476,121,485,test
2477,745,435,train
2478,587,550,train
2479,597,662,train
2480,427,188,test
2481,720,243,train
2482,755,245,test
2483,428,692,test
2484,418,763,train
2485,579,154,train
2486,515,186,train
2487,99,32,train
2488,167,307,test
2489,729,428,train
2490,118,226,test
2491,438,59,train
2492,405,336,train
2493,566,401,train
2494,229,798,train
2495,799,91,train
2496,93,797,test
2497,132,185,train
2498,85,195,train
2499,241,153,test
2500,72,688,train
2501,258,98,train
2502,577,780,train
2503,29,471,train
2504,225,451,train
2505,226,471,train
2506,55,259,train
2507,146,668,train
2508,318,347,train
2509,472,661,train
2510,546,224,train
2511,676,665,train
2512,381,272,test
2513,102,192,train
2514,765,463,test
2515,302,228,train
2516,778,373,test
2517,60,18,train
2518,102,493,train
2519,692,383,train
2520,110,388,test
2521,30,241,train
2522,272,774,test
2523,22,700,test
2524,83,582,train
2525,6,224,train
2526,784,177,train
2527,136,308,test
2528,10,630,train
2529,755,574,train
2530,463,636,train
2531,190,244,train
2532,619,654,train
2533,80,295,train
2534,38,485,train
2535,286,309,train
2536,700,230,test
2537,764,712,train
2538,457,318,train
2539,411,482,train
2540,279,14,train
2541,193,347,test
2542,781,225,train
2543,109,223,test
2544,450,110,train
2545,774,118,train
2546,351,587,train
2547,706,492,test
2548,72,229,train
2549,696,31,train
2550,536,304,train
2551,15,774,train
2552,310,407,train
2553,554,436,train
2554,270,364,train
2555,399,548,train
2556,538,413,train
2557,566,47,train
2558,534,197,train
2559,84,604,train
2560,573,575,train
2561,26,259,test
2562,227,420,train
2563,548,614,train
2564,80,598,train
2565,500,696,train
2566,88,512,train
2567,284,365,test
2568,273,215,train
2569,53,590,train
2570,130,209,train
2571,278,327,train
2572,441,361,test
2573,794,412,train
2574,297,215,train
2575,27,717,test
2576,739,373,train
2577,401,312,train
2578,55,457,train
2579,22,615,train
2580,208,688,train
2581,678,584,train
2582,364,515,test
2583,614,32,train
2584,418,559,train
2585,699,424,train
2586,112,583,test
2587,264,794,train
2588,231,97,train
2589,542,238,train
2590,447,528,test
2591,58,165,train
2592,314,417,test
2593,588,43,train
2594,623,101,train
2595,379,732,test
2596,260,70,test
2597,692,446,train
2598,140,27,train
2599,67,168,train
2600,164,531,train
2601,785,617,train
2602,378,465,train
2603,105,450,train
2604,415,758,train
2605,16,692,test
2606,644,184,train
2607,626,663,test
2608,565,775,test
2609,510,296,train
2610,359,546,train
2611,383,629,train
2612,465,204,train
2613,423,585,train
2614,174,690,train
2615,374,149,train
2616,420,433,train
2617,589,485,test
2618,700,617,train
2619,8,443,train
2620,162,437,train
2621,704,266,train
2622,673,431,train
2623,45,460,train
2624,590,168,train
2625,301,39,train
2626,299,643,train
2627,120,674,train
2628,349,409,train
2629,175,228,train
2630,647,760,train
2631,518,127,test
2632,670,223,train
2633,179,56,test
2634,96,591,train
2635,627,663,train
2636,568,95,test
2637,37,698,train
2638,106,408,train
2639,334,644,train
2640,125,741,train
2641,467,477,train
2642,415,623,train
2643,783,498,train
2644,470,5,train
2645,329,246,test
2646,279,262,test
2647,729,176,test
2648,75,104,test
2649,237,96,train
2650,566,7,train
2651,91,117,train
2652,204,275,train
2653,471,19,train
2654,38,384,test
2655,404,348,train
2656,628,661,train
2657,274,401,train
2658,217,32,train
2659,341,474,test
2660,505,285,train
2661,272,280,test
2662,695,154,train
2663,726,558,train
2664,624,185,test
2665,26,93,train
2666,781,753,train
2667,644,386,train
2668,309,601,test
2669,496,762,train
2670,312,503,train
2671,418,409,train
2672,297,210,train
2673,734,441,train
2674,40,715,train
2675,7,328,train
2676,263,58,train
2677,372,426,train
2678,74,393,train
2679,64,425,test
2680,62,127,test
2681,259,99,test
2682,57,626,train
2683,198,50,train
2684,580,464,train
2685,504,499,train
2686,666,91,train
2687,112,737,train
2688,386,494,train
2689,753,588,train
2690,89,110,train
2691,338,465,train
2692,777,726,train
2693,462,628,train
2694,20,50,train
2695,202,326,train
2696,162,23,train
2697,149,133,train
2698,349,251,test
2699,768,39,train
2700,521,738,train
2701,353,213,train
2702,297,255,train
2703,333,340,test
2704,450,119,test
2705,470,351,train
2706,594,634,test
2707,451,2,train
2708,6,299,train
2709,13,642,train
2710,603,742,train
2711,570,258,train
2712,121,631,train
2713,438,358,train
2714,242,685,train
2715,331,82,train
2716,306,563,train
2717,223,665,train
2718,548,480,train
2719,339,217,train
2720,742,505,train
2721,336,733,train
2722,212,586,test
2723,53,599,train
2724,257,96,train
2725,397,110,train
2726,505,794,train
2727,118,735,train
2728,41,80,train
2729,314,132,test
2730,532,130,train
2731,295,272,train
2732,453,366,train
2733,289,767,train
2734,437,791,train
2735,411,92,train
2736,570,114,train
2737,781,373,train
2738,163,566,train
2739,685,24,train
2740,133,567,train
2741,83,452,train
2742,573,568,train
2743,257,111,train
2744,435,186,train
2745,359,18,train
2746,786,671,train
2747,332,449,train
2748,53,687,train
2749,169,240,train
2750,785,796,train
2751,550,199,train
2752,365,362,train
2753,553,718,train
2754,601,393,train
2755,430,684,test
2756,156,13,test
2757,221,467,train
2758,446,644,train
2759,47,81,train
2760,416,527,train
2761,762,785,train
2762,571,225,train
2763,180,569,train
2764,697,464,train
2765,368,7,test
2766,554,37,train
2767,366,410,train
2768,597,725,train
2769,389,411,train
2770,540,390,train
2771,359,383,train
2772,785,81,train
2773,232,26,train
2774,644,25,train
2775,117,744,train
2776,150,28,train
2777,571,537,test
2778,615,706,test
2779,516,736,test
2780,230,458,test
2781,292,201,train
2782,190,384,test
2783,583,730,train
2784,683,347,train
2785,344,562,train
2786,49,249,train
2787,795,234,train
2788,673,515,train
2789,190,755,train
2790,639,45,test
2791,208,333,train
2792,273,39,train
2793,177,744,train
2794,544,192,test
2795,11,80,train
2796,280,24,train
2797,355,625,train
2798,264,693,train
2799,238,310,train
2800,391,667,train
2801,596,682,train
2802,559,85,train
2803,37,248,train
2804,89,657,test
2805,608,98,test
2806,107,155,test
2807,299,254,train
2808,355,525,train
2809,645,474,train
2810,331,619,train
2811,226,423,train
2812,746,400,train
2813,134,286,train
2814,31,427,train
2815,16,411,test
2816,602,364,train
2817,367,458,train
2818,715,385,train
2819,200,45,train
2820,490,752,train
2821,574,489,train
2822,383,359,train
2823,428,353,train
2824,380,404,train
2825,272,698,test
2826,37,601,train
2827,701,301,train
2828,754,334,test
2829,553,633,test
2830,348,450,train
2831,502,485,train
2832,673,493,train
2833,8,243,train
2834,567,463,train
2835,564,352,train
2836,611,248,train
2837,619,388,train
2838,707,637,train
2839,38,388,train
2840,340,114,test
2841,560,406,test
2842,232,579,test
2843,62,500,test
2844,194,577,train
2845,124,512,train
2846,500,147,train
2847,329,173,test
2848,151,678,train
2849,633,576,train
2850,226,52,train
2851,629,631,train
2852,73,141,test
2853,402,396,test
2854,252,373,train
2855,702,733,train
2856,683,207,train
2857,764,748,train
2858,76,376,train
2859,208,769,train
2860,281,64,train
2861,580,637,train
2862,686,659,train
2863,264,16,train
2864,291,648,train
2865,463,627,train
2866,501,485,train
2867,99,486,train
2868,24,186,train
2869,410,267,train
2870,125,218,train
2871,558,521,train
2872,383,184,train
2873,200,2,train
2874,671,611,train
2875,567,526,train
2876,561,646,test
2877,204,323,train
2878,219,554,test
2879,417,604,test
2880,695,712,train
2881,719,257,train
2882,736,155,train
2883,699,314,train
2884,639,627,train
2885,43,291,train
2886,37,100,train
2887,297,372,train
2888,159,617,test
2889,175,635,train
2890,267,502,test
2891,542,349,train
2892,24,735,train
2893,429,69,train
2894,674,791,train
2895,255,779,test
2896,331,303,test
2897,426,370,train
2898,130,748,train
2899,261,101,train
2900,626,155,train
2901,375,299,train
2902,600,503,train
2903,211,221,train
2904,625,646,train
2905,401,261,test
2906,603,230,train
2907,221,722,test
2908,455,757,train
2909,36,317,train
2910,484,109,train
2911,547,358,train
2912,302,19,train
2913,327,65,train
2914,390,644,train
2915,7,293,test
2916,602,223,train
2917,390,137,train
2918,548,780,train
2919,128,262,train
2920,251,539,train
2921,150,385,train
2922,413,335,test
2923,354,227,train
2924,729,425,train
2925,776,245,train
2926,559,609,test
2927,248,168,train
2928,201,586,train
2929,744,261,test
2930,506,695,test
2931,178,750,train
2932,736,159,test
2933,361,362,train
2934,524,159,test
2935,531,277,test
2936,154,248,train
2937,711,499,train
2938,94,138,test
2939,708,308,test
2940,375,508,test
2941,68,592,test
2942,438,169,train
2943,398,617,train
2944,291,538,train
2945,462,446,train
2946,264,76,train
2947,649,299,train
2948,734,133,train
2949,54,150,train
2950,580,228,train
2951,438,472,train
2952,660,177,test
2953,793,715,train
2954,387,534,train
2955,411,154,train
2956,604,544,train
2957,414,32,test
2958,268,744,train
2959,21,364,train
2960,340,671,train
2961,226,180,train
2962,381,779,train
2963,463,308,test
2964,459,157,train
2965,379,42,train
2966,369,581,train
2967,576,600,train
2968,745,88,test
2969,363,73,train
2970,280,455,test
2971,759,85,train
2972,300,111,train
2973,392,261,test
2974,658,353,test
2975,512,292,train
2976,601,372,test
2977,540,538,test
2978,101,546,train
2979,527,201,train
2980,704,442,train
2981,426,793,train
2982,721,712,train
2983,687,305,train
2984,744,91,train
2985,321,409,train
2986,162,625,train
2987,109,158,test
2988,275,373,train
2989,63,671,train
2990,234,199,train
2991,510,637,test
2992,587,762,train
2993,442,440,train
2994,522,237,train
2995,490,594,train
2996,397,194,train
2997,172,131,test
2998,214,648,train
2999,621,450,train
3000,279,193,train
3001,186,528,train
3002,98,333,train
3003,518,113,test
3004,447,416,test
3005,558,227,train
3006,339,264,test
3007,59,725,test
3008,679,461,train
3009,298,557,train
3010,436,353,train
3011,281,57,train
3012,302,660,train
3013,142,743,train
3014,528,793,train
3015,299,80,train
3016,74,417,train
3017,722,92,train
3018,560,502,train
3019,705,134,train
3020,794,208,train
3021,773,481,train
3022,798,243,train
3023,311,752,train
3024,314,604,train
3025,353,284,test
3026,595,707,test
3027,149,623,train
3028,686,509,train
3029,175,36,train
3030,195,756,train
3031,290,2,test
3032,608,26,train
3033,16,56,train
3034,284,117,test
3035,734,237,train
3036,149,252,test
3037,202,204,test
3038,290,288,train
3039,529,775,train
3040,475,405,train
3041,131,212,train
3042,286,460,train
3043,458,553,test
3044,354,133,train
3045,49,700,train
3046,174,694,test
3047,6,548,train
3048,121,338,train
3049,736,367,test
3050,147,394,train
3051,762,370,train
3052,589,348,train
3053,7,799,train
3054,492,258,test
3055,636,307,train
3056,710,366,test
3057,199,1,train
3058,519,368,train
3059,402,633,train
3060,191,757,train
3061,80,251,train
3062,737,262,train
3063,590,216,train
3064,680,459,train
3065,23,433,train
3066,390,332,train
3067,365,681,train
3068,281,252,train
3069,495,454,test
3070,784,790,train
3071,518,612,train
3072,67,44,test
3073,279,368,test
3074,623,407,train
3075,484,459,train
3076,221,476,train
3077,425,94,train
3078,113,329,test
3079,772,761,test
3080,325,114,train
3081,137,85,test
3082,574,761,train
3083,29,307,train
3084,204,481,train
3085,180,256,train
3086,103,653,test
3087,123,539,train
3088,684,534,train
3089,666,516,test
3090,192,482,train
3091,239,589,train
3092,25,586,train
3093,54,358,train
3094,544,668,train
3095,492,611,test
3096,216,625,train
3097,471,178,train
3098,179,765,test
3099,647,277,train
3100,611,352,test
3101,314,309,train
3102,686,41,train
3103,456,223,train
3104,626,266,train
3105,233,705,train
3106,258,715,test
3107,185,316,train
3108,376,586,train
3109,366,675,test
3110,682,323,train
3111,545,439,train
3112,401,342,train
3113,58,332,train
3114,315,244,test
3115,756,304,test
3116,698,510,train
3117,122,390,train
3118,667,11,test
3119,393,636,test
3120,582,773,train
3121,483,71,train
3122,584,757,test
3123,247,653,train
3124,165,784,train
3125,147,793,test
3126,768,274,train
3127,173,680,train
3128,578,235,train
3129,433,639,test
3130,172,794,train
3131,543,423,train
3132,110,542,train
3133,698,668,train
3134,363,615,test
3135,31,422,train
3136,5,412,train
3137,463,668,train
3138,508,53,train
3139,530,291,train
3140,484,175,train
3141,200,40,train
3142,675,22,test
3143,30,662,test
3144,310,726,train
3145,461,531,train
3146,784,473,test
3147,693,333,train
3148,234,202,train
3149,120,389,train
3150,119,545,train
3151,142,83,train
3152,585,323,test
3153,310,414,train
3154,712,49,train
3155,27,282,train
3156,404,426,test
3157,644,620,train
3158,257,168,train
3159,26,699,train
3160,631,157,train
3161,94,216,train
3162,294,418,train
3163,86,793,train
3164,192,18,train
3165,786,295,train
3166,320,77,train
3167,723,786,train
3168,31,226,train
3169,428,48,test
3170,378,674,test
3171,72,387,train
3172,196,693,train
3173,424,799,test
3174,246,428,test
3175,157,261,test
3176,588,372,train
3177,503,181,train
3178,787,34,test
3179,490,619,train
3180,784,535,train
3181,4,719,train
3182,381,89,train
3183,584,239,train
3184,298,124,train
3185,575,689,train
3186,758,787,train
3187,770,50,test
3188,223,284,train
3189,202,276,train
3190,565,288,test
3191,311,684,train
3192,77,374,test
3193,138,468,train
3194,246,142,train
3195,647,645,train
3196,110,659,train
3197,615,309,train
3198,791,745,train
3199,792,59,train
3200,36,83,train
3201,346,611,train
3202,7,599,train
3203,27,665,train
3204,116,501,train
3205,65,379,train
3206,64,470,train
3207,786,735,train
3208,710,22,train
3209,327,59,train
3210,674,590,train
3211,346,105,train
3212,207,386,test
3213,607,356,test
3214,632,579,train
3215,349,282,train
3216,211,497,train
3217,763,162,train
3218,742,580,train
3219,41,407,train
3220,373,157,test
3221,462,522,train
3222,372,728,train
3223,212,220,train
3224,137,15,train
3225,349,117,train
3226,614,411,train
3227,137,733,train
3228,189,83,test
3229,277,451,train
3230,565,616,train
3231,500,698,train
3232,266,690,train
3233,91,57,train
3234,444,604,train
3235,252,413,train
3236,675,233,train
3237,490,63,train
3238,524,771,train
3239,537,300,train
3240,576,520,train
3241,2,101,train
3242,610,5,test
3243,21,504,train
3244,260,480,train
3245,776,436,train
3246,391,747,train
3247,534,741,train
3248,262,546,train
3249,768,680,test
3250,41,662,train
3251,85,719,train
3252,51,358,train
3253,169,541,train
3254,26,19,train
3255,731,203,train
3256,592,251,train
3257,780,43,train
3258,41,17,test
3259,604,653,train
3260,501,332,train
3261,699,387,train
3262,169,205,test
3263,413,79,train
3264,366,44,train
3265,213,297,train
3266,745,267,train
3267,112,508,train
3268,642,16,train
3269,77,290,train
3270,743,591,test
3271,796,87,train
3272,759,217,train
3273,94,564,train
3274,198,189,train
3275,272,290,train
3276,7,438,test
3277,488,409,train
3278,149,589,train
3279,216,399,train
3280,45,205,test
3281,37,604,test
3282,308,96,train
3283,690,389,train
3284,22,395,train
3285,289,2,train
3286,107,536,train
3287,513,623,train
3288,576,494,train
3289,227,454,train
3290,456,682,test
3291,734,229,test
3292,230,433,train
3293,149,631,train
3294,54,72,test
3295,49,241,train
3296,159,4,test
3297,705,677,train
3298,591,194,test
3299,246,741,train
3300,397,442,train
3301,200,278,train
3302,335,502,train
3303,133,534,train
3304,617,494,test
3305,129,162,test
3306,318,653,test
3307,339,715,train
3308,577,757,test
3309,201,231,train
3310,232,557,train
3311,35,433,train
3312,520,632,train
3313,572,325,train
3314,438,781,train
3315,732,729,train
3316,26,36,train
3317,255,549,train
3318,380,27,train
3319,10,766,test
3320,170,426,train
3321,798,114,train
3322,637,712,train
3323,699,475,train
3324,649,216,train
3325,759,116,train
3326,684,16,train
3327,551,650,train
3328,83,163,train
3329,779,737,train
3330,147,244,test
3331,372,135,train
3332,314,95,train
3333,499,154,train
3334,69,113,train
3335,609,289,test
3336,271,360,train
3337,786,246,test
3338,385,402,train
3339,317,367,train
3340,791,790,train
3341,91,731,train
3342,447,278,train
3343,35,101,train
3344,407,766,train
3345,623,245,test
3346,296,74,train
3347,82,149,test
3348,248,471,test
3349,151,254,test
3350,616,196,train
3351,151,641,train
3352,300,100,train
3353,398,605,test
3354,767,407,train
3355,685,222,train
3356,683,65,train
3357,465,641,train
3358,507,644,train
3359,401,575,train
3360,367,270,train
3361,393,24,train
3362,50,315,train
3363,590,652,test
3364,207,194,train
3365,94,729,test
3366,400,508,train
3367,284,34,test
3368,739,126,train
3369,317,56,train
3370,193,685,train
3371,562,520,train
3372,113,439,train
3373,409,588,train
3374,414,264,train
3375,376,578,train
3376,293,216,train
3377,502,361,train
3378,231,170,train
3379,367,326,test
3380,649,671,test
3381,678,244,train
3382,592,517,train
3383,445,217,test
3384,706,41,train
3385,622,303,test
3386,463,80,train
3387,204,323,train
3388,628,719,train
3389,576,361,test
3390,555,142,train
3391,235,600,train
3392,55,228,train
3393,749,587,train
3394,472,69,train
3395,526,728,train
3396,705,383,train
3397,501,302,test
3398,411,56,train
3399,551,136,train
3400,182,407,train
3401,687,617,train
3402,547,122,test
3403,147,700,test
3404,318,533,train
3405,242,709,train
3406,710,448,train
3407,79,213,test
3408,237,592,train
3409,369,129,train
3410,253,746,train
3411,2,609,train
3412,494,678,train
3413,450,554,train
3414,68,788,train
3415,462,272,train
3416,18,350,train
3417,415,411,train
3418,115,145,train
3419,535,94,train
3420,11,608,test
3421,571,54,train
3422,129,480,train
3423,610,588,train
3424,595,715,test
3425,177,485,train
3426,52,482,train
3427,223,788,train
3428,793,772,train
3429,658,613,train
3430,692,60,train
3431,763,640,train
3432,726,113,train
3433,371,7,train
3434,727,316,train
3435,793,621,train
3436,448,231,train
3437,130,286,train
3438,184,440,test
3439,13,166,test
3440,489,436,train
3441,424,204,test
3442,160,455,train
3443,103,149,train
3444,355,109,train
3445,407,604,test
3446,695,594,train
3447,719,200,train
3448,93,443,train
3449,502,529,test
3450,298,28,test
3451,521,577,train
3452,654,715,train
3453,432,57,train
3454,697,133,train
3455,332,524,train
3456,510,794,train
3457,311,243,test
3458,309,624,test
3459,758,162,train
3460,50,696,train
3461,104,130,test
3462,394,630,test
3463,125,404,train
3464,323,333,test
3465,76,584,train
3466,466,503,test
3467,232,738,test
3468,319,62,train
3469,592,115,train
3470,224,13,train
3471,261,394,train
3472,455,52,train
3473,178,260,test
3474,80,617,train
3475,98,754,train
3476,211,270,train
3477,294,616,test
3478,487,692,train
3479,487,353,train
3480,169,244,train
3481,732,211,train
3482,216,319,train
3483,399,285,train
3484,128,669,train
3485,282,724,train
3486,674,145,train
3487,77,292,test
3488,576,215,train
3489,230,208,train
3490,788,326,train
3491,681,41,train
3492,325,628,train
3493,755,493,train
3494,301,713,test
3495,404,187,train
3496,28,410,train
3497,10,581,train
3498,50,139,train
3499,278,431,train
3500,644,636,train
3501,4,265,train
3502,39,228,train
3503,50,207,train
3504,308,606,test
3505,431,617,train
3506,164,757,train
3507,767,571,train
3508,634,742,train
3509,623,42,train
3510,114,451,train
3511,289,798,train
3512,332,744,train
3513,265,354,train
3514,640,434,test
3515,521,553,train
3516,22,465,test
3517,675,360,train
3518,168,226,train
3519,233,314,train
3520,576,676,train
3521,281,557,train
3522,779,571,train
3523,408,108,train
3524,193,632,train
3525,151,197,train
3526,599,761,train
3527,625,77,train
3528,695,597,train
3529,89,102,train
3530,353,170,train
3531,140,707,train
3532,703,316,train
3533,664,597,train
3534,669,434,train
3535,604,411,train
3536,214,231,train
3537,682,329,train
3538,95,192,train
3539,625,410,train
3540,228,665,train
3541,108,570,train
3542,247,75,train
3543,256,552,train
3544,283,331,train
3545,638,440,test
3546,671,783,train
3547,627,52,train
3548,542,582,train
3549,622,584,train
3550,598,50,train
3551,431,405,train
3552,679,175,train
3553,692,301,train
3554,382,208,train
3555,654,287,train
3556,100,416,train
3557,622,296,train
3558,719,425,train
3559,790,526,train
3560,253,141,train
3561,306,438,test
3562,59,22,train
3563,364,466,test
3564,455,685,train
3565,84,44,train
3566,517,785,train
3567,211,352,train
3568,329,568,train
3569,657,263,train
3570,388,404,train
3571,372,148,train
3572,153,406,test
3573,470,370,train
3574,54,153,train
3575,487,248,train
3576,620,599,train
3577,161,634,train
3578,736,82,test
3579,527,330,train
3580,797,431,train
3581,6,288,train
3582,790,346,train
3583,169,41,train
3584,488,621,train
3585,389,791,train
3586,572,461,train
3587,550,214,train
3588,276,377,train
3589,163,680,train
3590,600,44,train
3591,788,652,train
3592,630,121,train
3593,704,156,train
3594,463,3,train
3595,61,509,train
3596,565,160,train
3597,149,456,train
3598,712,752,train
3599,771,687,train
3600,439,175,train
3601,485,112,train
3602,171,793,train
3603,649,204,test
3604,743,288,train
3605,272,381,test
3606,356,74,train
3607,784,131,train
3608,439,490,train
3609,439,36,train
3610,220,53,train
3611,59,487,test
3612,657,260,train
3613,507,302,train
3614,522,73,train
3615,344,416,train
3616,353,230,train
3617,465,241,test
3618,253,462,train
3619,22,640,train
3620,131,214,test
3621,38,542,train
3622,141,483,train
3623,346,89,train
3624,8,559,train
3625,48,108,train
3626,114,75,train
3627,536,25,train
3628,558,453,train
3629,225,644,train
3630,677,632,test
3631,193,773,test
3632,711,312,test
3633,529,83,train
3634,800,54,test
3635,276,768,train
3636,687,195,train
3637,465,122,train
3638,788,610,train
3639,643,317,train
3640,261,14,test
3641,414,72,train
3642,460,412,train
3643,31,275,train
3644,167,316,train
3645,413,445,train
3646,299,105,train
3647,2,788,train
3648,410,330,train
3649,670,89,train
3650,334,470,test
3651,376,786,train
3652,568,89,train
3653,654,444,train
3654,352,354,train
3655,612,13,train
3656,96,384,test
3657,521,437,test
3658,553,160,test
3659,31,14,test
3660,719,338,train
3661,565,586,train
3662,646,161,train
3663,769,130,train
3664,118,456,train
3665,287,423,train
3666,671,455,train
3667,369,544,train
3668,369,317,train
3669,583,517,train
3670,792,635,test
3671,638,507,train
3672,191,209,train
3673,539,135,test
3674,27,360,test
3675,40,467,train
3676,294,305,train
3677,561,299,train
3678,650,387,train
3679,257,390,train
3680,420,529,train
3681,519,621,train
3682,581,40,train
3683,198,339,train
3684,449,304,train
3685,191,11,test
3686,160,402,test
3687,5,69,train
3688,334,711,test
3689,642,509,train
3690,785,194,train
3691,696,20,train
3692,91,447,train
3693,196,644,train
3694,104,501,train
3695,196,431,train
3696,702,34,train
3697,187,501,train
3698,409,480,train
3699,689,32,train
3700,318,211,train
3701,267,120,test
3702,592,566,train
3703,716,194,train
3704,185,675,train
3705,299,11,train
3706,219,586,train
3707,335,800,train
3708,412,283,train
3709,269,250,train
3710,696,416,train
3711,610,676,train
3712,506,760,test
3713,298,316,test
3714,672,97,train
3715,547,107,train
3716,42,732,train
3717,634,452,train
3718,305,215,train
3719,393,2,train
3720,215,348,train
3721,212,342,train
3722,460,267,train
3723,635,361,train
3724,428,385,train
3725,92,151,train
3726,768,310,train
3727,478,250,train
3728,652,158,train
3729,410,494,train
3730,522,384,test
3731,81,534,train
3732,246,715,train
3733,519,7,train
3734,299,722,train
3735,226,4,train
3736,558,764,train
3737,233,229,train
3738,789,736,train
3739,312,215,train
3740,495,604,train
3741,127,680,test
3742,182,592,test
3743,133,768,train
3744,624,541,train
3745,438,267,train
3746,546,596,train
3747,538,484,train
3748,83,294,train
3749,194,765,train
3750,170,149,train
3751,444,456,train
3752,445,277,train
3753,744,675,train
3754,58,380,train
3755,152,671,train
3756,302,259,train
3757,702,313,train
3758,428,6,train
3759,477,176,train
3760,319,249,test
3761,253,519,train
3762,533,679,train
3763,692,665,test
3764,191,277,train
3765,524,159,test
3766,500,518,train
3767,721,617,train
3768,32,732,train
3769,129,722,test
3770,85,230,train
3771,663,752,train
3772,30,715,train
3773,489,203,train
3774,14,732,train
3775,45,738,train
3776,800,153,train
3777,797,20,test
3778,742,541,train
3779,373,443,test
3780,128,304,train
3781,546,475,train
3782,574,614,test
3783,421,567,test
3784,216,45,train
3785,207,318,train
3786,768,359,train
3787,645,715,train
3788,569,784,train
3789,622,432,train
3790,700,359,train
3791,187,241,test
3792,88,366,train
3793,275,312,train
3794,683,619,test
3795,683,583,train
3796,180,631,train
3797,28,148,test
3798,781,92,train
3799,484,661,test
3800,3,339,train
3801,61,241,train
3802,249,22,train
3803,675,395,train
3804,49,674,train
3805,335,115,train
3806,9,567,train
3807,463,386,test
3808,763,654,test
3809,601,721,test
3810,376,740,train
3811,142,296,train
3812,193,300,train
3813,8,377,train
3814,323,365,train
3815,238,755,train
3816,76,666,train
3817,758,334,train
3818,668,30,test
3819,499,794,train
3820,533,10,train
3821,482,752,train
3822,672,263,train
3823,564,145,train
3824,675,407,train
3825,533,638,train
3826,434,400,train
3827,669,406,train
3828,601,471,test
3829,92,731,train
3830,433,329,train
3831,123,763,train
3832,277,530,train
3833,399,431,train
3834,361,283,test
3835,248,297,train
3836,268,745,train
3837,4,555,train
3838,303,490,train
3839,403,317,train
3840,414,11,test
3841,670,510,train
3842,560,745,test
3843,418,493,train
3844,734,550,train
3845,708,211,train
3846,193,500,train
3847,4,489,train
3848,470,284,train
3849,574,281,train
3850,415,128,train
3851,498,420,test
3852,768,317,train
3853,681,287,train
3854,279,255,train
3855,579,157,train
3856,579,724,train
3857,673,241,train
3858,198,121,train
3859,51,218,test
3860,536,629,test
3861,737,52,test
3862,168,118,train
3863,42,508,train
3864,763,58,train
3865,320,609,train
3866,280,527,train
3867,696,794,train
3868,455,536,train
3869,352,531,train
3870,446,332,train
3871,780,170,train
3872,222,535,test
3873,565,208,test
3874,271,524,train
3875,539,37,train
3876,320,125,train
3877,102,212,train
3878,754,636,train
3879,270,777,train
3880,65,470,train
3881,468,351,train
3882,24,705,train
3883,481,95,train
3884,313,629,train
3885,689,154,train
3886,725,697,test
3887,672,169,train
3888,366,544,train
3889,83,314,train
3890,162,741,train
3891,447,750,test
3892,624,542,train
3893,653,178,train
3894,690,81,test
3895,390,478,test
3896,415,464,train
3897,640,312,train
3898,223,774,test
3899,551,490,train
3900,785,650,train
3901,388,321,train
3902,365,393,train
3903,633,654,train
3904,308,648,test
3905,530,255,train
3906,331,680,train
3907,356,526,train
3908,798,700,train
3909,674,206,train
3910,383,410,train
3911,44,603,train
3912,116,133,test
3913,795,317,train
3914,147,28,train
3915,386,305,train
3916,794,299,train
3917,473,619,train
3918,184,120,train
3919,511,431,train
3920,633,641,train
3921,291,72,train
3922,79,77,test
3923,176,203,train
3924,363,416,test
3925,779,55,train
3926,133,337,train
3927,279,601,train
3928,264,13,train
3929,213,466,train
3930,257,215,test
3931,758,146,train
3932,86,499,train
3933,295,372,test
3934,501,716,train
3935,408,219,train
3936,647,327,test
3937,360,111,train
3938,560,639,train
3939,597,442,test
3940,404,607,train
3941,219,377,train
3942,293,770,train
3943,631,719,train
3944,211,779,train
3945,620,442,train
3946,76,329,train
3947,333,155,train
3948,679,81,train
3949,541,636,train
3950,501,781,train
3951,631,524,train
3952,123,607,train
3953,610,725,train
3954,540,406,train
3955,80,480,train
3956,790,31,train
3957,611,731,train
3958,167,625,train
3959,388,587,train
3960,25,170,train
3961,405,281,train
3962,762,784,test
3963,683,520,test
3964,147,797,train
3965,654,383,train
3966,161,505,test
3967,89,295,test
3968,503,240,train
3969,709,533,test
3970,113,589,train
3971,130,349,train
3972,525,333,test
3973,612,699,train
3974,621,774,train
3975,704,430,train
3976,230,173,train
3977,40,614,train
3978,229,133,test
3979,215,495,train
3980,42,634,train
3981,751,339,train
3982,485,140,train
3983,600,415,train
3984,20,379,train
3985,264,345,train
3986,529,456,train
3987,176,579,train
3988,331,159,train
3989,522,548,train
3990,51,500,test
3991,433,656,test
3992,37,664,train
3993,497,202,test
3994,207,339,train
3995,723,3,train
3996,408,372,train
3997,643,647,train
3998,21,381,train
3999,369,611,train
4000,766,206,test
4001,248,444,train
4002,256,582,train
4003,347,574,train
4004,645,609,train
4005,736,626,train
4006,163,272,train
4007,327,447,train
4008,564,319,train
4009,353,646,train
4010,507,478,test
4011,45,83,train
4012,38,765,train
4013,185,216,test
4014,568,464,train
4015,128,464,train
4016,143,508,train
4017,190,362,test
4018,731,434,train
4019,581,75,train
4020,433,362,test
4021,489,68,test
4022,649,41,test
4023,506,231,train
4024,756,692,train
4025,594,63,train
4026,272,560,train
4027,83,555,train
4028,611,115,train
4029,116,606,train
4030,587,378,test
4031,133,384,test
4032,646,435,test
4033,115,418,train
4034,649,645,train
4035,758,169,train
4036,568,465,test
4037,41,11,train
4038,604,742,train
4039,191,226,train
4040,388,660,train
4041,154,13,train
4042,518,417,train
4043,585,137,test
4044,217,487,test
4045,103,163,train
4046,681,429,train
4047,696,484,train
4048,616,282,train
4049,53,601,test
4050,716,542,test
4051,220,500,train
4052,413,193,train
4053,508,497,train
4054,690,310,train
4055,198,163,train
4056,83,764,train
4057,44,515,train
4058,347,713,train
4059,283,562,train
4060,692,17,test
4061,387,647,train
4062,638,466,train
4063,577,609,train
4064,24,93,test
4065,142,45,train
4066,238,367,train
4067,603,190,train
4068,455,71,train
4069,257,695,train
4070,349,358,train
4071,457,95,train
4072,769,107,train
4073,345,764,train
4074,658,312,test
4075,605,7,train
4076,2,348,train
4077,369,590,test
4078,683,125,test
4079,99,139,train
4080,40,747,train
4081,638,602,train
4082,252,387,test
4083,193,422,train
4084,675,763,test
4085,170,724,train
4086,637,364,train
4087,535,205,train
4088,452,374,test
4089,349,799,train
4090,222,60,train
4091,793,575,train
4092,330,142,train
4093,307,667,train
4094,333,368,train
4095,574,565,train
4096,261,221,test
4097,498,141,test
4098,514,559,train
4099,126,760,train
4100,732,309,train
4101,733,491,train
4102,70,766,train
4103,681,113,train
4104,259,47,test
4105,175,740,train
4106,319,634,train
4107,201,237,train
4108,779,176,train
4109,111,112,train
4110,675,747,test
4111,24,509,train
4112,213,65,train
4113,376,663,train
4114,776,499,train
4115,179,16,test
4116,437,521,test
4117,441,581,train
4118,85,678,train
4119,51,769,train
4120,662,162,train
4121,102,573,train
4122,272,763,train
4123,381,601,train
4124,616,72,test
4125,318,402,train
4126,425,527,train
4127,58,75,train
4128,276,79,train
4129,101,291,test
4130,564,692,test
4131,265,752,test
4132,597,711,train
4133,44,703,train
4134,499,391,train
4135,64,14,train
4136,82,615,test
4137,360,301,train
4138,620,363,train
4139,609,186,train
4140,515,221,train
4141,249,408,train
4142,600,230,train
4143,544,565,train
4144,238,708,train
4145,202,382,train
4146,270,389,train
4147,707,702,train
4148,36,83,train
4149,410,649,train
4150,400,265,train
4151,399,651,train
4152,717,337,train
4153,563,608,test
4154,1,194,train
4155,185,774,train
4156,750,773,train
4157,501,789,test
4158,544,120,train
4159,575,437,test
4160,663,491,train
4161,589,345,test
4162,178,284,train
4163,415,248,train
4164,537,454,train
4165,549,62,train
4166,690,489,test
4167,348,32,train
4168,504,27,test
4169,787,530,train
4170,303,415,test
4171,79,4,train
4172,409,336,train
4173,570,31,test
4174,697,730,train
4175,115,455,test
4176,19,695,test
4177,736,110,train
4178,284,335,train
4179,36,95,train
4180,107,745,train
4181,718,786,train
4182,453,482,test
4183,642,145,test
4184,676,783,train
4185,553,476,train
4186,698,58,train
4187,586,102,test
4188,580,550,train
4189,6,543,test
4190,230,259,train
4191,731,67,train
4192,147,661,train
4193,681,309,train
4194,625,257,train
4195,264,521,train
4196,96,352,train
4197,724,732,train
4198,148,184,train
4199,694,750,train
4200,626,708,train
4201,70,424,train
4202,745,403,train
4203,286,647,train
4204,294,291,train
4205,632,610,train
4206,241,609,train
4207,268,694,train
4208,574,234,train
4209,662,523,train
4210,277,675,train
4211,14,92,train
4212,152,303,train
4213,9,124,train
4214,397,328,train
4215,708,472,train
4216,334,433,test
4217,530,600,test
4218,362,686,train
4219,410,429,train
4220,389,458,train
4221,285,552,train
4222,118,397,train
4223,364,246,train
4224,582,792,test
4225,111,430,train
4226,551,250,train
4227,411,2,train
4228,164,409,train
4229,335,785,test
4230,383,433,train
4231,564,527,train
4232,96,221,test
4233,67,444,train
4234,44,456,train
4235,681,686,train
4236,249,477,train
4237,68,27,train
4238,106,266,train
4239,238,500,train
4240,750,365,train
4241,305,697,train
4242,603,83,train
4243,444,17,train
4244,43,304,test
4245,268,777,train
4246,56,273,train
4247,254,640,train
4248,770,242,train
4249,489,568,train
4250,499,200,test
4251,137,231,train
4252,386,450,train
4253,487,96,train
4254,279,447,train
4255,279,721,train
4256,258,657,train
4257,49,197,train
4258,756,345,test
4259,79,58,train
4260,592,775,train
4261,94,141,train
4262,477,749,train
4263,281,437,train
4264,444,441,train
4265,132,185,train
4266,8,444,train
4267,348,408,train
4268,474,741,train
4269,683,244,train
4270,176,109,train
4271,485,432,train
4272,689,396,train
4273,611,436,train
4274,363,770,train
4275,404,374,train
4276,136,666,train
4277,586,738,train
4278,233,757,train
4279,421,602,train
4280,53,498,train
4281,314,215,train
4282,43,263,train
4283,610,544,train
4284,779,679,train
4285,275,174,test
4286,440,647,test
4287,668,438,train
4288,136,767,train
4289,508,230,train
4290,557,373,train
4291,557,63,train
4292,380,569,train
4293,448,50,test
4294,292,255,train
4295,571,116,train
4296,491,143,train
4297,607,334,train
4298,356,372,train
4299,547,642,train
4300,219,756,train
4301,416,324,test
4302,420,117,train
4303,440,321,train
4304,633,712,train
4305,795,425,train
4306,282,491,train
4307,381,648,train
4308,587,154,test
4309,763,35,train
4310,602,299,train
4311,407,324,train
4312,538,450,train
4313,544,110,train
4314,598,197,train
4315,658,14,test
4316,724,270,train
4317,603,71,test
4318,436,401,train
4319,499,761,train
4320,422,441,test
4321,186,602,train
4322,690,641,train
4323,217,413,train
4324,163,207,train
4325,791,512,train
4326,106,421,train
4327,351,312,test
4328,600,213,train
4329,3,786,train
4330,560,142,train
4331,437,162,train
4332,549,526,train
4333,389,598,train
4334,213,303,train
4335,177,729,train
4336,96,595,train
4337,645,413,train
4338,761,421,test
4339,546,411,train
4340,577,21,train
4341,502,731,train
4342,243,374,train
4343,31,296,test
4344,781,664,test
4345,502,520,train
4346,627,127,train
4347,96,800,train
4348,554,244,train
4349,121,792,test
4350,521,621,test
4351,774,368,train
4352,228,301,train
4353,424,387,train
4354,235,52,train
4355,75,287,test
4356,728,47,train
4357,647,412,train
4358,519,187,train
4359,82,692,test
4360,439,776,train
4361,76,678,train
4362,793,425,test
4363,669,40,test
4364,357,629,train
4365,301,34,train
4366,395,87,train
4367,355,626,train
4368,377,146,train
4369,493,362,train
4370,2,190,test
4371,238,493,train
4372,282,592,train
4373,213,641,train
4374,664,528,train
4375,527,185,train
4376,204,467,train
4377,700,51,train
4378,799,82,test
4379,310,570,test
4380,172,132,train
4381,466,558,train
4382,113,427,train
4383,645,392,train
4384,596,580,train
4385,404,91,train
4386,289,673,train
4387,470,231,train
4388,727,502,test
4389,58,391,train
4390,139,201,test
4391,257,385,train
4392,469,133,train
4393,489,224,train
4394,635,352,train
4395,648,300,train
4396,790,324,train
4397,792,89,train
4398,584,168,train
4399,695,170,train
4400,641,679,train
4401,300,62,train
4402,664,494,train
4403,298,563,train
4404,17,573,train
4405,379,51,train
4406,606,770,train
4407,570,17,train
4408,794,307,train
4409,452,9,train
4410,602,168,train
4411,267,339,train
4412,13,634,train
4413,53,290,train
4414,191,768,train
4415,447,35,test
4416,569,149,train
4417,507,460,test
4418,342,464,train
4419,83,679,train
4420,791,347,test
4421,251,86,train
4422,315,676,train
4423,361,487,test
4424,225,779,train
4425,301,794,test
4426,558,45,train
4427,49,147,train
4428,338,730,train
4429,217,336,train
4430,653,494,test
4431,41,696,test
4432,670,275,train
4433,458,84,train
4434,555,559,test
4435,307,25,train
4436,519,657,train
4437,431,268,train
4438,727,482,train
4439,641,192,train
4440,190,257,test
4441,532,619,train
4442,199,21,test
4443,795,438,train
4444,690,53,train
4445,306,301,train
4446,292,534,test
4447,52,630,train
4448,558,292,train
4449,577,342,test
4450,725,47,train
4451,718,531,train
4452,13,695,train
4453,304,321,test
4454,480,259,train
4455,227,627,train
4456,223,714,train
4457,282,324,train
4458,135,130,test
4459,190,142,train
4460,130,394,train
4461,157,727,train
4462,198,421,train
4463,272,361,train
4464,73,553,train
4465,228,533,train
4466,584,679,train
4467,129,50,train
4468,9,148,train
4469,305,451,train
4470,190,742,train
4471,637,193,train
4472,93,15,train
4473,740,347,train
4474,282,604,test
4475,134,688,train
4476,203,512,train
4477,72,126,train
4478,278,726,test
4479,656,333,train
4480,28,157,train
4481,329,197,train
4482,589,42,train
4483,320,353,train
4484,104,725,train
4485,347,535,test
4486,268,673,test
4487,38,576,test
4488,293,641,train
4489,773,223,train
4490,691,372,train
4491,188,61,train
4492,412,737,train
4493,720,640,test
4494,633,225,train
4495,501,723,train
4496,786,787,train
4497,394,427,train
4498,798,214,train
4499,347,4,train
4500,71,381,test
4501,57,730,train
4502,449,344,train
4503,157,796,test
4504,637,798,train
4505,244,653,train
4506,624,98,train
4507,366,94,train
4508,652,202,test
4509,152,371,train
4510,700,602,train
4511,499,490,test
4512,505,435,test
4513,415,776,train
4514,150,635,test
4515,462,345,train
4516,468,525,train
4517,689,265,train
4518,120,116,train
4519,410,304,train
4520,263,374,train
4521,682,617,train
4522,285,692,train
4523,750,276,train
4524,405,57,train
4525,771,455,train
4526,91,560,test
4527,569,112,train
4528,486,392,train
4529,432,761,train
4530,399,110,train
4531,161,213,train
4532,757,211,train
4533,214,620,train
4534,40,93,train
4535,202,717,train
4536,72,105,test
4537,54,785,train
4538,664,133,train
4539,313,141,train
4540,73,202,train
4541,559,201,train
4542,228,646,train
4543,72,193,train
4544,102,382,test
4545,304,81,train
4546,510,309,train
4547,742,684,train
4548,678,572,train
4549,527,403,train
4550,192,392,train
4551,250,732,train
4552,664,540,train
4553,39,401,train
4554,412,157,test
4555,194,214,train
4556,529,187,train
4557,327,560,train
4558,112,331,train
4559,187,189,train
4560,365,526,train
4561,315,580,train
4562,143,153,test
4563,736,191,train
4564,429,552,train
4565,254,146,train
4566,418,137,test
4567,747,423,train
4568,115,343,train
4569,611,757,train
4570,277,324,train
4571,260,195,train
4572,37,354,train
4573,198,296,test
4574,348,494,train
4575,152,263,train
4576,346,341,train
4577,438,615,train
4578,724,564,test
4579,61,783,train
4580,380,399,test
4581,787,739,test
4582,378,3,train
4583,401,135,train
4584,287,724,train
4585,108,203,test
4586,668,110,test
4587,674,239,train
4588,49,377,train
4589,373,650,train
4590,643,672,train
4591,709,592,test
4592,125,757,train
4593,167,199,test
4594,146,725,train
4595,163,711,train
4596,143,379,train
4597,435,599,train
4598,110,674,train
4599,445,18,train
4600,654,189,train
4601,406,83,test
4602,704,527,train
4603,439,622,test
4604,55,625,train
4605,124,532,test
4606,129,20,train
4607,272,729,train
4608,22,701,train
4609,711,240,train
4610,330,349,test
4611,478,537,train
4612,202,85,test
4613,621,688,test
4614,179,595,train
4615,186,579,train
4616,672,214,train
4617,559,636,test
4618,694,165,train
4619,348,223,train
4620,333,477,train
4621,329,609,train
4622,724,487,train
4623,557,97,train
4624,81,278,test
4625,543,314,train
4626,101,632,test
4627,325,624,train
4628,594,407,train
4629,666,751,train
4630,661,470,train
4631,567,360,train
4632,397,520,train
4633,344,104,train
4634,688,394,train
4635,326,559,train
4636,131,590,train
4637,498,654,train
4638,599,682,train
4639,488,432,train
4640,251,89,test
4641,235,576,train
4642,9,483,train
4643,506,679,test
4644,345,568,train
4645,232,591,train
4646,386,504,train
4647,340,274,train
4648,510,307,train
4649,238,249,train
4650,105,587,train
4651,702,704,train
4652,324,400,train
4653,674,719,train
4654,427,208,train
4655,729,589,train
4656,585,261,train
4657,9,423,test
4658,691,493,test
4659,231,156,train
4660,179,390,train
4661,713,123,train
4662,737,730,train
4663,268,723,train
4664,26,648,train
4665,339,351,train
4666,296,304,train
4667,384,731,train
4668,228,9,train
4669,433,234,train
4670,57,493,train
4671,263,62,train
4672,27,691,train
4673,209,69,train
4674,253,178,test
4675,11,261,train
4676,772,320,train
4677,344,138,train
4678,223,58,train
4679,640,194,test
4680,362,217,train
4681,158,191,train
4682,460,747,train
4683,110,433,test
4684,519,108,train
4685,379,628,train
4686,166,27,train
4687,303,497,train
4688,698,132,train
4689,444,177,train
4690,286,634,test
4691,749,302,train
4692,522,136,train
4693,359,386,train
4694,669,593,train
4695,389,613,test
4696,311,513,train
4697,568,416,train
4698,177,763,train
4699,261,725,train
4700,9,557,train
4701,130,608,test
4702,243,732,train
4703,318,653,test
4704,234,547,test
4705,6,778,train
4706,301,397,test
4707,28,352,train
4708,633,327,train
4709,694,432,train
4710,380,659,train
4711,750,219,train
4712,766,159,train
4713,257,42,train
4714,238,69,train
4715,645,432,train
4716,483,34,train
4717,625,327,train
4718,111,720,train
4719,386,465,train
4720,745,741,test
4721,501,391,train
4722,797,742,train
4723,346,293,test
4724,328,562,train
4725,384,672,test
4726,328,650,train
4727,570,535,train
4728,372,661,train
4729,418,127,train
4730,669,415,train
4731,317,437,train
4732,562,540,train
4733,10,293,train
4734,538,673,train
4735,35,532,train
4736,383,120,train
4737,787,530,train
4738,306,511,test
4739,364,756,test
4740,514,84,test
4741,497,455,train
4742,15,21,train
4743,63,406,train
4744,648,164,train
4745,392,70,test
4746,324,321,train
4747,537,580,train
4748,361,496,train
4749,592,366,train
4750,267,657,train
4751,404,444,test
4752,413,325,train
4753,128,519,test
4754,399,115,train
4755,18,307,test
4756,569,617,train
4757,238,330,train
4758,732,164,train
4759,1,604,test
4760,598,699,train
4761,715,285,train
4762,424,343,train
4763,390,81,train
4764,569,522,train
4765,425,274,train
4766,760,591,train
4767,59,138,train
4768,147,282,train
4769,240,700,train
4770,156,320,test
4771,128,718,train
4772,464,730,train
4773,143,89,train
4774,573,484,train
4775,517,262,train
4776,201,2,train
4777,738,654,train
4778,535,634,test
4779,3,770,test
4780,464,59,train
4781,8,530,test
4782,670,77,train
4783,468,663,train
4784,536,172,train
4785,427,323,train
4786,527,696,train
4787,310,83,train
4788,603,544,train
4789,710,59,train
4790,563,786,train
4791,424,667,train
4792,712,49,train
4793,639,648,train
4794,367,760,train
4795,319,86,train
4796,60,354,train
4797,558,635,train
4798,75,342,test
4799,64,747,train
4800,252,242,train
4801,23,580,train
4802,97,3,train
4803,375,471,train
4804,178,188,train
4805,757,519,test
4806,14,564,test
4807,208,181,train
4808,644,73,train
4809,552,542,train
4810,703,37,train
4811,552,4,train
4812,800,196,train
4813,85,254,train
4814,587,780,train
4815,217,213,test
4816,16,724,train
4817,215,139,train
4818,237,16,train
4819,670,478,train
4820,109,378,train
4821,524,283,train
4822,159,552,test
4823,19,468,train
4824,392,537,train
4825,155,405,train
4826,674,291,test
4827,668,605,train
4828,254,470,train
4829,531,669,train
4830,215,1,train
4831,222,719,train
4832,124,438,train
4833,217,180,test
4834,451,523,train
4835,503,36,train
4836,312,403,test
4837,149,279,train
4838,567,75,train
4839,739,332,train
4840,662,523,train
4841,465,714,train
4842,410,468,test
4843,540,307,train
4844,147,469,train
4845,35,242,train
4846,609,301,train
4847,789,331,test
4848,318,717,test
4849,724,392,train
4850,100,170,train
4851,164,431,train
4852,700,244,test
4853,187,531,train
4854,602,629,train
4855,264,358,train
4856,148,187,test
4857,695,130,test
4858,474,770,train
4859,500,263,train
4860,501,699,train
4861,570,47,train
4862,659,169,train
4863,684,246,train
4864,794,238,train
4865,268,416,test
4866,235,371,train
4867,192,466,train
4868,100,157,train
4869,543,389,train
4870,409,740,train
4871,64,423,test
4872,91,375,train
4873,385,507,test
4874,750,101,train
4875,437,387,train
4876,123,680,train
4877,295,713,train
4878,29,350,train
4879,423,456,train
4880,644,50,train
4881,89,482,train
4882,545,35,train
4883,1,285,train
4884,350,459,train
4885,126,363,train
4886,228,325,train
4887,440,133,test
4888,43,643,train
4889,206,171,train
4890,549,564,train
4891,392,645,train
4892,113,189,train
4893,586,115,train
4894,3,210,test
4895,724,783,test
4896,674,788,train
4897,529,437,train
4898,135,73,train
4899,285,216,train
4900,169,486,test
4901,105,444,train
4902,502,690,test
4903,265,208,train
4904,439,568,train
4905,106,675,test
4906,518,405,train
4907,459,25,train
4908,151,167,train
4909,615,634,test
4910,578,663,train
4911,194,473,train
4912,188,368,train
4913,288,278,train
4914,107,435,train
4915,70,434,train
4916,651,757,train
4917,721,141,train
4918,789,749,test
4919,568,574,train
4920,484,357,train
4921,347,229,train
4922,706,2,train
4923,86,594,train
4924,584,228,test
4925,272,36,test
4926,494,552,train
4927,748,130,train
4928,58,544,train
4929,339,83,train
4930,219,16,train
4931,549,517,train
4932,337,549,train
4933,665,291,train
4934,180,606,test
4935,156,54,test
4936,162,208,train
4937,475,643,train
4938,261,314,train
4939,509,669,train
4940,601,773,train
4941,242,75,train
4942,748,29,train
4943,411,25,train
4944,399,173,test
4945,531,455,train
4946,203,86,train
4947,280,638,train
4948,57,324,train
4949,242,140,train
4950,779,672,train
4951,276,478,train
4952,367,182,train
4953,508,269,train
4954,282,583,train
4955,161,644,train
4956,362,32,test
4957,514,672,train
4958,256,567,test
4959,541,122,test
4960,417,390,train
4961,394,267,train
4962,610,440,train
4963,60,630,test
4964,73,20,train
4965,637,718,train
4966,170,691,train
4967,798,410,test
4968,64,408,train
4969,386,384,test
4970,401,631,test
4971,129,409,test
4972,285,146,train
4973,632,128,train
4974,152,450,test
4975,735,26,train
4976,513,794,train
4977,614,237,train
4978,536,121,train
4979,437,116,test
4980,106,490,train
4981,487,294,test
4982,449,685,train
4983,37,391,train
4984,293,772,train
4985,80,481,train
4986,324,454,train
4987,417,634,train
4988,81,83,train
4989,370,303,train
4990,512,187,train
4991,312,631,test
4992,314,167,train
4993,511,73,train
4994,537,461,train
4995,520,456,train
4996,764,17,train
4997,307,316,test
4998,77,345,test
4999,551,778,train
5000,6,306,train
5001,661,728,train
5002,780,107,train
5003,157,401,train
5004,384,688,test
5005,444,17,train
5006,772,258,train
5007,652,557,train
5008,141,395,train
5009,741,275,train
5010,182,794,train
5011,446,732,test
5012,104,79,train
5013,475,162,train
5014,42,225,train
5015,152,537,test
5016,26,302,test
5017,273,368,train
5018,256,594,train
5019,13,227,train
5020,341,798,test
5021,276,471,train
5022,58,669,train
5023,714,345,train
5024,219,794,test
5025,690,564,train
5026,402,717,train
5027,181,681,train
5028,695,586,train
5029,772,492,train
5030,122,266,train
5031,787,377,train
5032,748,412,test
5033,42,106,train
5034,281,523,train
5035,4,301,train
5036,564,573,train
5037,474,61,train
5038,553,430,train
5039,86,228,train
5040,238,748,train
5041,400,521,train
5042,779,451,train
5043,518,356,train
5044,492,114,train
5045,423,284,train
5046,595,401,train
5047,297,130,train
5048,620,789,test
5049,614,169,train
5050,519,160,test
5051,60,453,test
5052,563,179,train
5053,617,402,train
5054,774,309,train
5055,611,531,train
5056,275,7,train
5057,216,485,train
5058,762,769,train
5059,256,225,train
5060,517,318,train
5061,141,488,train
5062,636,449,train
5063,336,776,test
5064,559,44,train
5065,293,575,test
5066,434,251,train
5067,518,452,train
5068,100,150,train
5069,751,197,train
5070,89,283,test
5071,450,575,train
5072,189,370,train
5073,262,449,train
5074,313,263,train
5075,269,607,train
5076,421,174,train
5077,40,708,test
5078,282,208,test
5079,191,239,train
5080,640,17,train
5081,622,727,test
5082,7,91,train
5083,729,693,test
5084,739,767,train
5085,464,625,train
5086,364,530,train
5087,355,669,train
5088,439,397,train
5089,774,490,train
5090,436,385,test
5091,616,140,train
5092,127,687,test
5093,2,38,train
5094,140,341,train
5095,496,650,test
5096,447,333,test
5097,569,247,test
5098,449,214,train
5099,641,746,train
5100,55,310,test
5101,185,540,train
5102,560,658,train
5103,683,372,train
5104,175,491,train
5105,270,5,train
5106,166,26,test
5107,109,200,train
5108,208,186,test
5109,284,620,train
5110,674,253,test
5111,546,572,train
5112,332,397,train
5113,221,219,train
5114,400,202,train
5115,660,397,train
5116,481,519,train
5117,14,169,train
5118,185,698,train
5119,693,472,train
5120,798,784,train
5121,13,570,train
5122,334,283,test
5123,72,154,test
5124,94,718,test
5125,181,480,test
5126,118,313,test
5127,668,286,train
5128,530,328,train
5129,449,71,train
5130,646,79,train
5131,292,165,test
5132,367,122,train
5133,279,760,train
5134,668,180,train
5135,289,755,train
5136,629,273,train
5137,343,540,train
5138,468,328,test
5139,798,181,train
5140,7,601,test
5141,355,97,train
5142,180,625,train
5143,496,245,test
5144,738,309,train
5145,686,697,train
5146,603,163,train
5147,776,561,train
5148,297,43,train
5149,500,407,train
5150,494,507,train
5151,530,110,train
5152,354,481,train
5153,44,89,train
5154,72,607,train
5155,624,696,train
5156,323,310,train
5157,231,39,train
5158,303,11,train
5159,155,682,train
5160,89,759,train
5161,331,29,train
5162,708,30,train
5163,71,311,train
5164,651,244,test
5165,741,746,train
5166,399,570,test
5167,737,179,train
5168,15,28,train
5169,314,717,test
5170,683,663,test
5171,517,753,train
5172,357,14,train
5173,524,149,test
5174,339,327,train
5175,250,732,train
5176,786,677,test
5177,241,478,train
5178,748,355,train
5179,575,227,train
5180,652,766,test
5181,357,179,train
5182,471,86,train
5183,681,683,train
5184,415,675,train
5185,312,549,train
5186,745,721,train
5187,297,147,train
5188,184,305,test
5189,420,228,train
5190,748,214,train
5191,679,329,train
5192,760,150,test
5193,396,218,test
5194,780,344,train
5195,422,499,train
5196,357,615,train
5197,261,422,train
5198,797,500,train
5199,122,270,train
5200,698,632,test
5201,668,91,train
5202,714,675,test
5203,113,342,train
5204,548,250,train
5205,285,27,test
5206,751,360,test
5207,755,203,train
5208,217,524,test
5209,264,21,train
5210,368,99,train
5211,100,509,train
5212,52,358,test
5213,312,358,train
5214,223,450,test
5215,564,798,train
5216,757,293,test
5217,184,21,test
5218,156,711,train
5219,683,548,train
5220,127,546,train
5221,705,358,test
5222,798,116,test
5223,130,748,train
5224,195,325,train
5225,474,431,train
5226,40,536,train
5227,109,54,train
5228,331,772,test
5229,566,422,train
5230,532,747,test
5231,370,728,test
5232,165,791,train
5233,760,572,train
5234,324,239,train
5235,178,113,train
5236,374,540,train
5237,192,602,train
5238,437,112,test
5239,645,378,test
5240,69,186,train
5241,371,213,test
5242,291,65,train
5243,334,92,train
5244,290,455,train
5245,23,485,train
5246,39,516,train
5247,395,248,test
5248,729,237,train
5249,575,406,train
5250,514,681,train
5251,578,719,train
5252,538,611,train
5253,69,125,train
5254,378,494,train
5255,386,686,test
5256,280,676,test
5257,67,741,test
5258,574,333,test
5259,572,118,test
5260,749,712,test
5261,63,246,test
5262,708,577,train
5263,522,68,train
5264,759,722,train
5265,75,7,train
5266,746,313,train
5267,353,137,test
5268,708,4,train
5269,374,67,train
5270,451,472,train
5271,156,132,train
5272,800,157,test
5273,354,642,test
5274,23,112,train
5275,617,443,train
5276,508,653,train
5277,35,522,train
5278,772,387,test
5279,523,445,train
5280,25,629,train
5281,798,210,train
5282,254,499,train
5283,660,523,train
5284,462,723,train
5285,670,751,train
5286,475,312,test
5287,553,196,train
5288,20,227,train
5289,374,252,train
5290,328,36,test
5291,352,361,test
5292,63,341,train
5293,667,671,train
5294,282,726,test
5295,508,274,test
5296,575,10,train
5297,789,315,train
5298,302,106,train
5299,413,748,test
5300,531,254,train
5301,495,355,train
5302,710,770,train
5303,295,31,train
5304,542,312,train
5305,595,104,train
5306,538,32,train
5307,363,685,test
5308,298,476,train
5309,134,711,test
5310,769,409,train
5311,11,212,train
5312,601,638,test
5313,399,460,train
5314,385,224,train
5315,487,733,train
5316,35,56,train
5317,283,165,train
5318,762,352,train
5319,383,65,train
5320,725,142,train
5321,600,659,train
5322,452,714,train
5323,173,517,train
5324,102,502,train
5325,117,535,train
5326,213,76,test
5327,602,681,train
5328,328,341,train
5329,224,635,test
5330,658,153,train
5331,622,451,test
5332,661,64,train
5333,229,628,train
5334,402,739,test
5335,553,212,test
5336,308,85,test
5337,491,710,train
5338,772,309,train
5339,164,780,train
5340,502,574,train
5341,34,126,train
5342,528,195,train
5343,435,272,train
5344,793,634,train
5345,260,408,test
5346,546,668,train
5347,342,588,train
5348,138,599,test
5349,488,105,test
5350,638,664,train
5351,247,711,train
5352,342,584,train
5353,149,38,train
5354,628,758,train
5355,366,582,train
5356,346,758,train
5357,215,354,train
5358,4,449,train
5359,347,115,train
5360,649,641,train
5361,435,307,train
5362,300,769,test
5363,19,438,train
5364,353,519,train
5365,333,311,train
5366,584,218,test
5367,333,483,train
5368,569,237,test
5369,574,188,train
5370,313,52,train
5371,160,531,train
5372,131,626,train
5373,418,174,train
5374,282,220,train
5375,577,493,train
5376,83,626,train
5377,676,410,train
5378,210,206,train
5379,134,344,train
5380,399,53,train
5381,310,494,train
5382,639,575,train
5383,710,564,train
5384,538,783,train
5385,140,162,train
5386,160,548,train
5387,254,446,train
5388,543,103,train
5389,752,119,train
5390,610,2,train
5391,308,64,train
5392,338,787,train
5393,386,614,train
5394,300,367,train
5395,421,484,train
5396,478,555,train
5397,670,743,train
5398,121,615,train
5399,70,82,test
5400,452,245,train
5401,69,526,train
5402,522,671,train
5403,780,647,train
5404,646,21,train
5405,708,409,test
5406,499,588,train
5407,492,310,train
5408,737,525,train
5409,391,441,train
5410,324,401,train
5411,308,554,train
5412,137,464,train
5413,572,296,test
5414,684,593,train
5415,568,238,test
5416,105,550,train
5417,488,760,test
5418,656,279,test
5419,658,758,train
5420,320,631,train
5421,15,608,test
5422,92,360,train
5423,454,223,test
5424,628,636,test
5425,1,579,train
5426,115,486,train
5427,636,614,train
5428,516,568,train
5429,260,213,train
5430,196,500,train
5431,74,326,test
5432,460,704,train
5433,684,6,train
5434,333,799,train
5435,99,656,train
5436,25,59,train
5437,364,730,train
5438,612,347,train
5439,177,187,test
5440,150,734,train
5441,96,160,train
5442,770,385,train
5443,566,62,train
5444,65,255,test
5445,166,146,train
5446,212,684,train
5447,601,120,test
5448,702,7,train
5449,289,683,train
5450,178,470,train
5451,426,668,train
5452,50,229,train
5453,699,170,test
5454,551,300,train
5455,458,197,test
5456,799,558,train
5457,586,566,train
5458,51,709,test
5459,203,58,test
5460,778,723,train
5461,579,467,train
5462,658,326,train
5463,474,337,train
5464,465,232,train
5465,667,154,train
5466,277,457,test
5467,429,535,train
5468,629,408,train
5469,299,617,train
5470,455,630,test
5471,234,471,test
5472,733,510,train
5473,472,492,train
5474,507,256,train
5475,446,719,train
5476,340,606,train
5477,510,729,test
5478,42,339,train
5479,691,559,train
5480,88,735,train
5481,43,376,train
5482,73,449,train
5483,784,484,train
5484,358,793,train
5485,237,424,test
5486,617,337,train
5487,582,530,train
5488,380,387,train
5489,337,363,train
5490,706,235,test
5491,647,362,test
5492,430,571,train
5493,723,729,test
5494,765,38,train
5495,698,424,train
5496,224,738,train
5497,129,151,train
5498,442,749,train
5499,607,659,test
5500,608,694,train
5501,641,402,test
5502,639,123,test
5503,212,278,train
5504,190,428,train
5505,459,628,train
5506,584,784,train
5507,585,571,train
5508,703,57,train
5509,55,512,train
5510,49,468,train
5511,222,599,test
5512,340,143,train
5513,483,242,train
5514,320,614,train
5515,725,567,train
5516,586,684,test
5517,226,61,train
5518,425,387,train
5519,202,305,train
5520,431,233,train
5521,600,214,train
5522,140,280,train
5523,211,103,train
5524,508,478,train
5525,291,55,train
5526,207,721,train
5527,32,471,test
5528,160,671,train
5529,92,487,train
5530,262,584,train
5531,713,444,test
5532,388,382,train
5533,296,110,train
5534,638,611,test
5535,373,254,test
5536,252,79,train
5537,19,592,test
5538,721,427,train
5539,662,319,train
5540,158,575,test
5541,629,705,test
5542,84,568,train
5543,392,49,train
5544,577,209,train
5545,499,191,train
5546,552,44,test
5547,325,382,train
5548,232,570,train
5549,7,218,train
5550,794,278,train
5551,61,586,train
5552,661,775,train
5553,369,572,train
5554,776,482,train
5555,741,552,train
5556,62,135,test
5557,412,53,test
5558,430,544,train
5559,446,721,train
5560,286,564,test
5561,714,726,train
5562,261,796,train
5563,262,679,train
5564,444,598,train
5565,246,13,train
5566,227,653,train
5567,503,709,train
5568,502,131,train
5569,576,119,train
5570,270,296,train
5571,366,663,train
5572,439,412,test
5573,26,583,train
5574,335,535,train
5575,276,149,train
5576,367,637,train
5577,230,49,train
5578,3,774,test
5579,638,88,train
5580,446,120,train
5581,372,592,train
5582,364,15,train
5583,401,330,train
5584,167,471,train
5585,204,540,train
5586,173,234,train
5587,373,629,train
5588,758,160,train
5589,581,640,train
5590,163,719,train
5591,376,50,train
5592,153,674,train
5593,71,44,test
5594,125,364,test
5595,713,428,train
5596,292,590,train
5597,328,200,train
5598,440,659,train
5599,786,564,train
5600,583,337,train
5601,241,447,train
5602,151,295,train
5603,229,575,train
5604,282,308,train
5605,673,544,train
5606,59,701,test
5607,182,72,train
5608,235,490,test
5609,715,497,train
5610,695,790,train
5611,672,396,train
5612,139,491,train
5613,696,640,train
5614,188,449,train
5615,766,181,train
5616,157,348,train
5617,505,538,train
5618,405,449,train
5619,520,614,test
5620,659,607,test
5621,538,359,test
5622,441,211,train
5623,622,775,train
5624,32,232,train
5625,589,614,train
5626,32,538,train
5627,54,254,test
5628,119,668,train
5629,755,796,train
5630,586,761,train
5631,797,760,test
5632,643,225,test
5633,162,397,test
5634,252,461,train
5635,695,327,train
5636,775,602,test
5637,560,396,train
5638,433,800,train
5639,290,215,train
5640,498,175,train
5641,246,228,train
5642,586,616,train
5643,254,561,train
5644,122,361,train
5645,493,515,train
5646,291,515,test
5647,541,27,train
5648,70,756,train
5649,598,799,train
5650,761,315,test
5651,107,448,train
5652,690,129,train
5653,709,318,train
5654,128,571,train
5655,269,86,test
5656,330,364,train
5657,122,216,train
5658,202,374,train
5659,662,590,test
5660,452,732,test
5661,148,463,train
5662,375,404,train
5663,484,2,train
5664,709,408,train
5665,447,140,train
5666,659,710,train
5667,216,643,train
5668,86,264,train
5669,88,160,train
5670,38,40,train
5671,291,431,train
5672,97,645,train
5673,3,205,test
5674,510,330,train
5675,117,188,train
5676,624,7,train
5677,762,722,train
5678,63,732,train
5679,680,626,test
5680,612,348,train
5681,367,152,train
5682,564,185,train
5683,653,489,train
5684,721,224,train
5685,496,666,train
5686,602,451,train
5687,343,22,train
5688,528,242,train
5689,585,631,train
5690,76,628,train
5691,95,397,train
5692,686,63,train
5693,163,709,train
5694,337,775,train
5695,389,206,train
5696,238,299,test
5697,557,528,train
5698,720,544,train
5699,406,94,train
5700,552,156,train
5701,116,630,test
5702,609,214,train
5703,754,206,test
5704,667,31,test
5705,293,680,train
5706,453,159,train
5707,445,213,test
5708,132,506,train
5709,546,400,train
5710,512,708,test
5711,512,57,train
5712,254,724,train
5713,550,22,train
5714,194,793,train
5715,56,682,train
5716,471,713,train
5717,54,246,test
5718,530,363,train
5719,209,570,train
5720,115,177,train
5721,789,208,train
5722,588,57,test
5723,507,200,train
5724,696,36,train
5725,214,704,test
5726,678,580,train
5727,423,538,train
5728,540,725,train
5729,60,710,train
5730,29,68,train
5731,149,615,test
5732,457,269,train
5733,361,171,train
5734,694,309,train
5735,51,605,train
5736,562,131,train
5737,272,403,train
5738,289,6,train
5739,616,692,test
5740,262,333,train
5741,487,414,test
5742,41,595,train
5743,440,142,train
5744,254,541,train
5745,449,6,test
5746,247,463,train
5747,294,781,train
5748,9,670,test
5749,296,442,train
5750,360,111,train
5751,109,411,test
5752,600,627,train
5753,402,360,train
5754,68,791,train
5755,172,242,test
5756,609,548,train
5757,129,109,train
5758,253,791,train
5759,429,369,train
5760,588,194,train
5761,163,764,test
5762,548,726,train
5763,445,111,test
5764,105,503,train
5765,60,118,train
5766,30,680,train
5767,730,626,train
5768,786,751,test
5769,550,627,train
5770,723,542,test
5771,260,548,train
5772,207,467,train
5773,648,688,train
5774,608,530,test
5775,119,568,train
5776,22,63,train
5777,196,678,train
5778,781,600,train
5779,308,691,test
5780,411,417,train
5781,374,149,train
5782,158,428,train
5783,130,498,train
5784,414,402,train
5785,293,711,train
5786,195,674,test
5787,291,421,train
5788,592,701,train
5789,51,707,train
5790,327,794,train
5791,245,736,test
5792,258,186,train
5793,230,326,train
5794,613,566,train
5795,526,691,train
5796,384,295,train
5797,657,63,test
5798,468,508,train
5799,238,596,train
5800,271,298,test
5801,594,163,train
5802,634,124,train
5803,738,722,test
5804,432,434,train
5805,561,739,train
5806,262,267,train
5807,7,779,train
5808,156,746,train
5809,464,660,test
5810,680,353,train
5811,13,578,train
5812,155,138,test
5813,361,73,train
5814,629,651,train
5815,773,662,train
5816,148,719,train
5817,642,501,train
5818,472,505,train
5819,328,180,train
5820,610,748,train
5821,784,36,train
5822,348,208,train
5823,768,222,train
5824,74,664,train
5825,435,34,test
5826,106,1,train
5827,643,774,test
5828,164,9,test
5829,529,756,train
5830,721,229,test
5831,420,321,train
5832,624,412,train
5833,443,293,train
5834,345,338,train
5835,290,246,test
5836,564,161,train
5837,281,775,train
5838,707,337,train
5839,460,138,train
5840,215,306,test
5841,57,667,train
5842,776,264,train
5843,770,724,test
5844,111,653,train
5845,159,135,train
5846,93,342,train
5847,65,491,train
5848,723,482,train
5849,173,177,train
5850,669,514,train
5851,457,642,train
5852,735,172,train
5853,228,112,train
5854,453,448,test
5855,389,458,train
5856,760,431,train
5857,547,509,train
5858,413,720,test
5859,711,80,train
5860,469,588,train
5861,427,188,test
5862,485,390,train
5863,440,246,train
5864,40,121,train
5865,579,208,train
5866,750,37,train
5867,403,439,train
5868,432,60,train
5869,444,260,train
5870,653,272,train
5871,489,696,train
5872,698,39,train
5873,308,10,test
5874,201,773,test
5875,79,244,test
5876,188,357,test
5877,218,25,train
5878,635,363,train
5879,339,220,train
5880,719,474,train
5881,337,428,train
5882,615,560,train
5883,80,465,train
5884,197,335,test
5885,281,660,train
5886,498,504,train
5887,423,657,train
5888,150,281,test
5889,211,122,train
5890,766,445,train
5891,496,82,test
5892,506,472,test
5893,765,39,train
5894,717,554,train
5895,86,409,train
5896,224,791,train
5897,278,440,train
5898,74,653,train
5899,199,627,train
5900,110,772,test
5901,166,431,train
5902,666,731,train
5903,704,662,train
5904,768,614,train
5905,383,344,test
5906,509,518,test
5907,145,469,train
5908,788,276,train
5909,121,773,train
5910,412,17,train
5911,434,298,train
5912,473,778,train
5913,672,471,train
5914,512,439,train
5915,510,329,train
5916,18,680,train
5917,713,469,train
5918,260,613,train
5919,634,299,train
5920,261,143,train
5921,81,324,train
5922,69,593,train
5923,392,275,train
5924,223,68,train
5925,259,221,train
5926,683,377,train
5927,71,688,train
5928,160,130,train
5929,656,403,test
5930,13,431,train
5931,382,108,train
5932,100,722,train
5933,274,118,train
5934,197,310,train
5935,3,497,train
5936,158,398,train
5937,169,624,train
5938,128,436,train
5939,660,558,train
5940,229,606,test
5941,173,545,train
5942,733,603,train
5943,559,300,train
5944,508,291,train
5945,795,55,test
5946,777,302,test
5947,334,613,train
5948,342,432,train
5949,314,383,train
5950,502,526,test
5951,702,404,train
5952,127,679,test
5953,514,230,train
5954,456,549,train
5955,598,613,test
5956,608,175,train
5957,198,545,train
5958,436,499,train
5959,8,323,train
5960,34,670,train
5961,153,576,train
5962,227,98,train
5963,403,616,train
5964,511,676,train
5965,230,102,train
5966,127,246,train
5967,612,540,test
5968,529,367,train
5969,684,647,train
5970,455,631,test
5971,27,684,train
5972,114,612,train
5973,762,659,test
5974,698,460,train
5975,596,358,train
5976,4,745,train
5977,79,607,train
5978,635,740,train
5979,410,36,test
5980,647,789,train
5981,469,692,train
5982,49,550,test
5983,165,714,train
5984,315,32,train
5985,167,491,train
5986,117,584,test
5987,242,767,train
5988,464,559,train
5989,561,84,train
5990,286,364,test
5991,108,265,train
5992,313,445,test
5993,5,579,train
5994,230,785,train
5995,59,162,train
5996,39,595,test
5997,99,475,train
5998,185,552,train
5999,215,324,test
6000,329,248,train
6001,333,84,train
6002,72,164,train
6003,739,81,train
6004,460,278,train
6005,672,140,train
6006,582,666,train
6007,79,530,train
6008,228,278,train
6009,550,243,train
6010,349,103,train
6011,235,26,test
6012,673,131,train
6013,210,624,train
6014,108,364,train
6015,182,441,train
6016,240,313,test
6017,162,104,train
6018,446,491,test
6019,525,38,test
6020,118,297,train
6021,745,436,train
6022,563,346,train
6023,559,160,train
6024,719,418,train
6025,673,615,train
6026,36,566,train
6027,100,225,train
6028,15,396,train
6029,723,717,test
6030,448,163,train
6031,41,214,train
6032,128,219,train
6033,184,87,train
6034,564,26,train
6035,723,438,train
6036,337,313,test
6037,783,661,train
6038,582,272,train
6039,532,550,train
6040,779,273,train
6041,323,625,train
6042,155,740,train
6043,724,417,train
6044,372,481,train
6045,652,702,test
6046,770,237,test
6047,710,608,test
6048,214,548,train
6049,224,477,train
6050,475,184,train
6051,429,685,train
6052,651,524,train
6053,153,19,test
6054,543,531,test
6055,599,114,test
6056,561,105,train
6057,601,4,train
6058,288,574,train
6059,501,94,train
6060,16,543,train
6061,600,310,train
6062,530,430,train
6063,65,291,train
6064,134,594,train
6065,635,59,train
6066,667,297,train
6067,195,54,train
6068,15,340,test
6069,210,775,train
6070,646,665,train
6071,28,521,test
6072,445,243,test
6073,30,352,train
6074,788,176,train
6075,149,518,train
6076,202,383,test
6077,474,291,test
6078,51,104,train
6079,614,538,train
6080,303,219,test
6081,536,82,train
6082,177,371,train
6083,783,727,train
6084,492,312,train
6085,633,51,train
6086,464,434,train
6087,597,764,test
6088,165,218,train
6089,96,354,train
6090,416,371,train
6091,386,496,test
6092,95,42,train
6093,335,337,train
6094,351,683,train
6095,467,771,train
6096,788,290,train
6097,260,70,test
6098,96,265,test
6099,288,115,train
6100,114,690,train
6101,584,157,train
6102,486,249,train
6103,558,281,test
6104,285,340,train
6105,222,367,train
6106,24,544,test
6107,225,98,train
6108,785,725,train
6109,498,364,train
6110,533,225,train
6111,89,6,train
6112,450,384,train
6113,692,118,test
6114,350,533,train
6115,731,255,train
6116,654,620,train
6117,232,382,test
6118,670,189,train
6119,288,515,test
6120,507,225,train
6121,608,417,test
6122,79,518,train
6123,527,679,train
6124,373,116,train
6125,564,657,train
6126,778,104,train
6127,495,651,train
6128,719,85,train
6129,132,359,train
6130,180,620,train
6131,544,732,train
6132,314,422,train
6133,519,757,test
6134,237,91,train
6135,631,794,test
6136,544,490,train
6137,428,481,train
6138,363,62,train
6139,318,95,train
6140,125,394,test
6141,481,391,test
6142,482,777,test
6143,527,88,train
6144,552,178,train
6145,332,764,test
6146,97,229,train
6147,233,448,train
6148,563,247,train
6149,437,386,train
6150,495,276,train
6151,203,209,train
6152,468,511,train
6153,677,213,train
6154,761,126,test
6155,563,508,test
6156,249,411,test
6157,560,544,train
6158,722,788,train
6159,213,323,train
6160,237,164,train
6161,515,172,train
6162,750,403,train
6163,385,484,train
6164,298,631,train
6165,541,661,train
6166,370,537,test
6167,519,108,train
6168,281,61,train
6169,173,283,train
6170,168,47,train
6171,534,565,train
6172,454,672,train
6173,758,729,train
6174,496,440,train
6175,374,760,train
6176,395,344,train
6177,544,425,train
6178,728,603,train
6179,730,447,train
6180,325,239,train
6181,421,502,train
6182,30,800,train
6183,433,105,train
6184,150,448,train
6185,560,490,train
6186,43,97,train
6187,218,356,train
6188,766,441,test
6189,472,699,test
6190,433,466,train
6191,238,552,train
6192,644,553,train
6193,201,663,train
6194,577,629,train
6195,542,508,train
6196,670,84,test
6197,669,113,train
6198,402,781,train
6199,724,627,train
6200,98,661,train
6201,576,53,train
6202,379,607,train
6203,292,620,test
6204,445,675,train
6205,594,701,test
6206,478,705,train
6207,631,73,train
6208,214,351,train
6209,737,463,train
6210,235,436,train
6211,535,771,train
6212,330,626,train
6213,48,97,test
6214,235,324,train
6215,780,679,train
6216,30,64,train
6217,775,513,train
6218,55,409,test
6219,715,529,test
6220,670,745,train
6221,750,170,train
6222,402,393,train
6223,529,676,train
6224,224,308,train
6225,129,550,train
6226,80,751,train
6227,771,638,train
6228,436,721,train
6229,507,494,train
6230,466,281,train
6231,326,571,train
6232,331,686,test
6233,173,774,train
6234,636,522,train
6235,374,295,train
6236,317,324,train
6237,395,401,train
6238,536,525,train
6239,105,727,train
6240,150,187,train
6241,691,553,train
6242,729,331,train
6243,314,533,test
6244,620,647,test
6245,163,502,train
6246,549,21,test
6247,776,172,train
6248,609,138,train
6249,381,263,train
6250,639,247,test
6251,118,746,train
6252,701,555,train
6253,438,159,train
6254,528,798,train
6255,434,314,train
6256,355,105,train
6257,288,158,test
6258,97,238,train
6259,482,731,train
6260,408,760,train
6261,640,203,train
6262,499,70,train
6263,243,292,test
6264,107,710,test
6265,343,130,train
6266,680,545,train
6267,616,400,test
6268,211,138,train
6269,400,295,train
6270,682,67,train
6271,305,552,train
6272,446,332,train
6273,27,77,test
6274,25,491,test
6275,444,393,train
6276,497,759,train
6277,9,453,test
6278,213,595,train
6279,733,256,train
6280,594,705,train
6281,146,258,train
6282,582,293,train
6283,645,7,train
6284,391,394,test
6285,620,162,train
6286,259,444,train
6287,401,590,train
6288,472,19,test
6289,62,307,train
6290,338,506,train
6291,616,171,train
6292,102,764,test
6293,651,455,train
6294,415,32,train
6295,748,529,train
6296,535,76,test
6297,311,359,train
6298,150,91,train
6299,380,329,train
6300,738,155,train
6301,537,29,train
6302,702,559,train
6303,37,80,train
6304,127,206,train
6305,629,244,test
6306,716,197,train
6307,798,307,train
6308,612,619,train
6309,422,381,test
6310,286,650,train
6311,470,211,train
6312,263,395,train
6313,535,427,test
6314,509,667,train
6315,467,574,train
6316,230,326,train
6317,507,516,train
6318,309,73,train
6319,315,201,train
6320,140,316,train
6321,166,707,train
6322,307,522,test
6323,508,218,test
6324,161,695,test
6325,609,405,train
6326,364,541,train
6327,452,323,train
6328,552,104,train
6329,513,711,train
6330,589,22,train
6331,76,444,train
6332,165,325,train
6333,428,794,train
6334,258,715,test
6335,239,470,train
6336,92,493,train
6337,562,240,train
6338,103,744,test
6339,363,398,train
6340,446,609,train
6341,716,526,train
6342,249,394,train
6343,727,393,train
6344,202,508,train
6345,219,13,test
6346,591,302,train
6347,608,510,train
6348,157,58,train
6349,246,365,test
6350,133,705,train
6351,82,35,train
6352,7,566,train
6353,380,270,train
6354,4,326,test
6355,361,467,train
6356,188,509,train
6357,308,32,train
6358,599,131,train
6359,554,3,train
6360,656,383,test
6361,443,550,train
6362,89,294,train
6363,597,680,train
6364,303,540,train
6365,694,775,test
6366,592,186,test
6367,275,431,train
6368,4,542,train
6369,788,599,train
6370,514,395,train
6371,19,670,test
6372,153,387,test
6373,103,614,train
6374,792,456,train
6375,574,539,test
6376,508,599,train
6377,774,157,train
6378,438,294,train
6379,396,253,train
6380,457,771,train
6381,772,460,train
6382,662,92,train
6383,593,566,train
6384,786,24,train
6385,79,355,train
6386,241,130,test
6387,38,286,train
6388,195,15,train
6389,763,620,train
6390,672,723,test
6391,397,756,test
6392,525,591,train
6393,423,616,train
6394,721,131,train
6395,443,449,train
6396,386,349,train
6397,516,719,train
6398,601,343,train
6399,177,139,train
6400,243,19,train
6401,496,764,train
6402,35,216,train
6403,691,246,train
6404,780,532,train
6405,637,466,train
6406,334,329,test
6407,177,455,test
6408,552,85,train
6409,760,248,train
6410,315,733,train
6411,773,644,train
6412,261,129,train
6413,334,770,train
6414,657,787,train
6415,466,326,train
6416,630,722,train
6417,1,717,train
6418,413,257,train
6419,291,700,test
6420,244,460,train
6421,299,293,train
6422,234,202,train
6423,581,750,train
6424,532,779,train
6425,551,585,train
6426,604,656,train
6427,45,264,train
6428,736,361,test
6429,466,768,train
6430,143,541,train
6431,221,256,train
6432,739,323,train
6433,98,185,train
6434,67,95,train
6435,562,539,train
6436,630,783,train
6437,41,484,train
6438,748,649,train
6439,319,784,train
6440,688,527,train
6441,717,624,test
6442,163,487,test
6443,768,391,train
6444,186,49,train
6445,505,442,train
6446,181,689,test
6447,443,733,train
6448,356,308,train
6449,101,401,train
6450,118,777,train
6451,733,684,train
6452,505,545,train
6453,248,687,test
6454,788,308,train
6455,313,49,test
6456,387,317,train
6457,572,25,test
6458,221,234,train
6459,371,245,train
6460,259,256,train
6461,360,145,train
6462,779,47,train
6463,137,576,train
6464,548,435,train
6465,126,529,train
6466,403,3,train
6467,431,375,train
6468,43,796,train
6469,101,526,train
6470,773,209,test
6471,794,758,train
6472,223,524,test
6473,20,118,test
6474,507,220,train
6475,583,155,train
6476,688,45,train
6477,657,425,train
6478,215,588,train
6479,76,700,test
6480,791,249,test
6481,68,599,train
6482,194,530,test
6483,171,413,train
6484,696,217,test
6485,430,673,test
6486,287,125,train
6487,693,399,train
6488,541,428,test
6489,230,700,test
6490,780,162,train
6491,177,476,train
6492,343,547,test
6493,579,267,train
6494,380,468,train
6495,798,259,train
6496,297,101,train
6497,16,92,train
6498,606,141,test
6499,94,182,train
6500,161,640,train
6501,447,104,train
6502,644,520,train
6503,161,486,train
6504,544,580,train
6505,232,292,train
6506,795,513,train
6507,682,226,train
6508,313,596,train
6509,48,683,train
6510,530,267,train
6511,724,423,train
6512,43,299,train
6513,215,633,train
6514,744,216,train
6515,198,228,train
6516,191,48,train
6517,582,274,train
6518,605,539,train
6519,625,481,train
6520,512,462,test
6521,603,613,test
6522,495,361,train
6523,351,648,train
6524,241,177,train
6525,132,701,test
6526,625,376,train
6527,17,311,train
6528,324,227,train
6529,514,579,train
6530,305,191,train
6531,492,523,test
6532,702,432,train
6533,126,691,train
6534,646,395,train
6535,459,179,train
6536,225,678,train
6537,255,372,test
6538,294,292,train
6539,769,10,train
6540,566,208,train
6541,147,216,train
6542,733,469,test
6543,582,348,test
6544,4,338,train
6545,493,792,train
6546,524,230,train
6547,354,755,test
6548,462,741,train
6549,101,129,test
6550,432,182,train
6551,356,584,test
6552,282,448,test
6553,571,264,train
6554,340,58,train
6555,537,664,train
6556,407,433,train
6557,771,124,train
6558,247,225,test
6559,74,345,train
6560,339,397,test
6561,300,39,train
6562,755,400,test
6563,532,402,train
6564,462,675,train
6565,650,272,train
6566,762,31,test
6567,123,516,train
6568,337,575,test
6569,262,312,train
6570,732,321,train
6571,481,367,train
6572,1,381,train
6573,674,99,test
6574,364,108,train
6575,340,717,train
6576,745,302,test
6577,766,34,train
6578,493,531,test
6579,520,786,train
6580,358,589,train
6581,612,7,train
6582,781,334,train
6583,430,71,train
6584,667,95,train
6585,369,727,train
6586,723,647,train
6587,61,595,train
6588,496,726,test
6589,710,554,train
6590,57,663,train
6591,353,301,train
6592,550,415,train
6593,187,465,train
6594,156,645,train
6595,285,297,test
6596,281,758,test
6597,213,83,train
6598,19,16,train
6599,437,520,train
6600,793,683,test
6601,83,231,train
6602,366,227,test
6603,366,462,train
6604,62,182,train
6605,642,200,train
6606,746,460,train
6607,248,666,train
6608,191,761,test
6609,393,615,train
6610,526,585,train
6611,506,380,test
6612,360,761,test
6613,189,195,train
6614,211,399,train
6615,569,65,train
6616,731,166,train
6617,765,72,train
6618,470,287,train
6619,691,222,train
6620,486,650,train
6621,595,107,train
6622,613,128,train
6623,136,798,train
6624,115,148,train
6625,787,72,train
6626,132,501,train
6627,487,267,train
6628,146,404,train
6629,425,514,train
6630,121,527,train
6631,164,111,train
6632,35,394,test
6633,176,674,train
6634,654,617,train
6635,416,579,test
6636,696,560,test
6637,340,607,train
6638,181,316,train
6639,670,486,test
6640,362,794,train
6641,221,706,test
6642,586,412,train
6643,393,439,train
6644,518,643,train
6645,703,99,test
6646,314,8,train
6647,13,504,test
6648,367,759,train
6649,767,281,train
6650,727,11,train
6651,96,648,test
6652,345,228,train
6653,222,680,train
6654,106,2,test
6655,706,190,train
6656,317,606,train
6657,696,262,train
6658,405,279,train
6659,390,98,train
6660,567,299,test
6661,291,423,test
6662,634,611,train
6663,289,632,train
6664,20,114,train
6665,11,475,train
6666,468,638,train
6667,355,159,test
6668,564,472,train
6669,333,391,test
6670,480,576,train
6671,606,592,train
6672,197,667,train
6673,609,38,test
6674,265,398,train
6675,542,240,train
6676,287,386,train
6677,125,531,train
6678,158,165,train
6679,355,222,train
6680,52,300,train
6681,275,518,test
6682,491,19,train
6683,799,135,train
6684,407,255,train
6685,468,426,train
6686,596,685,train
6687,230,142,train
6688,790,214,train
6689,619,347,test
6690,560,434,train
6691,425,204,train
6692,302,520,train
6693,646,232,train
6694,42,238,train
6695,126,757,train
6696,80,379,test
6697,764,97,train
6698,675,374,train
6699,598,424,train
6700,75,621,test
6701,524,513,test
6702,40,586,train
6703,555,38,train
6704,389,225,test
6705,490,257,train
6706,108,469,train
6707,11,601,train
6708,469,728,train
6709,164,520,test
6710,27,456,train
6711,51,337,train
6712,682,578,train
6713,387,471,test
6714,205,440,test
6715,704,329,train
6716,180,496,train
6717,434,755,train
6718,190,294,train
6719,113,284,train
6720,646,576,train
6721,606,641,test
6722,151,727,test
6723,118,617,train
6724,681,39,train
6725,633,668,train
6726,397,531,test
6727,665,56,test
6728,630,257,train
6729,70,430,train
6730,713,612,train
6731,750,249,test
6732,595,726,train
6733,225,496,test
6734,230,201,test
6735,226,316,test
6736,133,347,train
6737,528,579,test
6738,683,88,train
6739,114,376,train
6740,672,468,train
6741,344,635,train
6742,218,561,train
6743,672,475,train
6744,690,677,train
6745,212,511,train
6746,38,98,train
6747,687,487,train
6748,722,242,train
6749,706,496,train
6750,252,340,train
6751,5,338,train
6752,328,446,test
6753,754,703,train
6754,153,437,train
6755,253,690,train
6756,148,248,test
6757,149,688,train
6758,224,542,train
6759,707,526,test
6760,40,469,train
6761,574,509,train
6762,362,282,train
6763,668,462,train
6764,611,467,train
6765,584,660,train
6766,465,380,train
6767,650,53,train
6768,390,737,train
6769,487,597,test
6770,310,317,train
6771,249,156,train
6772,362,373,train
6773,454,132,train
6774,738,18,train
6775,155,637,train
6776,465,16,test
6777,746,252,train
6778,520,338,test
6779,178,642,train
6780,574,87,train
6781,751,174,train
6782,444,596,train
6783,759,463,test
6784,378,680,test
6785,370,137,test
6786,712,241,test
6787,116,737,train
6788,465,703,test
6789,465,260,train
6790,440,480,train
6791,69,191,train
6792,120,754,train
6793,651,658,train
6794,218,525,train
6795,477,459,train
6796,532,701,test
6797,208,441,train
6798,320,799,train
6799,152,87,train
6800,497,156,train
6801,762,576,train
6802,484,141,train
6803,50,469,test
6804,394,690,train
6805,181,120,test
6806,740,452,train
6807,238,736,train
6808,630,406,train
6809,226,648,test
6810,605,568,train
6811,256,586,train
6812,210,290,train
6813,399,209,train
6814,13,48,train
6815,108,155,train
6816,435,550,train
6817,735,478,train
6818,403,464,test
6819,83,660,train
6820,197,640,test
6821,457,27,test
6822,532,731,train
6823,673,390,train
6824,550,490,train
6825,8,257,test
6826,715,577,train
6827,14,541,train
6828,561,755,test
6829,64,702,test
6830,495,235,train
6831,670,785,train
6832,79,720,train
6833,192,740,train
6834,215,751,test
6835,704,289,train
6836,233,702,train
6837,459,106,train
6838,86,517,train
6839,466,567,train
6840,13,789,train
6841,747,372,test
6842,472,760,test
6843,313,159,test
6844,234,649,test
6845,435,191,train
6846,37,638,train
6847,720,28,test
6848,575,477,train
6849,482,702,train
6850,130,154,train
6851,118,581,train
6852,21,701,train
6853,535,766,test
6854,47,95,train
6855,730,122,train
6856,301,670,train
6857,39,57,train
6858,39,116,train
6859,720,560,train
6860,177,591,train
6861,638,298,train
6862,584,567,train
6863,743,596,train
6864,499,545,test
6865,426,115,test
6866,586,416,train
6867,708,441,test
6868,241,463,train
6869,489,659,test
6870,515,378,train
6871,567,535,train
6872,687,251,test
6873,473,696,train
6874,496,748,test
6875,190,439,train
6876,763,185,train
6877,488,60,test
6878,358,204,train
6879,133,138,test
6880,171,330,train
6881,503,699,train
6882,129,675,test
6883,204,334,train
6884,521,156,train
6885,493,96,test
6886,792,290,train
6887,445,5,train
6888,533,122,train
6889,264,485,train
6890,362,774,test
6891,97,719,train
6892,643,757,test
6893,193,316,train
6894,748,684,train
6895,316,120,train
6896,607,585,test
6897,325,203,train
6898,640,30,train
6899,259,117,train
6900,122,256,train
6901,251,25,train
6902,765,730,train
6903,140,117,train
6904,387,450,train
6905,432,548,test
6906,706,269,test
6907,758,294,train
6908,54,467,train
6909,687,499,test
6910,496,543,train
6911,455,467,train
6912,168,510,test
6913,578,638,train
6914,247,86,test
6915,139,588,test
6916,240,711,train
6917,70,278,train
6918,615,620,train
6919,646,251,train
6920,625,788,train
6921,423,96,train
6922,274,83,train
6923,306,760,train
6924,409,422,train
6925,379,24,test
6926,727,634,train
6927,394,469,test
6928,487,474,train
6929,574,493,test
6930,230,370,test
6931,652,504,train
6932,584,464,train
6933,758,396,train
6934,54,200,train
6935,565,257,train
6936,228,406,train
6937,505,503,train
6938,134,38,test
6939,643,17,train
6940,411,767,train
6941,35,427,test
6942,217,559,train
6943,634,381,train
6944,467,42,train
6945,338,29,train
6946,776,260,train
6947,552,103,test
6948,693,7,train
6949,650,459,test
6950,708,26,test
6951,293,181,train
6952,626,642,train
6953,452,214,train
6954,143,240,train
6955,270,672,test
6956,770,410,train
6957,576,418,train
6958,50,676,train
6959,4,58,train
6960,96,514,test
6961,235,30,test
6962,160,489,train
6963,50,779,train
6964,118,679,train
6965,314,206,train
6966,345,401,train
6967,339,725,train
6968,82,358,train
6969,387,175,train
6970,26,748,train
6971,439,300,train
6972,414,395,train
6973,37,583,train
6974,779,167,train
6975,588,50,train
6976,526,710,test
6977,24,461,train
6978,139,74,train
6979,523,572,train
6980,213,244,train
6981,695,105,train
6982,628,93,test
6983,719,285,train
6984,528,175,train
6985,4,797,test
6986,63,220,train
6987,330,800,train
6988,391,58,train
6989,384,307,train
6990,725,732,test
6991,255,582,test
6992,68,345,train
6993,526,472,train
6994,617,569,train
6995,498,98,train
6996,284,103,train
6997,561,176,train
6998,246,260,train
6999,534,304,train
7000,614,662,test
7001,203,353,train
7002,362,226,train
7003,353,303,train
7004,196,75,train
7005,143,728,train
7006,712,571,train
7007,112,403,train
7008,374,257,train
7009,73,535,test
7010,530,475,test
7011,187,502,train
7012,578,717,train
7013,463,515,train
7014,770,86,train
7015,131,15,test
7016,651,721,train
7017,527,365,train
7018,733,559,train
7019,47,520,train
7020,411,796,train
7021,382,83,train
7022,18,228,train
7023,614,265,train
7024,777,7,train
7025,68,54,train
7026,159,481,train
7027,387,374,train
7028,684,40,test
7029,617,654,train
7030,301,508,train
7031,365,356,train
7032,388,698,train
7033,461,62,train
7034,472,220,test
7035,797,411,train
7036,40,674,train
7037,550,607,train
7038,414,593,train
7039,394,623,train
7040,219,772,train
7041,41,83,train
7042,412,14,train
7043,634,776,train
7044,338,18,test
7045,544,759,test
7046,656,25,train
7047,729,325,train
7048,735,747,train
7049,333,583,train
7050,9,323,train
7051,103,490,train
7052,95,467,train
7053,432,382,train
7054,494,282,train
7055,338,636,train
7056,297,717,train
7057,9,672,train
7058,766,739,test
7059,83,74,train
7060,326,617,test
7061,571,431,train
7062,780,696,test
7063,146,558,train
7064,473,460,train
7065,733,490,train
7066,563,512,train
7067,776,247,train
7068,173,754,train
7069,452,471,train
7070,182,334,train
7071,350,710,train
7072,29,211,train
7073,431,6,train
7074,627,49,test
7075,531,155,train
7076,217,69,train
7077,94,23,train
7078,783,787,test
7079,548,399,train
7080,619,540,train
7081,333,204,train
7082,434,682,train
7083,572,174,train
7084,580,204,train
7085,367,794,train
7086,49,584,train
7087,34,701,train
7088,675,500,train
7089,136,361,test
7090,40,588,train
7091,227,791,test
7092,330,306,train
7093,77,643,train
7094,593,635,train
7095,508,790,train
7096,466,591,train
7097,133,373,train
7098,278,384,train
7099,719,511,test
7100,541,600,train
7101,790,471,test
7102,627,757,train
7103,461,106,train
7104,98,345,test
7105,209,585,test
7106,646,760,train
7107,489,666,train
7108,401,173,train
7109,232,176,test
7110,365,127,train
7111,337,374,train
7112,474,517,test
7113,176,121,train
7114,299,583,train
7115,598,431,test
7116,286,321,train
7117,285,199,train
7118,391,364,train
7119,722,222,train
7120,719,732,test
7121,502,555,train
7122,771,309,test
7123,397,291,train
7124,189,298,train
7125,29,642,train
7126,595,596,train
7127,566,14,train
7128,22,14,train
7129,507,551,train
7130,538,225,train
7131,70,319,train
7132,32,707,train
7133,666,345,train
7134,505,642,train
7135,447,168,train
7136,79,83,train
7137,3,248,test
7138,395,22,train
7139,594,261,train
7140,76,612,train
7141,385,283,train
7142,584,588,train
7143,463,251,train
7144,366,248,train
7145,516,692,train
7146,353,282,train
7147,252,308,test
7148,67,224,train
7149,159,729,train
7150,755,528,test
7151,640,346,test
7152,39,213,train
7153,369,523,train
7154,373,8,train
7155,391,696,train
7156,797,272,train
7157,713,93,train
7158,628,775,train
7159,138,772,train
7160,238,332,train
7161,180,271,test
7162,453,445,train
7163,660,64,train
7164,2,573,test
7165,589,540,test
7166,155,716,train
7167,196,70,test
7168,800,593,train
7169,751,130,train
7170,428,218,train
7171,513,783,train
7172,518,467,train
7173,466,244,test
7174,62,472,test
7175,392,630,train
7176,722,762,train
7177,721,332,train
7178,739,483,test
7179,203,766,train
7180,554,287,train
7181,385,694,train
7182,793,116,train
7183,222,438,test
7184,220,666,train
7185,452,225,train
7186,451,51,train
7187,276,260,train
7188,404,760,train
7189,314,517,train
7190,455,536,train
7191,692,492,test
7192,119,613,train
7193,165,440,train
7194,107,597,train
7195,710,506,train
7196,252,213,train
7197,124,17,test
7198,251,255,train
7199,579,94,train
7200,472,540,train
7201,422,181,test
7202,739,202,train
7203,275,737,train
7204,651,796,train
7205,49,137,test
7206,541,755,train
7207,405,407,train
7208,312,755,train
7209,370,268,train
7210,487,292,train
7211,171,592,train
7212,190,466,train
7213,155,328,train
7214,792,708,train
7215,235,9,train
7216,545,481,train
7217,579,683,test
7218,202,118,test
7219,664,401,train
7220,709,761,train
7221,543,510,train
7222,97,654,train
7223,191,481,train
7224,230,773,train
7225,468,391,train
7226,373,67,test
7227,306,163,train
7228,662,691,train
7229,261,6,train
7230,709,383,train
7231,21,95,train
7232,98,262,train
7233,254,281,train
7234,595,173,train
7235,441,692,train
7236,246,757,train
7237,32,663,train
7238,82,612,train
7239,89,442,test
7240,72,26,train
7241,522,593,train
7242,532,137,train
7243,162,758,train
7244,509,454,train
7245,418,711,test
7246,663,586,train
7247,487,117,train
7248,604,434,test
7249,54,196,train
7250,141,415,test
7251,338,527,train
7252,232,244,train
7253,375,266,train
7254,326,636,test
7255,174,378,train
7256,744,576,train
7257,544,664,test
7258,328,201,train
7259,375,759,train
7260,231,604,train
7261,611,656,train
7262,552,218,train
7263,383,480,train
7264,669,184,train
7265,564,185,train
7266,396,724,test
7267,607,156,train
7268,548,124,test
7269,608,74,train
7270,244,601,test
7271,690,424,train
7272,145,751,test
7273,190,483,train
7274,654,40,train
7275,146,513,train
7276,282,659,train
7277,473,540,train
7278,45,633,train
7279,116,460,test
7280,341,321,train
7281,481,59,train
7282,690,167,train
7283,637,195,train
7284,405,581,train
7285,113,291,train
7286,314,2,train
7287,376,135,train
7288,516,215,train
7289,240,459,train
7290,581,468,train
7291,381,644,test
7292,677,449,train
7293,607,357,test
7294,635,616,train
7295,333,491,test
7296,621,550,train
7297,333,258,train
7298,136,585,train
7299,280,352,test
7300,329,491,train
7301,59,431,train
7302,709,101,train
7303,779,91,test
7304,263,456,train
7305,189,289,train
7306,686,538,train
7307,487,667,test
7308,272,658,train
7309,554,732,train
7310,510,252,train
7311,153,36,test
7312,433,198,train
7313,261,787,train
7314,752,735,train
7315,185,331,test
7316,118,756,test
7317,442,512,train
7318,475,470,train
7319,778,780,train
7320,41,376,train
7321,128,391,train
7322,620,349,train
7323,657,464,train
7324,388,720,train
7325,237,176,train
7326,551,720,train
7327,162,290,train
7328,793,791,train
7329,235,223,train
7330,331,732,train
7331,217,3,train
7332,784,7,train
7333,462,304,train
7334,506,641,train
7335,257,135,train
7336,280,80,train
7337,580,223,train
7338,572,457,train
7339,91,456,train
7340,137,679,train
7341,799,496,train
7342,684,19,train
7343,305,372,train
7344,395,580,train
7345,589,560,train
7346,115,257,train
7347,648,145,train
7348,162,569,test
7349,251,535,train
7350,453,760,test
7351,124,136,train
7352,563,41,train
7353,775,430,train
7354,159,347,train
7355,92,331,train
7356,605,650,train
7357,356,337,train
7358,710,765,test
7359,143,211,train
7360,25,648,train
7361,429,502,test
7362,207,224,train
7363,108,254,test
7364,3,568,train
7365,114,335,train
7366,719,557,train
7367,31,728,test
7368,427,481,train
7369,347,227,train
7370,764,323,train
7371,406,8,test
7372,317,289,train
7373,235,248,train
7374,402,165,train
7375,250,238,train
7376,142,791,test
7377,783,640,train
7378,304,500,train
7379,758,449,train
7380,481,361,train
7381,320,731,train
7382,741,198,train
7383,729,253,train
7384,637,652,train
7385,20,435,train
7386,200,436,train
7387,325,47,train
7388,307,565,train
7389,481,722,train
7390,507,434,train
7391,641,732,train
7392,428,601,train
7393,234,307,train
7394,693,351,train
7395,65,109,train
7396,530,122,test
7397,6,611,train
7398,443,397,train
7399,11,504,train
7400,57,634,train
7401,449,349,train
7402,759,732,train
7403,386,303,train
7404,240,290,train
7405,687,668,train
7406,424,30,train
7407,669,513,train
7408,511,337,test
7409,668,794,train
7410,570,160,train
7411,475,194,train
7412,620,360,train
7413,304,593,train
7414,319,563,train
7415,557,11,train
7416,456,521,train
7417,423,560,train
7418,194,49,test
7419,11,538,train
7420,761,470,train
7421,565,17,test
7422,766,620,train
7423,72,770,train
7424,430,632,test
7425,248,74,train
7426,789,335,train
7427,393,544,train
7428,485,378,train
7429,619,543,train
7430,11,598,train
7431,332,197,train
7432,14,333,train
7433,64,334,train
7434,76,330,train
7435,293,27,train
7436,247,185,train
7437,19,700,train
7438,14,420,train
7439,393,96,train
7440,227,730,train
7441,417,631,train
7442,769,140,train
7443,41,579,train
7444,398,785,train
7445,517,739,train
7446,238,603,test
7447,268,597,train
7448,358,276,train
7449,81,6,train
7450,105,210,train
7451,275,386,train
7452,518,553,train
7453,71,9,train
7454,795,208,train
7455,133,449,train
7456,146,581,train
7457,123,49,train
7458,320,104,train
7459,604,125,test
7460,101,582,train
7461,654,189,train
7462,509,184,train
7463,159,287,train
7464,375,133,train
7465,641,561,train
7466,719,546,train
7467,50,570,train
7468,395,473,train
7469,736,89,train
7470,624,361,train
7471,6,317,test
7472,577,507,train
7473,232,277,train
7474,752,390,test
7475,662,482,test
7476,154,592,test
7477,785,703,train
7478,551,404,train
7479,64,744,test
7480,319,741,test
7481,560,781,train
7482,352,567,train
7483,38,668,train
7484,140,278,train
7485,609,190,train
7486,719,235,train
7487,426,154,train
7488,470,525,train
7489,26,629,train
7490,354,648,train
7491,130,333,train
7492,131,241,train
7493,594,339,train
7494,759,303,train
7495,287,293,train
7496,327,176,train
7497,414,137,test
7498,443,763,test
7499,748,712,train
7500,466,492,train
7501,474,535,train
7502,89,537,train
7503,288,775,train
7504,698,443,train
7505,124,154,train
7506,131,418,test
7507,328,283,train
7508,101,157,train
7509,768,136,train
7510,1,54,train
7511,134,505,train
7512,41,91,train
7513,88,770,train
7514,668,546,train
7515,59,357,train
7516,581,584,train
7517,603,784,train
7518,422,367,train
7519,184,324,train
7520,184,568,train
7521,79,129,train
7522,540,428,train
7523,520,498,train
7524,205,70,train
7525,372,554,train
7526,797,478,train
7527,554,533,train
7528,623,489,train
7529,708,143,train
7530,710,630,train
7531,337,515,test
7532,451,768,train
7533,44,292,train
7534,382,795,test
7535,284,296,train
7536,602,315,test
7537,611,425,train
7538,762,652,train
7539,70,351,train
7540,69,547,train
7541,683,86,train
7542,287,478,train
7543,287,432,train
7544,737,360,train
7545,425,458,test
7546,212,95,test
7547,29,408,test
7548,472,180,test
7549,338,757,train
7550,85,335,train
7551,641,119,train
7552,440,15,train
7553,68,774,train
7554,321,59,train
7555,639,721,test
7556,499,125,train
7557,641,730,train
7558,209,26,train
7559,638,110,train
7560,753,678,test
7561,634,138,test
7562,118,261,train
7563,230,711,train
7564,699,48,train
7565,282,698,train
7566,656,723,train
7567,110,254,train
7568,455,444,train
7569,182,261,train
7570,690,778,train
7571,637,143,train
7572,413,44,train
7573,226,300,train
7574,210,660,train
7575,607,627,train
7576,284,609,train
7577,32,472,train
7578,772,148,train
7579,538,533,train
7580,365,678,train
7581,534,689,train
7582,579,495,train
7583,204,26,train
7584,182,526,train
7585,119,340,test
7586,146,465,train
7587,348,586,train
7588,458,783,train
7589,146,778,train
7590,230,774,train
7591,765,313,train
7592,73,371,train
7593,515,9,train
7594,410,202,train
7595,494,537,train
7596,333,537,train
7597,737,151,train
7598,366,528,test
7599,710,147,test
7600,545,692,train
7601,687,268,train
7602,360,412,train
7603,42,780,train
7604,485,416,train
7605,668,48,test
7606,781,471,train
7607,427,94,test
7608,35,61,train
7609,741,334,train
7610,227,84,test
7611,649,13,train
7612,569,484,train
7613,710,269,train
7614,635,234,train
7615,583,714,train
7616,441,229,train
7617,354,761,train
7618,624,646,train
7619,264,4,train
7620,670,758,train
7621,700,357,train
7622,398,35,train
7623,576,235,train
7624,428,704,train
7625,791,79,train
7626,600,662,train
7627,248,683,train
7628,277,431,train
7629,471,165,train
7630,341,230,train
7631,169,627,train
7632,292,79,train
7633,42,259,test
7634,312,460,train
7635,166,478,train
7636,722,587,train
7637,112,522,train
7638,304,389,train
7639,278,748,train
7640,562,453,train
7641,7,56,test
7642,522,531,train
7643,140,758,train
7644,23,198,train
7645,413,383,test
7646,677,751,train
7647,105,397,train
7648,119,125,train
7649,650,622,train
7650,334,497,train
7651,527,401,train
7652,710,798,train
7653,311,252,train
7654,343,171,train
7655,333,275,train
7656,20,494,test
7657,288,524,test
7658,614,455,train
7659,286,642,train
7660,701,766,test
7661,386,640,train
7662,694,487,test
7663,83,268,test
7664,273,564,train
7665,605,36,train
7666,615,344,train
7667,639,785,train
7668,251,102,train
7669,267,147,train
7670,2,796,train
7671,621,152,train
7672,730,150,train
7673,42,160,train
7674,778,627,train
7675,657,332,train
7676,445,777,train
7677,160,514,train
7678,422,389,train
7679,316,241,train
7680,791,348,train
7681,780,26,train
7682,250,527,train
7683,625,629,train
7684,40,365,train
7685,679,501,train
7686,651,349,train
7687,111,707,test
7688,567,394,train
7689,524,167,train
7690,212,666,train
7691,607,76,test
7692,410,701,train
7693,457,356,test
7694,626,460,train
7695,580,614,train
7696,69,586,test
7697,615,539,train
7698,530,173,train
7699,561,259,train
7700,6,300,test
7701,87,211,train
7702,414,223,test
7703,636,94,train
7704,55,667,train
7705,486,598,train
7706,414,498,train
7707,6,15,train
7708,628,265,train
7709,377,21,train
7710,60,726,train
7711,533,547,train
7712,19,295,test
7713,353,550,train
7714,95,467,train
7715,245,481,train
7716,460,715,test
7717,142,422,train
7718,174,188,train
7719,116,218,train
7720,703,799,test
7721,232,437,train
7722,280,402,train
7723,126,209,train
7724,200,524,train
7725,592,292,train
7726,190,195,test
7727,698,118,train
7728,50,64,test
7729,196,716,train
7730,461,313,train
7731,448,97,train
7732,401,262,train
7733,255,152,train
7734,403,642,train
7735,360,362,test
7736,510,362,train
7737,724,412,train
7738,141,789,train
7739,355,780,train
7740,392,585,train
7741,70,691,test
7742,142,637,train
7743,424,440,train
7744,530,673,test
7745,87,746,train
7746,233,755,train
7747,293,274,train
7748,339,332,train
7749,3,669,train
7750,189,391,train
7751,39,302,test
7752,602,75,test
7753,39,179,train
7754,749,467,train
7755,89,755,test
7756,632,22,train
7757,349,599,train
7758,170,235,train
7759,775,323,test
7760,186,552,train
7761,317,665,test
7762,675,376,train
7763,485,294,train
7764,127,81,train
7765,616,690,train
7766,319,451,train
7767,362,667,train
7768,418,170,train
7769,619,138,train
7770,777,617,train
7771,340,517,train
7772,410,798,test
7773,5,763,train
7774,180,181,train
7775,249,505,test
7776,130,641,train
7777,375,712,test
7778,707,152,train
7779,781,639,train
7780,379,3,train
7781,703,270,train
7782,598,756,train
7783,460,725,train
7784,159,462,train
7785,438,282,train
7786,778,312,test
7787,428,760,train
7788,5,443,train
7789,48,451,train
7790,681,590,train
7791,300,598,train
7792,281,441,train
7793,488,773,train
7794,548,313,train
7795,311,657,test
7796,337,398,test
7797,298,104,train
7798,551,425,train
7799,62,758,test
7800,160,275,train
7801,111,519,test
7802,177,447,train
7803,31,231,train
7804,290,329,train
7805,346,793,train
7806,634,278,train
7807,679,621,test
7808,762,687,train
7809,654,178,test
7810,313,469,train
7811,20,642,test
7812,94,654,train
7813,453,660,train
7814,23,31,train
7815,730,571,train
7816,75,141,train
7817,105,596,train
7818,648,380,train
7819,152,265,train
7820,111,221,test
7821,524,211,train
7822,276,699,train
7823,281,334,test
7824,692,595,test
7825,542,302,train
7826,130,65,test
7827,590,406,train
7828,207,314,train
7829,10,562,train
7830,263,522,test
7831,161,635,train
7832,651,141,train
7833,704,162,train
7834,453,198,train
7835,138,750,train
7836,798,761,train
7837,138,504,train
7838,231,636,train
7839,232,245,train
7840,650,763,train
7841,713,588,train
7842,288,18,train
7843,696,13,train
7844,413,603,train
7845,712,772,test
7846,643,359,test
7847,268,362,train
7848,607,72,train
7849,335,751,test
7850,542,753,train
7851,287,182,train
7852,549,414,train
7853,434,615,test
7854,238,477,train
7855,295,344,train
7856,50,309,train
7857,163,508,train
7858,74,259,train
7859,704,559,train
7860,244,290,train
7861,708,572,train
7862,13,762,train
7863,400,177,train
7864,519,190,train
7865,164,80,train
7866,672,470,train
7867,326,85,train
7868,107,690,train
7869,371,393,train
7870,397,224,train
7871,60,798,train
7872,240,412,test
7873,201,153,train
7874,760,151,train
7875,75,20,train
7876,778,476,train
7877,192,600,test
7878,552,771,test
7879,182,82,train
7880,606,670,test
7881,450,156,train
7882,346,610,train
7883,449,744,train
7884,11,360,train
7885,434,21,train
7886,725,248,train
7887,460,99,train
7888,216,346,train
7889,446,665,train
7890,91,124,train
7891,319,585,train
7892,725,481,train
7893,308,741,train
7894,5,575,train
7895,312,85,train
7896,215,767,train
7897,371,127,train
7898,264,130,test
7899,304,514,train
7900,579,525,train
7901,40,312,train
7902,733,537,train
7903,633,598,train
7904,718,584,train
7905,177,373,train
7906,795,442,train
7907,791,714,train
7908,5,546,train
7909,706,152,train
7910,272,582,train
7911,56,205,train
7912,340,184,train
7913,728,117,train
7914,413,254,train
7915,22,211,train
7916,659,131,train
7917,714,323,train
7918,257,84,test
7919,233,495,train
7920,623,674,test
7921,777,728,train
7922,253,327,train
7923,382,536,train
7924,75,123,train
7925,290,468,train
7926,638,393,test
7927,646,196,train
7928,394,622,train
7929,207,409,test
7930,223,606,train
7931,316,692,train
7932,711,431,train
7933,790,449,train
7934,784,84,train
7935,82,756,train
7936,257,786,train
7937,82,143,test
7938,335,650,test
7939,661,39,train
7940,382,496,test
7941,351,136,test
7942,666,434,test
7943,626,672,train
7944,687,59,train
7945,331,173,train
7946,476,104,train
7947,390,402,train
7948,304,539,train
7949,781,299,test
7950,409,589,train
7951,254,534,test
7952,728,543,train
7953,599,381,train
7954,790,610,train
7955,309,5,train
7956,703,695,train
7957,344,48,train
7958,488,660,test
7959,277,106,test
7960,674,179,test
7961,365,739,train
7962,724,384,train
7963,201,774,train
7964,662,673,train
7965,130,477,train
7966,420,82,train
7967,202,504,train
7968,538,228,train
7969,165,137,train
7970,528,658,train
7971,593,205,train
7972,310,216,train
7973,634,372,test
7974,170,619,train
7975,258,601,test
7976,766,423,train
7977,339,619,train
7978,380,64,train
7979,601,34,train
7980,391,226,train
7981,89,283,test
7982,735,218,train
7983,395,626,train
7984,463,515,train
7985,22,52,train
7986,620,49,train
7987,440,186,train
7988,284,749,train
7989,193,498,train
7990,146,171,train
7991,575,711,train
7992,159,589,train
7993,315,137,train
7994,62,94,train
7995,643,305,train
7996,650,473,train
7997,299,643,train
7998,637,446,train
7999,453,278,train
8000,143,609,train
8001,310,223,train
8002,380,450,train
8003,220,266,train
8004,145,205,test
8005,395,92,train
8006,356,309,train
8007,609,482,train
8008,792,718,test
8009,702,680,train
8010,428,225,train
8011,190,371,test
8012,663,47,train
8013,752,541,train
8014,568,56,train
8015,129,443,train
8016,678,776,train
8017,2,733,train
8018,698,615,train
8019,427,386,train
8020,425,126,train
8021,157,298,test
8022,258,432,train
8023,635,662,test
8024,715,24,train
8025,633,379,test
8026,145,625,test
8027,510,338,train
8028,202,49,train
8029,535,182,train
8030,169,764,train
8031,59,785,train
8032,439,107,train
8033,59,142,train
8034,288,560,train
8035,440,762,train
8036,586,745,train
8037,499,88,train
8038,558,613,train
8039,626,557,train
8040,750,675,test
8041,370,25,test
8042,582,332,test
8043,294,664,test
8044,23,613,train
8045,371,190,test
8046,370,586,train
8047,682,296,train
8048,205,309,train
8049,552,218,train
8050,747,370,test
8051,445,661,train
8052,453,392,test
8053,49,301,test
8054,645,648,train
8055,265,215,train
8056,675,330,train
8057,568,742,test
8058,224,295,train
8059,266,352,train
8060,18,148,train
8061,493,196,train
8062,68,451,train
8063,405,89,train
8064,25,39,train
8065,274,84,train
8066,642,395,train
8067,105,788,train
8068,619,40,train
8069,514,163,train
8070,561,86,train
8071,766,76,train
8072,783,14,train
8073,593,687,train
8074,428,161,train
8075,738,399,train
8076,225,335,train
8077,223,427,train
8078,403,763,train
8079,685,241,test
8080,752,165,train
8081,45,394,train
8082,561,594,train
8083,629,13,train
8084,240,286,train
8085,667,602,test
8086,171,372,train
8087,131,684,train
8088,454,435,train
8089,349,449,train
8090,611,769,train
8091,727,515,train
8092,784,81,test
8093,508,54,train
8094,397,796,train
8095,761,463,train
8096,376,790,train
8097,29,174,train
8098,729,453,train
8099,247,780,train
8100,272,355,test
8101,541,627,test
8102,14,84,train
8103,514,348,test
8104,181,517,test
8105,654,647,train
8106,464,373,test
8107,279,430,train
8108,438,114,train
8109,510,22,train
8110,120,158,train
8111,742,20,train
8112,598,595,train
8113,123,334,train
8114,667,726,train
8115,760,408,train
8116,795,15,train
8117,371,429,train
8118,70,254,train
8119,349,607,train
8120,357,422,train
8121,221,780,train
8122,381,638,train
8123,538,557,train
8124,599,352,train
8125,229,562,test
8126,490,13,train
8127,511,170,test
8128,238,268,train
8129,55,647,train
8130,354,685,train
8131,694,638,train
8132,150,47,train
8133,561,707,train
8134,58,643,train
8135,328,186,train
8136,30,672,train
8137,311,356,train
8138,570,367,train
8139,439,521,test
8140,414,658,test
8141,499,152,train
8142,444,482,test
8143,294,777,test
8144,729,705,train
8145,318,767,train
8146,434,526,train
8147,678,397,train
8148,184,105,test
8149,787,629,train
8150,114,185,test
8151,217,435,train
8152,278,286,train
8153,641,565,train
8154,708,125,train
8155,96,15,test
8156,1,324,train
8157,498,132,test
8158,167,461,test
8159,438,133,train
8160,584,522,test
8161,559,515,train
8162,656,555,train
8163,48,413,train
8164,364,247,test
8165,531,275,train
8166,158,562,train
8167,541,662,test
8168,771,643,train
8169,22,541,train
8170,60,145,train
8171,516,243,train
8172,517,169,train
8173,705,711,train
8174,205,218,train
8175,279,402,train
8176,696,731,train
8177,263,547,train
8178,405,157,test
8179,624,116,test
8180,732,86,train
8181,507,325,test
8182,468,291,train
8183,800,132,train
8184,513,379,test
8185,590,303,train
8186,505,245,train
8187,461,309,train
8188,694,345,train
8189,97,34,train
8190,317,260,train
8191,245,494,test
8192,243,459,train
8193,748,123,test
8194,527,725,train
8195,213,42,train
8196,179,289,train
8197,427,403,train
8198,211,207,train
8199,648,606,train
8200,277,300,train
8201,62,48,train
8202,6,25,train
8203,167,229,train
8204,641,608,test
8205,623,427,train
8206,557,213,train
8207,663,106,train
8208,682,637,train
8209,432,373,train
8210,459,282,train
8211,520,54,train
8212,136,352,train
8213,636,640,train
8214,593,783,train
8215,250,59,train
8216,335,202,train
8217,21,74,test
8218,187,560,train
8219,133,129,train
8220,551,219,train
8221,53,461,train
8222,251,282,train
8223,765,444,train
8224,138,521,train
8225,70,49,test
8226,293,478,train
8227,750,311,train
8228,465,760,train
8229,89,136,train
8230,204,61,train
8231,733,381,train
8232,244,707,train
8233,667,602,test
8234,599,187,test
8235,795,177,test
8236,776,154,train
8237,23,41,train
8238,325,218,train
8239,43,406,test
8240,507,761,train
8241,733,734,train
8242,768,799,train
8243,313,23,train
8244,531,205,train
8245,302,433,train
8246,247,40,test
8247,340,438,train
8248,154,575,train
8249,366,462,train
8250,457,359,train
8251,737,792,train
8252,786,691,train
8253,620,390,train
8254,306,417,train
8255,393,764,train
8256,735,684,train
8257,664,282,train
8258,733,719,test
8259,150,616,train
8260,331,171,train
8261,148,104,train
8262,304,629,test
8263,460,472,train
8264,399,341,train
8265,54,349,test
8266,690,552,train
8267,525,88,train
8268,39,637,train
8269,634,54,train
8270,174,547,train
8271,4,620,test
8272,263,178,test
8273,221,745,train
8274,542,727,train
8275,155,8,train
8276,150,457,train
8277,420,680,train
8278,301,31,train
8279,339,668,test
8280,715,64,test
8281,184,367,train
8282,734,53,train
8283,504,587,test
8284,323,425,train
8285,750,274,train
8286,759,279,train
8287,738,692,train
8288,378,253,train
8289,428,672,train
8290,578,664,train
8291,45,421,train
8292,656,476,train
8293,738,708,train
8294,508,616,train
8295,268,616,test
8296,274,61,train
8297,359,342,test
8298,707,140,train
8299,165,532,train
8300,439,532,train
8301,534,40,train
8302,780,732,train
8303,607,585,test
8304,530,169,train
8305,115,454,train
8306,325,249,train
8307,196,325,train
8308,352,335,train
8309,687,660,train
8310,48,435,train
8311,609,446,train
8312,423,410,train
8313,49,698,train
8314,492,18,train
8315,68,434,train
8316,456,508,test
8317,772,267,train
8318,450,672,test
8319,486,710,train
8320,719,119,test
8321,422,191,train
8322,307,251,test
8323,133,351,test
8324,107,705,test
8325,780,283,test
8326,333,369,train
8327,140,246,train
8328,706,768,test
8329,585,228,train
8330,475,34,train
8331,594,596,train
8332,84,221,test
8333,397,10,train
8334,703,348,train
8335,679,494,train
8336,434,758,test
8337,452,358,test
8338,597,689,test
8339,680,54,test
8340,331,30,train
8341,693,738,train
8342,665,71,train
8343,761,151,train
8344,544,16,test
8345,368,325,train
8346,524,252,test
8347,253,332,test
8348,29,630,train
8349,673,389,test
8350,308,105,train
8351,114,704,train
8352,121,135,train
8353,514,765,train
8354,745,167,test
8355,757,553,train
8356,670,697,test
8357,791,266,train
8358,230,664,train
8359,599,42,train
8360,143,617,train
8361,597,439,test
8362,442,218,test
8363,120,309,train
8364,793,363,test
8365,789,52,train
8366,751,389,train
8367,750,757,train
8368,600,1,train
8369,313,692,train
8370,324,57,train
8371,140,148,train
8372,702,554,test
8373,329,651,train
8374,585,493,train
8375,275,361,test
8376,149,347,train
8377,662,146,train
8378,268,731,train
8379,396,423,train
8380,17,747,train
8381,542,138,test
8382,165,388,test
8383,619,69,train
8384,287,382,train
8385,344,172,train
8386,280,715,train
8387,129,259,train
8388,661,530,train
8389,225,464,train
8390,646,277,train
8391,548,157,train
8392,568,126,train
8393,541,416,train
8394,730,543,train
8395,670,497,train
8396,672,157,train
8397,531,285,train
8398,579,212,train
8399,265,72,train
8400,447,580,test
8401,385,118,train
8402,204,664,train
8403,205,385,train
8404,133,771,train
8405,614,61,train
8406,179,152,train
8407,377,585,test
8408,341,647,test
8409,265,353,train
8410,649,709,train
8411,286,35,train
8412,519,778,train
8413,430,645,train
8414,700,320,train
8415,178,601,train
8416,120,337,train
8417,203,764,train
8418,518,167,train
8419,638,406,train
8420,289,457,train
8421,115,432,test
8422,666,423,test
8423,578,638,train
8424,83,132,test
8425,351,606,test
8426,600,597,train
8427,251,213,test
8428,192,725,train
8429,361,222,test
8430,532,519,test
8431,681,272,train
8432,571,202,train
8433,588,754,train
8434,467,325,train
8435,346,364,test
8436,112,513,train
8437,613,389,test
8438,206,406,train
8439,448,560,train
8440,219,168,train
8441,505,182,train
8442,448,304,train
8443,263,14,train
8444,412,746,train
8445,157,786,train
8446,695,476,train
8447,198,798,test
8448,443,429,test
8449,689,139,train
8450,105,610,train
8451,361,57,test
8452,63,716,train
8453,736,428,train
8454,164,323,train
8455,31,364,train
8456,280,714,test
8457,83,527,train
8458,455,624,train
8459,685,23,train
8460,525,478,train
8461,515,304,train
8462,213,326,test
8463,548,652,test
8464,780,359,train
8465,482,460,test
8466,34,8,train
8467,570,558,test
8468,14,570,train
8469,247,196,train
8470,394,333,test
8471,660,258,train
8472,8,722,train
8473,325,707,test
8474,426,70,test
8475,270,708,train
8476,156,423,train
8477,15,123,test
8478,616,684,train
8479,527,328,test
8480,539,747,train
8481,472,583,train
8482,502,223,train
8483,245,178,train
8484,800,573,train
8485,174,764,test
8486,337,701,train
8487,206,32,train
8488,760,775,train
8489,575,123,train
8490,290,736,test
8491,458,27,train
8492,171,689,train
8493,545,19,test
8494,87,457,train
8495,314,161,train
8496,739,720,test
8497,513,35,train
8498,379,493,train
8499,5,84,train
8500,697,778,train
8501,258,686,test
8502,558,69,train
8503,694,118,train
8504,547,598,train
8505,631,83,train
8506,760,307,test
8507,485,764,train
8508,402,305,train
8509,627,159,test
8510,273,789,train
8511,485,667,train
8512,20,47,train
8513,622,8,test
8514,221,570,test
8515,495,103,train
8516,621,310,train
8517,692,711,train
8518,759,719,train
8519,214,260,train
8520,634,411,train
8521,164,269,test
8522,513,637,train
8523,324,593,train
8524,462,773,train
8525,278,481,train
8526,490,427,train
8527,360,86,test
8528,107,99,train
8529,141,320,test
8530,794,557,train
8531,497,336,train
8532,663,123,train
8533,390,741,train
8534,482,664,train
8535,658,27,train
8536,412,518,train
8537,451,119,test
8538,668,232,train
8539,235,203,train
8540,568,276,train
8541,754,660,train
8542,745,351,train
8543,495,135,train
8544,302,314,train
8545,84,11,train
8546,681,785,train
8547,744,488,train
8548,411,329,train
8549,401,654,train
8550,728,114,train
8551,544,628,train
8552,3,606,train
8553,129,480,train
8554,11,274,train
8555,749,791,train
8556,462,65,test
8557,382,182,test
8558,709,743,train
8559,147,442,train
8560,592,742,train
8561,190,154,test
8562,175,762,train
8563,285,432,train
8564,607,326,train
8565,230,756,test
8566,627,535,train
8567,132,382,train
8568,484,423,test
8569,793,449,train
8570,1,385,train
8571,579,800,test
8572,633,724,test
8573,473,424,test
8574,589,269,train
8575,229,369,train
8576,36,657,train
8577,284,239,train
8578,522,239,train
8579,396,224,train
8580,136,681,train
8581,16,107,train
8582,356,185,train
8583,406,520,train
8584,502,408,train
8585,378,629,train
8586,712,647,train
8587,692,463,train
8588,575,665,train
8589,377,120,train
8590,299,712,train
8591,23,214,test
8592,547,99,train
8593,421,612,train
8594,680,92,train
8595,431,424,train
8596,288,18,train
8597,562,558,test
8598,314,500,train
8599,401,179,train
8600,285,185,train
8601,451,502,train
8602,355,603,train
8603,656,576,test
8604,103,159,train
8605,703,223,train
8606,377,31,train
8607,747,318,train
8608,15,602,train
8609,761,8,train
8610,7,461,train
8611,784,509,train
8612,313,428,train
8613,629,125,train
8614,619,377,test
8615,686,279,test
8616,800,511,train
8617,264,403,train
8618,38,62,train
8619,454,723,train
8620,451,229,train
8621,392,454,train
8622,570,689,train
8623,378,743,train
8624,39,286,train
8625,212,416,train
8626,169,461,test
8627,564,203,test
8628,218,666,train
8629,75,176,train
8630,207,349,train
8631,136,318,train
8632,699,431,train
8633,421,176,train
8634,28,711,train
8635,60,698,test
8636,471,64,train
8637,172,267,train
8638,433,344,train
8639,641,260,train
8640,665,437,test
8641,93,86,train
8642,201,671,train
8643,203,730,train
8644,8,154,test
8645,469,288,train
8646,60,663,train
8647,210,797,train
8648,743,319,test
8649,71,716,train
8650,252,461,train
8651,639,227,test
8652,774,753,train
8653,519,473,test
8654,194,288,train
8655,130,69,test
8656,442,138,train
8657,709,650,train
8658,463,136,train
8659,659,318,train
8660,462,303,train
8661,181,10,test
8662,515,684,train
8663,221,123,train
8664,758,716,train
8665,43,439,train
8666,191,268,test
8667,203,405,train
8668,231,343,test
8669,115,696,train
8670,300,206,train
8671,596,643,train
8672,269,216,train
8673,31,268,train
8674,184,308,test
8675,608,224,train
8676,177,674,test
8677,96,609,train
8678,238,407,test
8679,334,457,test
8680,467,572,train
8681,641,464,train
8682,669,194,test
8683,466,792,test
8684,198,147,train
8685,592,164,train
8686,330,768,test
8687,476,558,train
8688,70,160,test
8689,25,502,test
8690,89,14,train
8691,610,208,train
8692,219,622,train
8693,74,417,train
8694,52,284,train
8695,585,3,train
8696,434,542,train
8697,299,752,train
8698,560,65,train
8699,99,428,train
8700,120,546,train
8701,704,569,train
8702,622,81,train
8703,480,627,train
8704,771,282,train
8705,251,69,train
8706,388,43,test
8707,587,94,train
8708,683,405,train
8709,376,792,train
8710,562,151,train
8711,444,575,train
8712,25,640,train
8713,245,452,train
8714,775,7,train
8715,286,498,train
8716,149,657,train
8717,134,784,test
8718,214,755,train
8719,488,304,train
8720,164,516,train
8721,268,745,train
8722,576,527,test
8723,156,185,train
8724,23,79,test
8725,457,704,train
8726,214,261,train
8727,633,769,train
8728,661,387,test
8729,74,113,train
8730,491,67,train
8731,693,166,test
8732,248,652,train
8733,75,385,train
8734,67,263,test
8735,535,772,train
8736,234,332,train
8737,488,141,train
8738,374,429,train
8739,354,259,train
8740,545,541,train
8741,585,622,train
8742,134,92,test
8743,68,613,train
8744,439,199,train
8745,131,747,train
8746,756,436,train
8747,745,619,test
8748,264,536,test
8749,281,731,train
8750,69,347,train
8751,745,43,train
8752,601,591,test
8753,199,650,train
8754,616,682,train
8755,34,180,train
8756,463,662,test
8757,448,314,train
8758,510,651,train
8759,762,431,train
8760,109,567,train
8761,68,715,train
8762,417,357,train
8763,532,584,test
8764,559,567,train
8765,224,543,train
8766,619,80,train
8767,522,27,train
8768,249,319,test
8769,345,143,train
8770,182,82,train
8771,182,375,train
8772,143,24,train
8773,511,179,test
8774,389,223,train
8775,774,680,train
8776,509,675,train
8777,134,342,train
8778,713,317,train
8779,265,517,train
8780,516,114,train
8781,459,103,train
8782,175,409,train
8783,674,638,train
8784,278,634,train
8785,473,719,train
8786,140,690,test
8787,40,41,train
8788,125,469,train
8789,210,171,train
8790,399,463,train
8791,646,400,train
8792,748,443,train
8793,570,259,train
8794,609,646,train
8795,258,502,train
8796,631,712,train
8797,297,251,train
8798,119,580,train
8799,431,693,train
8800,434,65,train
8801,7,781,test
8802,580,428,train
8803,507,367,train
8804,417,202,train
8805,634,76,train
8806,489,388,train
8807,624,443,train
8808,555,45,train
8809,80,756,train
8810,74,408,train
8811,505,173,train
8812,261,117,train
8813,309,725,train
8814,674,374,train
8815,337,786,train
8816,617,181,train
8817,352,117,train
8818,114,731,train
8819,749,352,test
8820,442,415,train
8821,135,24,train
8822,694,149,train
8823,223,425,test
8824,43,546,train
8825,539,492,train
8826,166,108,train
8827,488,795,train
8828,28,59,test
8829,217,350,train
8830,688,411,train
8831,699,455,train
8832,754,326,train
8833,689,80,train
8834,427,334,train
8835,480,266,test
8836,505,711,train
8837,413,583,train
8838,494,89,train
8839,79,720,train
8840,662,330,train
8841,532,261,train
8842,744,446,train
8843,789,614,test
8844,447,704,test
8845,642,696,train
8846,238,792,test
8847,397,724,train
8848,626,49,train
8849,270,273,train
8850,518,638,train
8851,58,683,test
8852,273,612,train
8853,607,577,train
8854,27,677,test
8855,408,593,train
8856,737,700,train
8857,401,638,train
8858,256,688,train
8859,56,296,train
8860,583,269,train
8861,10,594,test
8862,391,490,train
8863,628,646,train
8864,525,792,train
8865,708,710,train
8866,503,623,test
8867,569,41,test
8868,793,551,train
8869,514,261,train
8870,527,327,train
8871,239,95,train
8872,481,673,train
8873,391,291,train
8874,641,238,train
8875,408,189,test
8876,207,780,test
8877,30,603,train
8878,214,514,test
8879,51,300,test
8880,315,503,train
8881,331,100,train
8882,496,420,train
8883,142,344,train
8884,694,56,test
8885,525,778,train
8886,17,514,test
8887,511,377,train
8888,293,264,train
8889,558,695,train
8890,580,80,train
8891,121,318,train
8892,64,706,train
8893,233,122,test
8894,349,428,train
8895,169,212,test
8896,450,694,train
8897,558,1,train
8898,712,501,train
8899,539,214,test
8900,725,195,train
8901,227,533,train
8902,463,704,train
8903,222,270,train
8904,75,560,train
8905,567,306,test
8906,318,431,train
8907,710,771,test
8908,465,573,train
8909,721,112,train
8910,119,84,train
8911,435,224,train
8912,634,112,test
8913,302,340,train
8914,222,472,train
8915,395,206,test
8916,265,376,test
8917,610,436,train
8918,340,754,train
8919,451,751,train
8920,468,306,train
8921,764,506,train
8922,473,276,train
8923,464,633,train
8924,786,608,train
8925,274,386,train
8926,228,120,train
8927,468,351,train
8928,483,534,test
8929,398,306,train
8930,323,10,test
8931,339,406,test
8932,546,303,train
8933,483,222,train
8934,499,731,test
8935,265,173,train
8936,577,573,test
8937,613,670,train
8938,49,279,train
8939,175,251,train
8940,238,79,test
8941,146,134,test
8942,114,597,train
8943,641,652,train
8944,704,465,train
8945,668,800,train
8946,441,683,train
8947,334,384,train
8948,627,631,train
8949,392,738,train
8950,792,497,train
8951,64,8,train
8952,87,658,train
8953,217,227,test
8954,621,784,train
8955,758,751,train
8956,359,329,train
8957,530,770,train
8958,659,593,test
8959,626,514,train
8960,774,638,test
8961,739,382,train
8962,233,74,train
8963,54,506,train
8964,590,304,train
8965,668,374,train
8966,32,537,train
8967,581,764,train
8968,626,613,train
8969,718,495,train
8970,395,377,train
8971,145,209,train
8972,426,323,train
8973,104,193,test
8974,762,521,train
8975,102,572,train
8976,508,148,train
8977,600,87,train
8978,123,347,train
8979,141,691,train
8980,287,386,train
8981,685,323,train
8982,354,515,test
8983,645,795,train
8984,761,288,train
8985,665,436,train
8986,513,530,train
8987,271,574,train
8988,493,785,train
8989,83,95,train
8990,464,401,train
8991,17,347,test
8992,630,150,train
8993,23,176,train
8994,255,374,train
8995,75,743,test
8996,102,587,test
8997,404,686,train
8998,158,92,train
8999,73,621,train
9000,417,570,train
9001,630,140,train
9002,642,23,train
9003,107,111,train
9004,791,134,train
9005,779,503,train
9006,62,781,train
9007,549,129,train
9008,700,646,test
9009,783,331,train
9010,415,512,train
9011,669,36,test
9012,271,517,train
9013,491,9,test
9014,653,114,train
9015,129,607,test
9016,644,531,train
9017,303,267,train
9018,431,445,train
9019,718,594,train
9020,104,126,train
9021,646,244,train
9022,512,271,train
9023,295,641,train
9024,48,364,test
9025,597,450,train
9026,486,579,train
9027,565,335,train
9028,735,434,train
9029,68,345,train
9030,349,17,train
9031,336,562,train
9032,273,438,train
9033,170,404,test
9034,383,557,train
9035,418,683,train
9036,139,487,test
9037,391,100,train
9038,688,238,train
9039,15,574,train
9040,750,276,train
9041,557,163,train
9042,565,708,train
9043,278,781,test
9044,218,418,train
9045,391,449,train
9046,468,776,train
9047,409,113,train
9048,575,522,train
9049,610,446,train
9050,71,585,train
9051,415,487,test
9052,644,501,test
9053,713,463,train
9054,452,185,test
9055,743,82,train
9056,97,112,test
9057,77,49,test
9058,426,436,test
9059,215,792,train
9060,760,167,train
9061,337,647,train
9062,97,52,train
9063,215,318,train
9064,410,380,train
9065,103,381,train
9066,467,405,train
9067,530,603,train
9068,291,475,train
9069,26,444,train
9070,585,328,train
9071,391,330,test
9072,456,170,test
9073,596,693,test
9074,637,443,train
9075,170,507,train
9076,583,794,train
9077,435,577,train
9078,615,131,train
9079,591,523,train
9080,219,25,train
9081,391,685,train
9082,130,644,train
9083,455,722,train
9084,760,266,train
9085,768,350,train
9086,756,698,test
9087,177,676,train
9088,98,373,train
9089,652,31,train
9090,640,212,train
9091,119,151,train
9092,518,25,train
9093,785,285,train
9094,438,656,train
9095,584,609,train
9096,767,440,test
9097,657,377,test
9098,493,427,train
9099,388,785,train
9100,203,121,train
9101,205,281,train
9102,380,740,test
9103,668,253,train
9104,44,5,train
9105,701,513,train
9106,554,268,train
9107,356,45,train
9108,698,539,train
9109,617,16,train
9110,717,180,train
9111,486,776,train
9112,446,154,train
9113,776,299,test
9114,159,586,train
9115,404,32,train
9116,493,460,train
9117,246,640,train
9118,439,389,train
9119,759,781,test
9120,213,535,train
9121,164,237,train
9122,475,243,train
9123,151,778,test
9124,134,517,train
9125,474,545,train
9126,798,345,train
9127,748,487,train
9128,709,789,train
9129,762,59,train
9130,477,718,train
9131,269,340,train
9132,732,55,train
9133,318,713,train
9134,751,619,train
9135,643,790,train
9136,381,789,train
9137,611,609,train
9138,138,101,test
9139,171,415,test
9140,434,660,train
9141,19,642,train
9142,799,363,test
9143,532,558,train
9144,387,650,train
9145,160,653,train
9146,107,201,train
9147,611,150,train
9148,551,71,train
9149,276,93,train
9150,764,798,train
9151,17,746,train
9152,651,13,train
9153,399,664,train
9154,417,246,train
9155,536,565,train
9156,118,485,train
9157,267,239,train
9158,729,382,train
9159,81,362,train
9160,523,611,train
9161,534,555,train
9162,376,146,train
9163,637,636,train
9164,142,750,train
9165,67,639,train
9166,549,678,train
9167,690,96,test
9168,376,340,test
9169,572,744,test
9170,101,85,train
9171,292,727,train
9172,142,324,train
9173,362,114,test
9174,466,302,train
9175,587,277,train
9176,630,276,train
9177,321,23,train
9178,233,360,train
9179,546,289,test
9180,68,637,train
9181,133,38,test
9182,154,219,train
9183,656,729,test
9184,426,265,test
9185,734,190,train
9186,500,442,test
9187,413,670,test
9188,459,401,train
9189,138,483,train
9190,471,492,train
9191,680,244,train
9192,487,343,train
9193,665,169,train
9194,654,725,test
9195,535,744,train
9196,549,24,train
9197,111,151,train
9198,497,562,train
9199,362,316,train
9200,602,329,train
9201,427,1,train
9202,671,567,test
9203,428,306,test
9204,426,501,test
9205,756,14,train
9206,11,602,test
9207,421,565,train
9208,743,289,train
9209,658,155,test
9210,58,607,train
9211,739,305,train
9212,77,528,train
9213,339,566,test
9214,430,614,train
9215,706,330,train
9216,461,793,train
9217,654,220,train
9218,423,244,train
9219,362,110,train
9220,254,539,train
9221,3,543,train
9222,624,752,test
9223,474,742,train
9224,306,81,train
9225,102,402,train
9226,47,670,train
9227,696,745,train
9228,471,267,train
9229,272,485,train
9230,536,520,train
9231,264,789,train
9232,792,8,test
9233,730,791,train
9234,116,520,train
9235,661,353,test
9236,728,705,train
9237,495,783,train
9238,16,73,train
9239,432,234,train
9240,79,240,train
9241,542,208,train
9242,336,276,train
9243,490,709,train
9244,736,215,train
9245,355,594,test
9246,659,309,train
9247,240,168,test
9248,678,248,test
9249,607,106,train
9250,51,347,train
9251,696,756,test
9252,475,373,train
9253,168,522,test
9254,56,50,test
9255,79,636,train
9256,196,576,train
9257,650,593,train
9258,352,244,train
9259,35,359,train
9260,721,742,test
9261,432,574,train
9262,624,775,train
9263,261,300,train
9264,768,127,train
9265,387,170,train
9266,73,194,test
9267,312,170,test
9268,92,15,train
9269,391,568,train
9270,707,689,train
9271,43,93,train
9272,367,375,train
9273,490,255,train
9274,778,23,test
9275,21,641,train
9276,776,434,train
9277,314,38,train
9278,318,465,train
9279,434,554,train
9280,405,740,train
9281,220,593,test
9282,578,557,train
9283,359,531,train
9284,528,699,train
9285,321,417,test
9286,234,693,train
9287,373,548,train
9288,331,173,train
9289,42,200,train
9290,233,331,train
9291,545,249,train
9292,730,547,train
9293,701,185,train
9294,446,784,test
9295,444,756,train
9296,626,492,train
9297,539,475,train
9298,314,197,train
9299,704,100,train
9300,700,660,train
9301,639,61,train
9302,151,101,train
9303,561,524,train
9304,327,666,train
9305,353,526,test
9306,198,588,test
9307,225,514,train
9308,306,110,train
9309,446,640,test
9310,389,496,train
9311,127,468,train
9312,537,299,train
9313,196,348,train
9314,60,568,train
9315,221,100,train
9316,678,528,train
9317,560,268,train
9318,748,399,train
9319,559,489,train
9320,224,211,train
9321,337,531,train
9322,113,261,train
9323,602,51,train
9324,606,638,test
9325,431,746,train
9326,783,610,train
9327,336,595,test
9328,173,23,train
9329,378,797,train
9330,99,541,train
9331,346,410,train
9332,25,79,train
9333,500,20,test
9334,591,179,train
9335,77,636,test
9336,43,231,train
9337,100,280,test
9338,429,601,train
9339,753,719,train
9340,245,437,train
9341,502,88,test
9342,1,493,train
9343,279,137,train
9344,201,103,train
9345,686,225,train
9346,405,515,train
9347,238,409,train
9348,402,308,train
9349,228,402,train
9350,336,796,test
9351,784,480,train
9352,99,759,train
9353,722,561,train
9354,776,667,train
9355,269,596,train
9356,221,569,train
9357,786,113,test
9358,374,464,train
9359,549,591,train
9360,193,574,test
9361,450,332,train
9362,313,735,train
9363,431,58,train
9364,659,588,test
9365,11,156,test
9366,778,120,train
9367,705,86,train
9368,295,276,train
9369,775,753,test
9370,633,567,train
9371,513,233,train
9372,39,257,train
9373,335,607,train
9374,196,462,test
9375,212,766,train
9376,386,543,test
9377,42,458,train
9378,608,22,test
9379,491,248,test
9380,403,548,train
9381,634,354,test
9382,326,790,train
9383,288,611,train
9384,171,203,test
9385,400,393,test
9386,487,755,train
9387,505,664,train
9388,706,676,train
9389,761,448,train
9390,524,334,train
9391,526,42,train
9392,41,88,test
9393,573,726,train
9394,213,251,test
9395,488,639,train
9396,378,232,train
9397,3,662,train
9398,798,604,train
9399,434,516,train
9400,148,357,train
9401,228,406,train
9402,330,443,train
9403,53,45,train
9404,780,442,train
9405,599,259,test
9406,756,294,train
9407,639,737,test
9408,300,231,train
9409,302,1,train
9410,735,143,train
9411,514,26,test
9412,666,702,train
9413,635,699,test
9414,716,694,train
9415,23,663,test
9416,134,789,test
9417,497,164,train
9418,138,448,train
9419,384,500,train
9420,162,394,train
9421,43,771,train
9422,690,117,train
9423,35,387,train
9424,274,380,train
9425,160,544,train
9426,17,766,test
9427,269,5,train
9428,436,515,train
9429,229,85,test
9430,205,625,train
9431,223,705,train
9432,353,206,train
9433,238,574,train
9434,575,188,test
9435,660,29,train
9436,417,735,train
9437,381,557,train
9438,110,351,train
9439,1,115,train
9440,287,559,train
9441,237,548,train
9442,526,182,train
9443,269,746,test
9444,586,185,train
9445,316,692,train
9446,448,159,train
9447,151,541,test
9448,194,648,train
9449,195,99,test
9450,257,506,test
9451,86,791,train
9452,333,733,train
9453,481,500,train
9454,169,178,train
9455,439,522,train
9456,497,211,train
9457,605,751,train
9458,781,736,train
9459,34,593,train
9460,452,249,test
9461,428,563,train
9462,296,401,train
9463,563,673,train
9464,708,735,train
9465,186,353,train
9466,172,433,train
9467,184,367,train
9468,545,799,train
9469,23,245,train
9470,147,689,train
9471,115,674,train
9472,763,193,train
9473,402,348,train
9474,104,218,train
9475,339,406,test
9476,407,193,test
9477,291,230,train
9478,17,265,train
9479,423,547,test
9480,167,548,train
9481,744,371,train
9482,116,210,train
9483,5,382,test
9484,249,277,train
9485,798,468,train
9486,130,139,train
9487,671,426,test
9488,140,685,test
9489,95,603,train
9490,195,458,train
9491,761,707,train
9492,128,100,test
9493,27,109,train
9494,366,380,train
9495,411,60,train
9496,127,666,train
9497,13,665,train
9498,760,115,train
9499,741,776,train
9500,425,654,train
9501,559,192,train
9502,668,657,train
9503,424,742,train
9504,414,9,train
9505,13,146,train
9506,388,546,train
9507,438,400,train
9508,257,569,train
9509,577,727,train
9510,13,458,train
9511,444,610,train
9512,113,670,train
9513,588,338,train
9514,659,380,train
9515,229,252,train
9516,284,59,train
9517,756,758,train
9518,420,575,test
9519,421,210,test
9520,359,8,train
9521,92,501,train
9522,44,327,train
9523,391,715,train
9524,689,314,train
9525,206,342,train
9526,43,337,train
9527,799,55,train
9528,401,177,train
9529,529,97,train
9530,303,664,train
9531,745,497,train
9532,224,140,test
9533,557,55,test
9534,383,266,train
9535,167,362,train
9536,681,204,train
9537,248,368,train
9538,150,535,train
9539,516,439,train
9540,393,320,train
9541,61,396,train
9542,594,690,train
9543,552,627,train
9544,9,293,train
9545,727,659,train
9546,630,734,train
9547,488,459,train
9548,204,480,train
9549,589,501,test
9550,335,717,train
9551,476,663,train
9552,194,59,train
9553,787,333,train
9554,82,274,train
9555,278,530,train
9556,551,53,train
9557,536,257,train
9558,451,76,train
9559,687,616,train
9560,117,213,test
9561,56,730,test
9562,35,387,train
9563,378,351,test
9564,71,126,train
9565,581,112,train
9566,791,464,train
9567,723,27,test
9568,180,682,train
9569,586,154,train
9570,69,676,train
9571,41,327,train
9572,265,445,train
9573,726,410,train
9574,353,653,train
9575,3,705,train
9576,524,761,train
9577,192,468,train
9578,238,122,test
9579,195,98,train
9580,644,522,train
9581,287,646,test
9582,603,394,train
9583,23,330,test
9584,697,735,test
9585,302,269,train
9586,763,770,train
9587,112,683,train
9588,438,497,train
9589,227,362,train
9590,708,248,test
9591,719,383,train
9592,117,775,train
9593,701,441,test
9594,184,57,train
9595,45,15,train
9596,631,355,train
9597,595,77,train
9598,52,74,train
9599,582,756,train
9600,740,199,train
9601,219,676,train
9602,701,72,train
9603,197,688,train
9604,205,254,test
9605,87,596,train
9606,617,155,train
9607,357,244,train
9608,390,339,train
9609,71,264,train
9610,771,92,train
9611,657,244,train
9612,223,345,train
9613,761,533,train
9614,83,25,test
9615,214,382,train
9616,582,732,train
9617,364,336,train
9618,581,48,train
9619,18,232,train
9620,434,88,train
9621,706,24,train
9622,95,315,train
9623,492,261,train
9624,531,380,train
9625,293,187,train
9626,107,428,train
9627,557,31,train
9628,617,30,train
9629,36,316,train
9630,647,686,train
9631,403,448,test
9632,136,318,train
9633,774,224,train
9634,151,206,train
9635,693,245,train
9636,484,230,train
9637,690,238,train
9638,2,774,test
9639,156,574,test
9640,115,424,train
9641,62,243,train
9642,314,165,train
9643,258,662,test
9644,238,258,train
9645,208,114,train
9646,555,377,test
9647,595,433,test
9648,343,105,train
9649,559,56,train
9650,332,606,train
9651,611,246,train
9652,427,81,train
9653,699,25,train
9654,677,427,train
9655,151,719,train
9656,540,403,train
9657,87,687,train
9658,542,373,train
9659,448,200,train
9660,75,286,train
9661,595,775,train
9662,686,237,train
9663,440,722,train
9664,291,772,train
9665,573,37,train
9666,619,60,train
9667,464,38,train
9668,83,141,test
9669,292,679,test
9670,480,211,train
9671,521,594,train
9672,502,734,train
9673,475,4,train
9674,146,491,train
9675,634,585,train
9676,531,157,train
9677,407,703,train
9678,156,185,train
9679,197,794,train
9680,517,71,train
9681,798,248,test
9682,733,638,train
9683,346,414,train
9684,171,400,test
9685,631,45,train
9686,71,63,train
9687,403,452,train
9688,478,289,train
9689,124,147,train
9690,298,293,train
9691,711,750,train
9692,616,57,train
9693,112,185,train
9694,652,790,train
9695,307,274,train
9696,449,242,train
9697,517,245,test
9698,562,80,train
9699,360,496,train
9700,411,529,train
9701,43,421,train
9702,80,38,train
9703,718,758,train
9704,507,132,test
9705,191,65,train
9706,253,225,train
9707,476,405,train
9708,616,254,test
9709,122,62,train
9710,332,368,train
9711,514,353,test
9712,56,367,train
9713,448,158,train
9714,551,35,train
9715,363,286,train
9716,136,171,train
9717,593,52,train
9718,360,311,train
9719,159,590,train
9720,611,142,train
9721,88,246,train
9722,492,284,train
9723,424,315,train
9724,495,707,train
9725,243,262,train
9726,685,517,train
9727,18,282,train
9728,549,687,test
9729,72,478,train
9730,437,638,train
9731,268,707,test
9732,244,530,train
9733,596,113,train
9734,99,328,test
9735,45,389,test
9736,403,127,train
9737,324,633,train
9738,201,694,train
9739,753,598,test
9740,703,189,test
9741,646,61,train
9742,465,683,test
9743,755,139,train
9744,388,578,train
9745,385,176,test
9746,792,706,train
9747,596,55,train
9748,135,233,train
9749,204,93,train
9750,398,256,train
9751,239,206,test
9752,168,174,train
9753,164,333,train
9754,697,785,train
9755,366,608,train
9756,25,666,test
9757,595,560,train
9758,118,408,test
9759,499,75,train
9760,445,133,test
9761,710,13,train
9762,134,769,train
9763,607,364,train
9764,116,649,test
9765,714,725,train
9766,449,351,test
9767,546,367,train
9768,682,525,train
9769,76,482,train
9770,798,359,train
9771,365,412,train
9772,302,722,train
9773,493,742,train
9774,759,105,test
9775,332,135,test
9776,252,249,train
9777,382,755,train
9778,544,475,train
9779,469,116,train
9780,393,747,train
9781,147,224,train
9782,235,242,train
9783,541,224,train
9784,491,536,train
9785,347,127,train
9786,686,301,train
9787,199,92,train
9788,321,111,test
9789,691,430,train
9790,109,461,test
9791,577,215,train
9792,309,637,train
9793,268,573,train
9794,142,497,train
9795,778,792,train
9796,380,51,train
9797,549,217,train
9798,477,106,train
9799,675,174,test
9800,282,518,train
9801,576,439,train
9802,107,150,test
9803,555,54,train
9804,612,295,train
9805,80,315,train
9806,251,646,train
9807,492,93,train
9808,771,372,train
9809,517,289,train
9810,523,794,train
9811,217,712,test
9812,503,555,train
9813,461,135,train
9814,754,415,train
9815,264,494,train
9816,280,489,test
9817,377,603,train
9818,181,599,train
9819,555,57,train
9820,162,641,train
9821,180,531,train
9822,17,227,train
9823,543,305,train
9824,457,369,test
9825,203,738,test
9826,88,525,train
9827,367,307,train
9828,512,125,train
9829,764,659,train
9830,357,248,train
9831,692,401,train
9832,364,199,train
9833,136,578,train
9834,262,283,train
9835,549,648,train
9836,371,250,train
9837,573,393,train
9838,309,314,train
9839,416,678,train
9840,308,164,train
9841,68,447,train
9842,4,73,train
9843,571,267,train
9844,63,542,train
9845,73,258,test
9846,112,48,train
9847,210,117,train
9848,763,2,train
9849,582,96,train
9850,311,532,train
9851,142,237,train
9852,325,529,train
9853,686,749,test
9854,753,251,test
9855,396,160,train
9856,64,482,train
9857,749,513,train
9858,485,313,train
9859,354,361,test
9860,512,430,train
9861,311,738,train
9862,736,198,train
9863,147,546,train
9864,758,573,train
9865,35,497,train
9866,735,635,train
9867,383,252,train
9868,116,233,train
9869,531,243,train
9870,50,136,test
9871,571,227,test
9872,130,9,train
9873,229,82,train
9874,723,339,train
9875,381,661,train
9876,415,608,test
9877,97,477,train
9878,60,768,train
9879,54,682,test
9880,764,213,train
9881,631,666,test
9882,575,666,train
9883,771,368,train
9884,8,177,train
9885,526,103,train
9886,575,502,test
9887,378,282,train
9888,361,476,train
9889,719,374,train
9890,216,355,train
9891,768,86,train
9892,24,177,train
9893,412,176,test
9894,54,730,train
9895,522,216,train
9896,458,210,train
9897,107,570,train
9898,270,161,train
9899,193,244,train
9900,327,204,train
9901,258,647,test
9902,210,87,train
9903,341,309,train
9904,372,745,train
9905,432,798,train
9906,517,289,train
9907,243,725,test
9908,649,582,train
9909,638,142,train
9910,147,469,train
9911,605,459,train
9912,160,86,test
9913,159,386,train
9914,527,366,train
9915,593,88,test
9916,325,94,train
9917,676,452,train
9918,388,461,train
9919,637,398,test
9920,233,137,train
9921,752,54,train
9922,317,702,train
9923,17,447,test
9924,359,353,train
9925,159,577,test
9926,353,586,train
9927,9,475,train
9928,645,298,train
9929,750,436,train
9930,341,304,train
9931,80,502,test
9932,274,461,train
9933,724,445,train
9934,332,543,test
9935,110,41,test
9936,7,617,train
9937,598,294,train
9938,446,382,train
9939,402,578,train
9940,326,231,train
9941,361,250,train
9942,697,425,test
9943,68,245,test
9944,459,558,train
9945,252,482,train
9946,277,295,train
9947,334,135,test
9948,353,796,test
9949,463,587,train
9950,724,700,train
9951,205,333,train
9952,225,611,test
9953,391,261,train
9954,465,774,train
9955,442,481,train
9956,694,417,train
9957,334,199,train
9958,440,387,train
9959,324,595,train
9960,457,789,train
9961,471,437,train
9962,204,357,train
9963,463,437,test
9964,295,457,train
9965,764,226,train
9966,361,292,test
9967,199,263,train
9968,617,234,train
9969,784,617,train
9970,265,321,train
9971,214,429,train
9972,434,108,train
9973,501,93,train
9974,441,348,test
9975,511,388,train
9976,513,157,train
9977,9,755,train
9978,703,155,train
9979,550,25,train
9980,182,661,train
9981,501,758,train
9982,28,369,test
9983,119,400,train
9984,538,505,train
9985,175,139,train
9986,369,411,train
9987,620,451,test
9988,319,535,test
9989,424,351,train
9990,87,55,train
9991,305,89,train
9992,566,17,train
9993,747,241,train
9994,450,480,train
9995,609,400,train
9996,58,525,train
9997,198,700,train
9998,125,518,test
9999,117,762,train
10000,518,40,train
10001,597,407,train
10002,584,18,train
10003,688,124,train
10004,211,785,test
10005,207,38,train
10006,182,365,train
10007,742,794,train
10008,610,133,train
10009,446,73,train
10010,432,561,train
10011,52,20,train
10012,683,175,train
10013,253,243,train
10014,641,685,train
10015,159,591,train
10016,380,492,train
10017,313,320,test
10018,123,52,train
10019,303,464,train
10020,320,689,train
10021,584,102,train
10022,413,513,test
10023,524,474,train
10024,88,85,train
10025,739,457,train
10026,68,692,train
10027,122,558,train
10028,584,713,train
10029,349,516,test
10030,388,360,train
10031,677,687,test
10032,422,568,train
10033,630,224,train
10034,340,464,train
10035,205,401,test
10036,604,546,train
10037,89,260,train
10038,264,444,train
10039,509,307,train
10040,495,515,train
10041,202,4,test
10042,746,589,train
10043,111,727,train
10044,210,219,train
10045,356,14,train
10046,237,795,test
10047,300,280,train
10048,604,787,train
10049,349,480,train
10050,161,675,train
10051,475,30,train
10052,764,587,train
10053,717,295,test
10054,190,350,train
10055,570,289,test
10056,382,585,train
10057,290,251,train
10058,701,235,test
10059,627,706,train
10060,474,38,train
10061,86,601,train
10062,625,360,train
10063,211,711,train
10064,690,369,train
10065,743,527,train
10066,591,769,train
10067,133,187,train
10068,567,164,test
10069,125,238,test
10070,356,449,train
10071,590,72,test
10072,97,339,train
10073,745,184,train
10074,9,123,train
10075,541,349,train
10076,53,374,train
10077,599,223,test
10078,67,546,train
10079,253,561,train
10080,158,342,train
10081,549,499,train
10082,744,530,train
10083,156,250,train
10084,700,778,train
10085,462,628,train
10086,128,34,train
10087,489,604,train
10088,670,135,test
10089,20,55,train
10090,672,165,train
10091,86,450,test
10092,176,733,train
10093,774,529,test
10094,483,486,train
10095,663,580,train
10096,739,69,train
10097,163,401,test
10098,175,29,train
10099,709,409,train
10100,586,30,train
10101,77,343,train
10102,113,515,train
10103,369,578,train
10104,749,481,train
10105,273,31,train
10106,124,690,train
10107,696,751,test
10108,279,523,train
10109,353,119,train
10110,529,524,train
10111,662,295,train
10112,415,432,train
10113,474,565,train
10114,775,572,test
10115,680,105,train
10116,440,519,train
10117,301,520,test
10118,162,497,test
10119,605,149,train
10120,235,49,train
10121,660,402,train
10122,628,353,test
10123,698,421,train
10124,518,299,train
10125,201,28,test
10126,520,249,train
10127,146,559,train
10128,543,522,train
10129,756,18,train
10130,121,733,test
10131,89,636,train
10132,377,640,train
10133,244,13,test
10134,399,4,test
10135,588,118,train
10136,96,438,train
10137,445,573,train
10138,372,491,train
10139,646,306,train
10140,16,34,train
10141,375,291,train
10142,800,530,train
10143,115,753,train
10144,469,501,train
10145,387,211,test
10146,453,672,train
10147,626,778,train
10148,135,126,train
10149,86,702,test
10150,513,590,train
10151,766,305,train
10152,765,575,test
10153,10,555,train
10154,728,256,train
10155,227,93,train
10156,446,536,train
10157,457,111,train
10158,427,764,test
10159,16,580,test
10160,794,773,train
10161,766,382,train
10162,706,329,train
10163,796,379,train
10164,604,333,train
10165,18,726,train
10166,678,631,test
10167,749,675,train
10168,580,547,train
10169,701,209,test
10170,719,274,test
10171,401,160,train
10172,253,11,train
10173,283,583,train
10174,61,593,train
10175,636,786,train
10176,503,562,train
10177,320,405,train
10178,692,422,train
10179,523,41,test
10180,60,326,train
10181,101,717,train
10182,239,245,train
10183,463,508,test
10184,416,244,train
10185,358,606,train
10186,676,345,train
10187,344,352,test
10188,84,287,test
10189,780,289,train
10190,226,101,train
10191,486,481,train
10192,249,491,train
10193,208,619,test
10194,478,165,train
10195,167,146,train
10196,54,718,train
10197,316,563,train
10198,226,699,train
10199,744,768,test
10200,81,394,test
10201,439,745,test
10202,112,621,test
10203,97,240,train
10204,338,259,train
10205,406,732,test
10206,368,651,train
10207,523,542,train
10208,68,114,train
10209,283,598,train
10210,145,492,test
10211,760,14,train
10212,681,241,train
10213,464,751,test
10214,55,254,train
10215,704,353,train
10216,768,43,test
10217,261,352,train
10218,389,95,train
10219,563,35,train
10220,569,48,train
10221,79,739,test
10222,304,294,test
10223,261,273,train
10224,636,223,test
10225,553,36,train
10226,11,536,train
10227,119,41,train
10228,188,541,test
10229,713,282,train
10230,773,514,test
10231,438,502,train
10232,158,115,train
10233,120,699,train
10234,431,105,train
10235,522,56,train
10236,607,526,test
10237,208,768,train
10238,385,135,train
10239,303,13,train
10240,470,554,train
10241,265,88,test
10242,708,95,train
10243,84,268,train
10244,49,101,train
10245,378,487,train
10246,506,693,train
10247,202,167,test
10248,257,91,train
10249,514,159,test
10250,644,32,train
10251,68,541,train
10252,727,785,test
10253,54,8,test
10254,575,711,train
10255,543,119,train
10256,645,447,train
10257,25,318,train
10258,673,163,train
10259,60,664,train
10260,756,751,train
10261,600,155,train
10262,266,435,test
10263,563,252,train
10264,535,522,train
10265,798,142,train
10266,42,268,train
10267,171,687,train
10268,280,230,train
10269,379,571,train
10270,8,770,train
10271,95,541,test
10272,454,703,train
10273,454,683,test
10274,208,397,train
10275,672,340,train
10276,79,134,train
10277,705,557,train
10278,414,747,train
10279,525,663,train
10280,299,416,train
10281,258,505,train
10282,342,775,train
10283,395,141,train
10284,226,73,train
10285,657,791,train
10286,61,508,train
10287,99,494,train
10288,531,741,train
10289,270,305,train
10290,791,677,train
10291,186,3,train
10292,448,167,test
10293,730,356,train
10294,212,626,train
10295,6,784,test
10296,557,102,train
10297,374,184,train
10298,440,152,train
10299,273,97,train
10300,764,503,test
10301,695,557,train
10302,388,776,train
10303,763,560,test
10304,774,759,test
10305,32,615,train
10306,321,362,test
10307,57,65,train
10308,307,218,train
10309,53,566,train
10310,272,239,train
10311,399,490,train
10312,233,138,train
10313,712,674,train
10314,286,307,train
10315,198,646,train
10316,166,503,train
10317,587,98,train
10318,50,101,test
10319,702,617,train
10320,80,451,test
10321,169,413,test
10322,227,98,train
10323,302,163,train
10324,663,431,train
10325,757,339,train
10326,559,437,train
10327,602,555,train
10328,796,548,train
10329,358,86,test
10330,795,311,train
10331,127,393,train
10332,764,644,train
10333,445,174,train
10334,276,690,train
10335,4,694,train
10336,271,659,test
10337,760,67,train
10338,671,584,train
10339,109,159,train
10340,746,197,train
10341,375,136,test
10342,568,225,train
10343,682,712,train
10344,317,128,train
10345,774,92,train
10346,39,237,train
10347,350,756,train
10348,748,140,test
10349,447,108,train
10350,606,471,train
10351,489,407,train
10352,409,30,train
10353,739,324,test
10354,87,380,train
10355,32,226,test
10356,498,591,train
10357,567,10,train
10358,294,491,train
10359,148,214,train
10360,733,68,train
10361,231,399,train
10362,762,246,train
10363,403,343,train
10364,680,115,train
10365,42,252,train
10366,188,490,test
10367,192,765,train
10368,513,480,train
10369,281,169,train
10370,466,264,train
10371,239,259,train
10372,239,374,test
10373,670,224,test
10374,199,310,train
10375,335,739,train
10376,613,129,train
10377,166,218,train
10378,718,346,train
10379,522,529,test
10380,189,61,train
10381,348,321,train
10382,121,621,train
10383,26,691,train
10384,20,714,train
10385,355,160,test
10386,595,356,test
10387,177,147,train
10388,468,726,train
10389,110,380,train
10390,87,633,train
10391,297,55,train
10392,219,793,train
10393,201,638,train
10394,152,82,train
10395,467,448,test
10396,763,255,test
10397,775,417,train
10398,297,497,train
10399,192,101,train
10400,417,420,train
10401,594,361,train
10402,140,576,train
10403,41,260,test
10404,76,251,train
10405,439,749,train
10406,27,543,train
10407,792,564,train
10408,554,729,test
10409,196,449,train
10410,778,324,train
10411,198,226,train
10412,563,207,train
10413,515,642,train
10414,368,705,train
10415,174,492,train
10416,248,390,train
10417,683,25,train
10418,272,685,train
10419,490,143,test
10420,84,334,train
10421,574,592,train
10422,504,626,train
10423,797,750,train
10424,192,642,train
10425,664,675,train
10426,644,473,train
10427,315,441,train
10428,301,540,train
10429,426,60,train
10430,169,792,test
10431,346,210,test
10432,733,648,train
10433,283,43,train
10434,457,765,train
10435,80,136,train
10436,637,424,train
10437,390,553,train
10438,115,476,train
10439,797,132,train
10440,294,509,test
10441,431,692,train
10442,43,388,test
10443,451,212,train
10444,332,337,train
10445,545,365,train
10446,202,249,test
10447,740,164,test
10448,789,282,train
10449,67,673,train
10450,127,247,train
10451,381,165,train
10452,797,399,train
10453,555,720,test
10454,257,616,test
10455,248,634,train
10456,780,538,train
10457,632,771,train
10458,616,67,test
10459,285,232,test
10460,710,156,train
10461,96,718,test
10462,544,337,train
10463,374,453,train
10464,673,88,test
10465,147,22,train
10466,149,191,train
10467,781,120,train
10468,258,171,test
10469,279,147,train
10470,650,423,train
10471,430,188,train
10472,754,523,train
10473,446,547,train
10474,291,765,train
10475,169,498,train
10476,621,438,test
10477,677,286,train
10478,544,272,train
10479,60,335,test
10480,754,764,train
10481,128,652,test
10482,534,282,train
10483,744,546,train
10484,722,524,train
10485,586,667,train
10486,482,300,test
10487,319,788,train
10488,172,98,train
10489,582,443,train
10490,237,614,train
10491,320,82,train
10492,9,574,test
10493,790,69,train
10494,678,79,train
10495,642,674,train
10496,766,76,train
10497,662,640,test
10498,794,105,train
10499,272,149,train
10500,510,541,test
10501,143,688,train
10502,440,594,train
10503,235,95,train
10504,371,420,test
10505,357,743,train
10506,537,639,train
10507,65,780,train
10508,495,118,train
10509,294,420,train
10510,767,651,train
10511,559,696,train
10512,650,576,train
10513,630,667,test
10514,719,670,train
10515,505,101,train
10516,3,441,train
10517,260,594,train
10518,478,708,train
10519,175,459,test
10520,542,160,train
10521,657,61,train
10522,602,53,train
10523,770,665,train
10524,700,595,train
10525,223,593,train
10526,295,288,train
10527,453,790,test
10528,274,436,train
10529,175,480,train
10530,470,450,train
10531,146,734,train
10532,8,522,test
10533,453,784,train
10534,303,657,train
10535,168,171,test
10536,113,256,train
10537,672,309,test
10538,601,230,train
10539,394,323,train
10540,517,512,train
10541,98,252,train
10542,321,252,test
10543,340,593,test
10544,794,748,train
10545,77,593,train
10546,539,340,train
10547,432,475,train
10548,170,243,train
10549,575,87,train
10550,565,781,train
10551,691,645,train
10552,708,358,test
10553,149,768,train
10554,679,571,train
10555,477,8,test
10556,215,129,train
10557,609,638,train
10558,233,299,train
10559,132,595,train
10560,658,689,test
10561,539,103,test
10562,690,41,train
10563,636,709,train
10564,750,245,train
10565,684,237,train
10566,57,498,test
10567,443,73,test
10568,344,216,train
10569,138,646,test
10570,169,460,train
10571,160,100,test
10572,383,698,train
10573,521,577,train
10574,250,376,train
10575,404,699,test
10576,196,553,train
10577,376,497,train
10578,722,603,train
10579,130,349,train
10580,125,407,train
10581,2,505,train
10582,58,714,train
10583,344,83,train
10584,312,480,train
10585,633,272,train
10586,393,294,train
10587,158,242,train
10588,452,255,test
10589,267,688,test
10590,85,293,train
10591,799,386,train
10592,373,754,train
10593,197,290,train
10594,240,464,train
10595,352,415,train
10596,169,675,train
10597,482,525,test
10598,434,571,train
10599,795,102,train
10600,164,580,train
10601,222,623,train
10602,267,472,train
10603,192,280,train
10604,70,682,train
10605,704,179,test
10606,337,629,train
10607,283,142,train
10608,447,40,train
10609,491,716,train
10610,636,600,train
10611,451,785,train
10612,442,219,train
10613,163,104,test
10614,43,82,test
10615,380,504,train
10616,139,644,test
10617,198,234,test
10618,359,250,train
10619,365,611,train
10620,250,575,train
10621,634,71,train
10622,535,294,train
10623,511,36,train
10624,48,151,train
10625,601,574,train
10626,346,100,train
10627,53,126,test
10628,730,743,train
10629,392,585,train
10630,651,69,train
10631,28,157,train
10632,606,114,train
10633,184,752,train
10634,165,712,test
10635,406,257,train
10636,260,382,train
10637,777,60,train
10638,476,113,test
10639,313,777,test
10640,93,257,train
10641,744,387,train
10642,695,416,test
10643,101,315,train
10644,598,192,test
10645,530,662,train
10646,402,278,train
10647,93,292,train
10648,371,454,train
10649,229,580,test
10650,304,496,train
10651,53,390,train
10652,528,209,train
10653,483,445,train
10654,40,252,train
10655,273,493,train
10656,521,527,train
10657,799,328,train
10658,755,79,test
10659,664,424,train
10660,55,103,train
10661,472,584,train
10662,639,588,train
10663,468,43,train
10664,606,315,train
10665,71,222,train
10666,171,256,test
10667,523,361,train
10668,348,361,train
10669,180,591,train
10670,656,40,train
10671,6,572,train
10672,239,214,train
10673,587,19,train
10674,158,160,train
10675,101,435,test
10676,217,670,train
10677,709,646,train
10678,396,1,train
10679,356,206,train
10680,169,60,test
10681,438,696,train
10682,219,47,test
10683,136,742,test
10684,329,563,test
10685,336,602,train
10686,266,123,train
10687,718,736,train
10688,667,440,train
10689,677,242,train
10690,593,374,train
10691,91,368,train
10692,403,145,train
10693,726,233,train
10694,453,475,train
10695,286,779,train
10696,445,169,train
10697,77,442,train
10698,402,424,train
10699,53,800,train
10700,598,537,train
10701,249,182,train
10702,684,284,train
10703,764,269,train
10704,171,529,train
10705,390,217,train
10706,601,148,train
10707,18,717,train
10708,13,602,train
10709,480,222,train
10710,701,481,train
10711,109,178,train
10712,243,583,test
10713,100,566,train
10714,20,264,train
10715,798,558,test
10716,348,47,train
10717,747,475,train
10718,439,232,train
10719,397,787,train
10720,357,332,test
10721,214,445,test
10722,51,553,train
10723,211,359,train
10724,214,475,test
10725,368,443,train
10726,758,222,train
10727,687,111,train
10728,711,328,train
10729,288,432,train
10730,551,474,test
10731,281,659,train
10732,346,154,train
10733,754,601,train
10734,622,166,train
10735,61,382,train
10736,498,789,train
10737,603,301,train
10738,394,220,test
10739,498,205,test
10740,213,778,train
10741,777,473,train
10742,311,401,train
10743,327,375,train
10744,534,698,train
10745,380,622,train
10746,132,631,test
10747,206,778,train
10748,663,350,train
10749,761,121,train
10750,400,658,test
10751,691,641,test
10752,267,639,test
10753,541,142,train
10754,413,534,test
10755,15,396,train
10756,542,187,train
10757,657,621,test
10758,453,513,train
10759,94,781,train
10760,111,690,train
10761,387,710,test
10762,47,64,test
10763,604,87,train
10764,681,762,train
10765,548,320,test
10766,273,35,train
10767,400,262,train
10768,553,91,train
10769,609,478,train
10770,792,625,train
10771,764,652,train
10772,363,408,train
10773,521,82,train
10774,748,784,train
10775,254,537,train
10776,580,505,train
10777,576,502,train
10778,689,193,train
10779,647,234,test
10780,304,597,train
10781,391,484,train
10782,763,400,train
10783,474,671,train
10784,298,748,train
10785,690,719,test
10786,82,543,train
10787,448,699,train
10788,792,30,train
10789,234,169,test
10790,102,490,train
10791,675,772,train
10792,534,698,train
10793,627,738,test
10794,403,51,train
10795,7,551,test
10796,326,644,test
10797,269,740,train
10798,707,279,train
10799,143,92,train
10800,67,617,train
10801,1,351,train
10802,764,182,test
10803,540,624,test
10804,519,414,test
10805,48,42,train
10806,148,107,train
10807,72,122,train
10808,112,47,test
10809,745,605,test
10810,259,142,train
10811,179,47,train
10812,640,696,train
10813,350,215,train
10814,264,39,train
10815,262,756,train
10816,581,587,train
10817,592,610,train
10818,470,276,train
10819,593,365,train
10820,652,163,test
10821,455,247,train
10822,109,276,train
10823,174,279,train
10824,189,586,train
10825,683,561,train
10826,215,631,train
10827,524,294,train
10828,165,615,train
10829,10,681,train
10830,275,537,train
10831,520,488,train
10832,546,28,train
10833,773,178,test
10834,198,662,test
10835,47,237,train
10836,388,608,train
10837,1,779,train
10838,794,323,train
10839,374,20,train
10840,573,475,train
10841,665,750,train
10842,328,82,train
10843,445,699,train
10844,165,117,train
10845,389,582,train
10846,307,600,train
10847,22,763,train
10848,179,214,train
10849,290,285,train
10850,50,206,train
10851,382,187,train
10852,63,690,train
10853,15,54,train
10854,672,638,train
10855,552,160,train
10856,546,530,train
10857,696,313,train
10858,270,440,train
10859,262,381,train
10860,549,722,train
10861,583,172,train
10862,398,532,train
10863,498,34,train
10864,510,743,test
10865,379,410,train
10866,405,230,test
10867,318,150,train
10868,403,678,test
10869,781,469,train
10870,385,323,train
10871,440,206,train
10872,193,728,train
10873,720,305,train
10874,357,774,test
10875,305,337,test
10876,250,50,train
10877,488,630,train
10878,540,286,train
10879,463,97,test
10880,388,3,test
10881,131,653,train
10882,212,214,train
10883,341,520,train
10884,745,475,test
10885,722,776,train
10886,446,125,train
10887,393,465,train
10888,230,212,train
10889,663,660,train
10890,603,81,train
10891,125,597,test
10892,478,356,train
10893,657,188,train
10894,268,418,train
10895,478,775,test
10896,69,96,train
10897,598,660,train
10898,591,754,train
10899,536,571,train
10900,123,506,test
10901,82,358,train
10902,293,49,train
10903,60,638,train
10904,673,484,train
10905,308,499,train
10906,122,418,train
10907,513,364,train
10908,39,645,train
10909,424,487,train
10910,128,14,train
10911,209,389,train
10912,285,483,train
10913,486,159,train
10914,515,535,train
10915,412,776,test
10916,514,389,train
10917,554,305,test
10918,131,614,train
10919,544,774,train
10920,452,482,train
10921,451,334,train
10922,538,101,train
10923,374,635,train
10924,520,446,train
10925,558,53,train
10926,245,677,train
10927,356,42,train
10928,321,217,train
10929,167,710,test
10930,449,380,train
10931,680,64,train
10932,323,102,train
10933,780,141,test
10934,515,748,train
10935,340,43,train
10936,58,518,train
10937,592,775,train
10938,251,604,train
10939,367,226,train
10940,732,415,train
10941,281,506,test
10942,590,287,train
10943,500,487,train
10944,369,42,train
10945,274,323,train
10946,175,471,train
10947,288,209,train
10948,51,391,train
10949,563,668,train
10950,247,632,train
10951,30,42,train
10952,523,416,train
10953,344,117,train
10954,340,5,test
10955,657,243,train
10956,506,8,train
10957,142,486,train
10958,133,512,train
10959,273,797,train
10960,245,161,train
10961,757,5,train
10962,88,133,test
10963,439,679,train
10964,523,620,train
10965,561,619,train
10966,320,49,train
10967,494,705,train
10968,552,560,test
10969,737,435,train
10970,505,132,train
10971,680,652,train
10972,492,20,test
10973,407,216,train
10974,225,540,train
10975,172,269,train
10976,707,708,train
10977,651,73,train
10978,553,122,train
10979,114,561,train
10980,302,129,test
10981,334,214,train
10982,324,69,train
10983,727,407,train
10984,453,346,train
10985,174,64,train
10986,764,14,test
10987,112,526,test
10988,437,314,train
10989,653,680,train
10990,737,580,train
10991,342,506,train
10992,521,734,train
10993,485,541,train
10994,680,207,train
10995,799,294,train
10996,743,586,train
10997,798,341,test
10998,557,15,train
10999,714,241,train
11000,421,635,train
11001,513,342,train
11002,604,370,train
11003,375,61,train
11004,42,380,train
11005,215,552,train
11006,87,317,test
11007,55,405,train
11008,459,218,train
11009,475,125,train
11010,335,213,train
11011,725,411,train
11012,502,121,test
11013,116,351,train
11014,96,170,train
11015,253,447,train
11016,188,88,train
11017,297,247,train
11018,526,594,train
11019,573,561,train
11020,482,38,train
11021,52,62,train
11022,649,203,train
11023,562,594,test
11024,722,67,train
11025,69,525,train
11026,342,7,train
11027,69,296,train
11028,76,480,train
11029,423,631,train
11030,10,682,train
11031,207,97,train
11032,205,347,train
11033,639,395,train
11034,316,387,test
11035,268,549,train
11036,518,683,train
11037,34,708,train
11038,468,442,test
11039,171,127,test
11040,674,7,test
11041,62,387,train
11042,402,94,train
11043,712,466,train
11044,259,318,train
11045,357,416,train
11046,407,785,test
11047,71,208,train
11048,267,257,train
11049,84,733,train
11050,414,715,train
11051,200,599,test
11052,677,791,train
11053,60,430,train
11054,87,318,test
11055,662,783,test
11056,397,490,train
11057,100,19,test
11058,6,97,train
11059,576,215,train
11060,397,792,train
11061,312,227,train
11062,266,14,train
11063,32,532,train
11064,88,423,train
11065,189,60,train
11066,540,597,train
11067,642,366,test
11068,222,410,train
11069,731,440,test
11070,721,53,train
11071,639,63,train
11072,439,351,train
11073,423,171,test
11074,362,338,train
11075,632,327,train
11076,732,546,train
11077,746,668,train
11078,663,254,train
11079,61,210,train
11080,534,476,train
11081,138,769,train
11082,271,458,train
11083,15,769,train
11084,21,741,train
11085,645,388,train
11086,742,631,test
11087,272,603,train
11088,528,173,test
11089,599,125,train
11090,289,55,train
11091,375,597,train
11092,747,695,train
11093,126,544,test
11094,542,742,train
11095,683,124,test
11096,97,615,test
11097,380,308,train
11098,535,736,train
11099,278,787,test
11100,567,334,test
11101,523,620,train
11102,42,554,train
11103,718,187,train
11104,743,689,train
11105,755,647,train
11106,790,670,train
11107,358,511,train
11108,47,409,train
11109,17,3,train
11110,414,26,train
11111,305,634,train
11112,596,704,test
11113,19,639,train
11114,125,393,train
11115,409,580,test
11116,283,181,train
11117,235,370,train
11118,466,115,train
11119,17,609,train
11120,776,762,train
11121,226,130,test
11122,577,670,train
11123,253,190,train
11124,497,766,test
11125,89,61,train
11126,198,136,train
11127,758,500,train
11128,743,34,train
11129,579,303,train
11130,447,408,train
11131,719,667,train
11132,383,567,train
11133,286,742,train
11134,474,795,train
11135,769,201,test
11136,762,445,train
11137,703,25,train
11138,259,390,train
11139,331,350,train
11140,581,287,train
11141,581,115,train
11142,514,256,train
11143,594,474,train
11144,325,674,train
11145,194,252,train
11146,751,738,train
11147,208,100,train
11148,621,194,train
11149,531,517,train
11150,781,704,test
11151,490,393,train
11152,179,428,test
11153,426,788,test
11154,284,662,train
11155,606,469,test
11156,126,170,train
11157,182,241,train
11158,149,631,train
11159,644,71,train
11160,509,332,train
11161,64,733,train
11162,796,174,train
11163,317,443,train
11164,357,1,train
11165,179,701,train
11166,724,473,train
11167,558,486,train
11168,693,598,test
11169,282,462,train
11170,511,702,train
11171,226,658,train
11172,55,37,train
11173,752,432,train
11174,125,651,train
11175,163,438,train
11176,37,184,train
11177,399,679,train
11178,259,583,train
11179,382,422,train
11180,324,73,train
11181,79,679,train
11182,84,37,test
11183,299,182,train
11184,193,351,train
11185,468,97,test
11186,73,82,train
11187,223,469,train
11188,342,143,train
11189,787,48,train
11190,65,263,train
11191,224,116,train
11192,774,676,test
11193,122,675,train
11194,93,363,train
11195,585,181,train
11196,379,462,train
11197,369,537,test
11198,194,742,train
11199,231,488,test
11200,233,738,train
11201,156,531,test
11202,743,62,train
11203,187,760,train
11204,559,273,train
11205,206,518,train
11206,682,140,train
11207,60,315,train
11208,670,365,train
11209,127,273,train
11210,752,411,train
11211,192,749,test
11212,566,407,train
11213,704,363,test
11214,200,456,train
11215,421,133,train
11216,195,726,train
11217,281,119,train
11218,268,232,train
11219,330,359,test
11220,85,307,train
11221,519,591,train
11222,538,130,train
11223,260,771,test
11224,430,780,train
11225,515,578,test
11226,60,11,train
11227,395,611,train
11228,334,146,train
11229,474,496,train
11230,705,171,train
11231,327,323,train
11232,595,752,test
11233,36,307,train
11234,97,598,train
11235,740,15,train
11236,264,707,train
11237,750,446,train
11238,571,251,train
11239,94,342,train
11240,229,120,train
11241,741,612,train
11242,191,632,test
11243,340,344,train
11244,377,417,train
11245,95,640,train
11246,58,363,train
11247,410,579,train
11248,179,152,train
11249,544,313,train
11250,746,152,train
11251,680,339,train
11252,369,351,test
11253,689,21,train
11254,238,411,test
11255,717,324,train
11256,488,30,test
11257,271,615,train
11258,627,72,train
11259,64,517,test
11260,325,249,train
11261,214,746,test
11262,371,267,train
11263,209,411,test
11264,703,333,train
11265,123,494,train
11266,763,172,train
11267,719,246,test
11268,725,24,train
11269,658,240,train
11270,317,209,train
11271,266,279,train
11272,303,294,train
11273,646,226,train
11274,716,339,train
11275,201,233,train
11276,676,311,test
11277,119,239,test
11278,512,748,train
11279,600,421,train
11280,240,787,train
11281,81,578,train
11282,206,600,train
11283,391,534,test
11284,608,403,train
11285,57,578,test
11286,455,358,train
11287,195,47,train
11288,361,250,train
11289,120,353,train
11290,562,19,train
11291,545,607,train
11292,708,601,train
11293,737,562,train
11294,638,495,train
11295,787,344,train
11296,71,704,train
11297,608,93,train
11298,146,488,train
11299,69,425,test
11300,503,275,train
11301,534,88,test
11302,447,523,train
11303,611,687,train
11304,132,496,test
11305,663,343,train
11306,766,438,test
11307,645,426,train
11308,277,471,train
11309,200,229,train
11310,446,601,train
11311,645,348,train
11312,36,58,test
11313,202,417,train
11314,229,115,test
11315,438,372,train
11316,302,212,train
11317,421,231,train
11318,703,200,train
11319,424,300,train
11320,474,568,train
11321,758,116,train
11322,215,169,train
11323,265,577,train
11324,31,774,train
11325,500,228,train
11326,571,238,train
11327,307,606,train
11328,96,501,train
11329,580,470,test
11330,327,116,train
11331,150,49,train
11332,744,762,test
11333,512,600,train
11334,712,93,test
11335,767,636,train
11336,511,8,train
11337,503,97,test
11338,105,728,train
11339,682,186,train
11340,51,313,test
11341,193,145,train
11342,323,317,train
11343,470,171,train
11344,331,335,train
11345,280,412,train
11346,785,188,train
11347,677,310,test
11348,213,219,train
11349,255,431,test
11350,24,17,train
11351,255,284,train
11352,669,480,test
11353,460,772,train
11354,526,289,train
11355,293,84,train
11356,734,446,test
11357,29,756,train
11358,506,253,train
11359,163,95,train
11360,584,167,train
11361,224,656,train
11362,777,787,train
11363,623,668,train
11364,489,378,train
11365,542,503,test
11366,378,205,test
11367,314,447,train
11368,573,514,train
11369,555,785,train
11370,304,101,train
11371,119,431,train
11372,228,635,test
11373,418,15,train
11374,645,257,train
11375,460,128,train
11376,458,733,test
11377,759,595,train
11378,98,579,train
11379,496,412,test
11380,41,680,train
11381,98,781,test
11382,201,362,train
11383,275,734,train
11384,789,80,train
11385,731,264,train
11386,554,110,train
11387,736,244,train
11388,318,308,test
11389,331,620,train
11390,538,741,train
11391,11,64,train
11392,20,266,train
11393,339,80,train
11394,637,111,train
11395,726,728,train
11396,21,181,train
11397,288,469,train
11398,239,680,train
11399,498,293,train
11400,21,530,train
11401,330,495,train
11402,283,507,train
11403,800,696,test
11404,270,245,train
11405,545,524,train
11406,96,31,test
11407,427,349,train
11408,759,496,train
11409,369,727,train
11410,608,126,train
11411,711,476,test
11412,654,371,train
11413,36,116,test
11414,526,404,train
11415,750,527,train
11416,126,367,train
11417,247,726,train
11418,755,695,train
11419,727,306,train
11420,558,523,train
11421,137,505,train
11422,500,729,train
11423,259,17,train
11424,190,345,train
11425,201,161,test
11426,795,205,train
11427,400,509,train
11428,134,232,test
11429,761,777,train
11430,597,358,test
11431,552,102,train
11432,347,638,train
11433,603,248,test
11434,716,747,train
11435,14,40,train
11436,86,497,train
11437,533,356,train
11438,277,185,train
11439,267,286,train
11440,691,722,test
11441,796,270,train
11442,36,47,train
11443,384,472,train
11444,460,21,train
11445,155,199,train
11446,698,566,train
11447,667,267,train
11448,643,270,train
11449,381,638,train
11450,595,44,test
11451,389,680,train
11452,110,222,train
11453,141,588,train
11454,34,799,train
11455,77,480,train
11456,134,373,train
11457,381,347,train
11458,399,468,test
11459,96,586,train
11460,709,118,train
11461,55,486,test
11462,89,741,train
11463,217,488,test
11464,380,244,train
11465,255,459,train
11466,503,674,train
11467,501,638,train
11468,666,736,train
11469,541,219,train
11470,371,698,train
11471,409,205,train
11472,253,343,train
11473,518,305,train
11474,136,42,train
11475,119,758,train
11476,63,138,train
11477,407,466,train
11478,404,164,test
11479,641,775,train
11480,245,745,train
11481,499,443,train
11482,413,794,train
11483,117,781,train
11484,290,323,train
11485,349,718,train
11486,664,594,train
11487,797,13,train
11488,634,524,train
11489,48,737,train
11490,721,601,test
11491,287,291,train
11492,336,500,train
11493,709,690,test
11494,191,589,test
11495,756,639,train
11496,529,512,train
11497,349,135,train
11498,608,167,train
11499,411,574,train
11500,67,113,train
11501,95,548,train
11502,534,739,train
11503,30,20,train
11504,437,560,train
11505,71,57,train
11506,717,349,train
11507,792,162,train
11508,21,62,train
11509,672,663,train
11510,211,143,train
11511,499,402,train
11512,162,42,train
11513,230,216,test
11514,465,500,train
11515,273,796,train
11516,433,157,train
11517,652,392,test
11518,577,84,train
11519,280,541,test
11520,36,289,test
11521,685,653,train
11522,686,439,train
11523,583,537,train
11524,41,223,test
11525,716,36,train
11526,778,711,train
11527,745,75,train
11528,206,800,train
11529,106,587,train
11530,573,242,train
11531,275,622,train
11532,591,512,test
11533,300,722,train
11534,131,739,train
11535,576,468,train
11536,207,489,test
11537,796,225,test
11538,687,86,train
11539,736,612,train
11540,595,260,train
11541,430,157,train
11542,88,694,train
11543,100,403,train
11544,214,146,train
11545,371,554,train
11546,734,160,train
11547,118,506,train
11548,768,720,test
11549,334,461,train
11550,53,252,train
11551,284,376,train
11552,452,617,test
11553,653,770,test
11554,53,550,train
11555,290,771,train
11556,679,176,train
11557,593,663,train
11558,14,484,train
11559,115,319,train
11560,104,319,train
11561,582,505,train
11562,216,148,train
11563,703,440,test
11564,557,446,train
11565,705,434,train
11566,482,713,train
11567,212,272,test
11568,459,21,train
11569,476,331,test
11570,374,699,test
11571,269,409,test
11572,680,372,train
11573,225,783,train
11574,369,242,test
11575,309,765,train
11576,255,394,train
11577,151,382,train
11578,118,726,train
11579,473,224,train
11580,461,17,train
11581,94,382,train
11582,206,179,test
11583,281,219,test
11584,571,452,train
11585,156,26,train
11586,21,358,train
11587,259,619,test
11588,117,261,train
11589,178,525,test
11590,205,403,train
11591,433,631,train
11592,79,233,train
11593,423,585,train
11594,329,69,train
11595,186,541,train
11596,635,540,train
11597,217,100,train
11598,104,388,test
11599,619,781,train
11600,32,411,train
11601,734,270,train
11602,384,150,train
11603,778,94,train
11604,567,758,train
11605,160,621,test
11606,203,283,train
11607,540,575,train
11608,604,312,train
11609,725,89,train
11610,343,755,train
11611,541,79,train
11612,483,79,test
11613,192,516,train
11614,739,246,train
11615,679,624,test
11616,232,160,test
11617,277,113,test
11618,350,716,train
11619,321,431,train
11620,445,784,train
11621,52,525,test
11622,779,156,train
11623,354,98,train
11624,313,581,train
11625,606,266,train
11626,261,11,train
11627,512,713,train
11628,490,131,train
11629,133,765,test
11630,776,446,train
11631,622,590,test
11632,397,327,train
11633,480,645,test
11634,53,312,train
11635,497,355,train
11636,178,279,train
11637,590,383,train
11638,208,401,train
11639,564,147,train
11640,518,152,test
11641,771,476,train
11642,177,405,train
11643,623,214,train
11644,417,29,test
11645,383,124,train
11646,426,1,train
11647,301,69,train
11648,474,407,train
11649,571,547,train
11650,259,648,train
11651,671,381,test
11652,507,19,train
11653,178,363,train
11654,490,608,train
11655,656,529,train
11656,304,52,train
11657,416,550,test
11658,459,56,test
11659,624,648,train
11660,163,226,train
11661,132,182,train
11662,727,192,test
11663,753,686,train
11664,62,579,train
11665,509,648,test
11666,763,700,train
11667,87,44,train
11668,99,234,train
11669,299,634,train
11670,36,696,train
11671,633,245,train
11672,52,461,train
11673,296,475,train
11674,757,305,train
11675,441,45,test
11676,748,3,train
11677,766,505,train
11678,113,135,test
11679,415,194,train
11680,211,745,train
11681,352,648,train
11682,235,789,train
11683,213,218,train
11684,311,11,train
11685,261,466,train
11686,81,418,train
11687,223,647,train
11688,748,494,train
11689,634,752,train
11690,797,151,train
11691,658,355,train
11692,285,71,test
11693,163,527,train
11694,631,654,train
11695,205,745,test
11696,614,482,train
11697,783,719,test
11698,672,70,train
11699,786,643,train
11700,687,267,train
11701,742,57,train
11702,133,664,train
11703,449,493,train
11704,312,252,train
11705,644,752,train
11706,364,347,test
11707,616,571,train
11708,418,570,train
11709,303,533,train
11710,588,432,train
11711,635,725,train
11712,652,455,train
11713,265,566,train
11714,303,687,train
11715,60,180,train
11716,694,670,train
11717,580,75,train
11718,216,453,train
11719,716,209,train
11720,701,523,train
11721,70,329,train
11722,411,58,train
11723,14,29,train
11724,31,740,train
11725,93,271,test
11726,604,211,test
11727,705,60,train
11728,168,685,train
11729,56,30,train
11730,29,261,train
11731,212,193,train
11732,740,730,train
11733,715,318,train
11734,592,593,train
11735,436,223,test
11736,109,251,train
11737,235,372,train
11738,518,230,train
11739,761,91,test
11740,496,462,test
11741,548,26,train
11742,369,474,train
11743,61,522,train
11744,687,502,test
11745,378,159,train
11746,311,9,test
11747,164,194,train
11748,325,687,test
11749,656,763,train
11750,6,129,train
11751,32,790,train
11752,773,126,train
11753,764,766,train
11754,156,435,train
11755,371,287,train
11756,756,654,train
11757,221,510,train
11758,672,719,train
11759,637,394,train
11760,189,735,train
11761,312,89,train
11762,466,408,train
11763,288,689,train
11764,414,264,train
11765,68,393,train
11766,671,129,train
11767,305,330,train
11768,668,372,train
11769,213,338,test
11770,122,316,train
11771,171,77,train
11772,586,786,train
11773,241,163,test
11774,779,486,test
11775,252,446,train
11776,263,148,train
11777,496,35,train
11778,193,774,train
11779,190,283,test
11780,81,695,train
11781,104,392,train
11782,127,666,train
11783,626,41,train
11784,373,361,train
11785,227,213,train
11786,367,523,train
11787,738,196,train
11788,360,584,train
11789,214,616,train
11790,477,298,train
11791,521,405,test
11792,208,596,train
11793,325,493,train
11794,382,636,train
11795,345,102,train
11796,261,288,train
11797,282,693,train
11798,384,310,train
11799,550,21,train
11800,244,407,train
11801,253,521,train
11802,225,742,test
11803,494,701,train
11804,710,165,train
11805,150,744,train
11806,586,95,train
11807,542,760,train
11808,18,558,train
11809,791,264,train
11810,53,632,train
11811,638,138,train
11812,543,513,train
11813,621,774,train
11814,786,193,train
11815,679,5,test
11816,391,577,train
11817,673,139,train
11818,707,613,train
11819,572,510,train
11820,776,539,train
11821,595,277,train
11822,669,424,train
11823,23,675,train
11824,264,5,train
11825,255,567,train
11826,469,42,train
11827,241,765,train
11828,779,440,test
11829,321,433,test
11830,341,388,train
11831,649,689,train
11832,395,676,train
11833,324,446,train
11834,393,750,test
11835,327,430,train
11836,781,239,train
11837,791,104,train
11838,617,770,train
11839,688,330,train
11840,441,68,train
11841,450,273,train
11842,394,231,train
11843,62,711,train
11844,410,49,train
11845,657,422,train
11846,707,702,train
11847,133,61,train
11848,376,662,train
11849,64,752,train
11850,171,328,train
11851,175,321,test
11852,658,751,train
11853,605,779,train
11854,59,625,test
11855,241,606,test
11856,642,456,train
11857,55,586,train
11858,793,452,test
11859,186,790,train
11860,303,65,train
11861,73,363,train
11862,694,631,train
11863,39,626,train
11864,216,703,test
11865,110,546,train
11866,179,154,train
11867,787,707,train
11868,37,204,train
11869,638,566,test
11870,227,41,train
11871,131,278,train
11872,773,606,train
11873,521,702,train
11874,284,2,train
11875,43,475,train
11876,609,526,train
11877,731,176,train
11878,502,438,train
11879,753,376,train
11880,752,704,train
11881,356,658,train
11882,623,576,train
11883,165,432,train
11884,425,182,train
11885,189,52,test
11886,150,464,test
11887,111,591,train
11888,785,741,train
11889,164,799,train
11890,421,387,train
11891,338,331,train
11892,462,407,test
11893,23,109,train
11894,405,593,test
11895,391,604,train
11896,284,158,train
11897,651,658,train
11898,36,57,train
11899,509,574,train
11900,414,334,train
11901,85,752,test
11902,561,513,train
11903,526,166,train
11904,569,791,train
11905,59,328,train
11906,385,359,train
11907,30,103,train
11908,586,680,train
11909,598,443,train
11910,754,476,train
11911,574,143,train
11912,538,118,train
11913,79,298,train
11914,578,526,train
11915,503,746,train
11916,349,178,train
11917,18,310,train
11918,492,57,test
11919,362,719,train
11920,329,194,train
11921,551,660,train
11922,799,309,train
11923,573,335,train
11924,530,120,train
11925,212,347,train
11926,365,292,train
11927,40,566,test
11928,631,284,train
11929,317,750,train
11930,505,368,train
11931,530,473,test
11932,712,729,train
11933,218,459,train
11934,73,487,train
11935,402,493,train
11936,65,680,train
11937,364,89,test
11938,642,269,train
11939,235,7,train
11940,352,571,train
11941,79,295,train
11942,441,379,train
11943,711,393,train
11944,249,530,train
11945,745,699,train
11946,214,577,train
11947,515,342,test
11948,692,617,train
11949,441,319,train
11950,156,187,train
11951,594,680,train
11952,153,799,train
11953,380,763,train
11954,350,34,train
11955,164,640,test
11956,376,535,train
11957,583,65,train
11958,623,547,train
11959,568,412,train
11960,160,152,train
11961,737,268,train
11962,582,686,train
11963,657,554,test
11964,405,610,train
11965,198,156,train
11966,251,130,train
11967,652,564,train
11968,686,653,train
11969,19,774,train
11970,640,355,train
11971,130,44,train
11972,731,564,train
11973,313,314,train
11974,422,777,train
11975,158,224,test
11976,264,525,train
11977,772,614,train
11978,331,38,train
11979,552,452,train
11980,21,119,train
11981,112,196,train
11982,1,488,train
11983,23,470,test
11984,375,722,train
11985,315,426,train
11986,555,187,train
11987,590,750,train
11988,226,277,train
11989,171,674,train
11990,787,592,train
11991,105,524,train
11992,724,169,train
11993,614,563,train
11994,11,460,test
11995,294,113,train
11996,52,106,train
11997,726,36,test
11998,597,768,train
11999,379,11,test
12000,412,495,test
12001,209,704,train
12002,290,81,train
12003,539,687,train
12004,333,598,train
12005,63,273,train
12006,17,214,train
12007,587,329,test
12008,520,57,train
12009,741,224,train
12010,223,631,test
12011,196,132,test
12012,429,14,test
12013,663,311,train
12014,584,194,train
12015,787,677,train
12016,661,453,train
12017,129,457,train
12018,668,282,test
12019,390,428,train
12020,455,440,test
12021,159,81,test
12022,32,729,train
12023,42,619,train
12024,386,632,train
12025,288,229,train
12026,348,547,train
12027,343,426,train
12028,724,23,train
12029,270,11,test
12030,9,758,train
12031,115,726,train
12032,188,69,train
12033,746,374,train
12034,621,592,train
12035,475,707,train
12036,95,212,test
12037,750,740,test
12038,753,741,test
12039,321,695,train
12040,790,603,train
12041,51,423,train
12042,89,642,train
12043,179,567,train
12044,748,323,train
12045,678,415,train
12046,24,222,train
12047,89,542,train
12048,395,531,train
12049,134,133,test
12050,476,136,train
12051,7,616,train
12052,485,312,train
12053,600,25,train
12054,186,712,test
12055,721,517,train
12056,455,157,test
12057,274,278,train
12058,134,723,train
12059,778,453,train
12060,522,233,train
12061,456,526,train
12062,4,460,train
12063,558,233,train
12064,465,42,test
12065,365,724,train
12066,617,70,test
12067,69,525,train
12068,63,780,test
12069,742,622,train
12070,751,291,test
12071,217,245,train
12072,762,439,train
12073,799,754,train
12074,372,665,train
12075,363,590,train
12076,353,446,test
12077,40,57,test
12078,562,163,train
12079,621,151,train
12080,319,566,train
12081,524,89,train
12082,122,549,train
12083,259,698,train
12084,94,667,train
12085,367,146,train
12086,321,514,train
12087,759,130,train
12088,45,670,train
12089,68,726,train
12090,150,234,train
12091,721,164,train
12092,679,276,train
12093,184,440,test
12094,17,317,test
12095,58,9,train
12096,787,632,train
12097,275,48,train
12098,42,541,train
12099,214,374,test
12100,52,730,train
12101,163,339,train
12102,523,690,train
12103,416,513,train
12104,657,242,train
12105,559,73,train
12106,162,722,train
12107,733,730,test
12108,329,595,train
12109,524,690,train
12110,606,280,test
12111,471,437,train
12112,221,563,train
12113,126,629,train
12114,101,285,train
12115,731,763,train
12116,348,193,train
12117,388,346,train
12118,309,437,train
12119,673,143,train
12120,205,270,train
12121,597,314,test
12122,345,426,train
12123,711,471,train
12124,411,754,test
12125,306,23,train
12126,605,376,test
12127,444,172,train
12128,148,363,test
12129,679,728,train
12130,647,411,train
12131,576,451,train
12132,101,217,train
12133,256,295,train
12134,309,744,test
12135,684,203,train
12136,439,7,test
12137,538,252,train
12138,564,135,test
12139,120,666,train
12140,500,241,train
12141,547,469,train
12142,280,37,train
12143,395,425,train
12144,586,536,train
12145,770,276,train
12146,374,689,train
12147,18,2,train
12148,416,355,test
12149,593,34,train
12150,68,13,train
12151,294,305,train
12152,311,740,train
12153,274,267,train
12154,775,648,train
12155,699,108,train
12156,439,418,train
12157,706,462,train
12158,107,241,train
12159,5,383,train
12160,412,219,train
12161,359,102,train
12162,395,480,train
12163,719,756,train
12164,111,181,train
12165,57,496,test
12166,455,30,train
12167,62,179,train
12168,508,585,test
12169,240,22,test
12170,344,270,test
12171,388,258,test
12172,690,387,test
12173,49,789,test
12174,424,543,train
12175,399,4,test
12176,164,682,train
12177,425,632,train
12178,534,605,train
12179,766,21,train
12180,395,602,train
12181,702,558,train
12182,299,350,test
12183,475,512,train
12184,641,44,train
12185,510,403,train
12186,694,619,train
12187,581,37,train
12188,513,152,train
12189,282,131,train
12190,723,356,train
12191,377,661,train
12192,430,152,train
12193,114,747,train
12194,642,716,train
12195,358,748,train
12196,735,97,test
12197,569,173,train
12198,637,778,train
12199,597,303,train
12200,708,268,test
12201,224,752,train
12202,410,246,train
12203,722,186,test
12204,103,113,train
12205,462,299,train
12206,677,669,train
12207,199,154,train
12208,57,747,train
12209,204,716,train
12210,1,503,train
12211,254,470,train
12212,520,328,train
12213,258,378,test
12214,75,652,train
12215,724,785,train
12216,121,536,train
12217,592,516,train
12218,22,294,train
12219,205,363,test
12220,493,323,train
12221,772,285,test
12222,456,636,test
12223,245,584,test
12224,783,55,train
12225,769,169,test
12226,638,142,train
12227,789,256,train
12228,612,593,train
12229,30,410,test
12230,435,190,train
12231,316,654,train
12232,152,217,train
12233,231,313,train
12234,625,252,test
12235,140,252,train
12236,229,95,train
12237,788,590,train
12238,460,132,train
12239,737,329,train
12240,135,505,train
12241,590,711,train
12242,621,373,train
12243,728,649,train
12244,230,137,test
12245,321,696,train
12246,415,521,train
12247,587,788,train
12248,695,345,train
12249,332,512,test
12250,425,561,train
12251,649,360,train
12252,384,135,train
12253,525,175,train
12254,656,339,train
12255,414,555,train
12256,751,598,train
12257,676,69,train
12258,199,562,train
12259,583,640,train
12260,133,365,train
12261,792,378,train
12262,769,401,train
12263,574,247,test
12264,428,431,train
12265,794,662,train
12266,656,209,test
12267,280,225,train
12268,454,727,train
12269,76,660,test
12270,615,162,train
12271,404,473,train
12272,411,277,train
12273,763,239,test
12274,719,4,train
12275,157,135,train
12276,257,634,train
12277,48,10,train
12278,218,48,train
12279,627,712,train
12280,458,159,train
12281,325,164,train
12282,771,571,train
12283,795,693,test
12284,374,85,train
12285,190,270,train
12286,647,597,test
12287,47,185,train
12288,395,555,test
12289,443,133,train
12290,61,568,train
12291,539,588,test
12292,640,97,train
12293,142,362,train
12294,316,538,test
12295,612,255,train
12296,237,223,train
12297,443,3,train
12298,626,704,test
12299,53,746,train
12300,160,126,train
12301,134,769,train
12302,249,51,train
12303,560,7,train
12304,439,632,train
12305,785,443,train
12306,417,780,train
12307,73,634,train
12308,746,159,train
12309,465,93,train
12310,323,451,test
12311,197,261,train
12312,562,496,train
12313,532,529,train
12314,409,487,test
12315,216,550,train
12316,324,31,train
12317,627,658,train
12318,684,426,train
12319,9,781,train
12320,525,439,train
12321,248,200,train
12322,116,259,train
12323,604,197,train
12324,180,748,train
12325,464,253,train
12326,536,272,train
12327,373,464,test
12328,519,163,train
12329,401,572,train
12330,511,319,train
12331,590,771,train
12332,45,444,train
12333,210,789,train
12334,60,107,train
12335,22,217,train
12336,334,486,train
12337,793,207,train
12338,400,710,train
12339,16,290,test
12340,748,566,train
12341,185,644,train
12342,133,232,train
12343,48,320,train
12344,579,262,train
12345,167,596,train
12346,65,724,test
12347,264,764,test
12348,709,315,train
12349,521,746,test
12350,614,677,train
12351,514,206,train
12352,722,19,train
12353,467,466,test
12354,791,793,train
12355,3,762,train
12356,570,2,train
12357,630,95,test
12358,333,457,train
12359,515,157,train
12360,246,196,train
12361,551,130,train
12362,418,19,train
12363,242,542,train
12364,225,799,test
12365,531,771,test
12366,70,309,train
12367,667,137,train
12368,62,67,train
12369,688,360,test
12370,48,28,test
12371,61,608,train
12372,507,475,train
12373,784,436,train
12374,215,356,train
12375,178,545,test
12376,118,574,train
12377,765,787,train
12378,572,698,test
12379,768,136,train
12380,216,137,train
12381,58,329,train
12382,465,427,train
12383,364,101,train
12384,344,109,test
12385,511,652,test
12386,634,211,train
12387,431,278,train
12388,61,465,train
12389,751,280,train
12390,232,725,train
12391,669,114,train
12392,719,741,train
12393,373,342,train
12394,779,508,train
12395,125,257,train
12396,415,323,train
12397,729,68,train
12398,574,762,test
12399,740,545,train
12400,270,303,train
12401,507,318,test
12402,263,705,train
12403,339,263,train
12404,372,747,test
12405,643,800,test
12406,135,123,train
12407,103,32,train
12408,544,212,train
12409,165,312,train
12410,320,482,train
12411,288,100,train
12412,62,666,train
12413,397,701,train
12414,73,310,test
12415,621,254,train
12416,276,573,train
12417,401,504,test
12418,695,113,train
12419,738,576,train
12420,157,232,test
12421,689,205,test
12422,569,113,train
12423,644,255,train
12424,740,629,train
12425,587,541,train
12426,472,678,test
12427,165,789,train
12428,255,615,train
12429,552,659,train
12430,548,301,train
12431,414,645,test
12432,748,626,test
12433,638,373,train
12434,260,770,train
12435,278,254,train
12436,798,681,train
12437,201,38,train
12438,330,353,train
12439,195,654,train
12440,422,216,train
12441,161,649,train
12442,790,478,test
12443,371,65,train
12444,71,619,train
12445,448,307,train
12446,444,598,train
12447,328,149,train
12448,476,678,train
12449,212,540,test
12450,529,65,test
12451,268,184,train
12452,656,434,test
12453,576,86,train
12454,560,643,train
12455,268,563,train
12456,560,204,train
12457,577,251,train
12458,679,373,train
12459,690,689,train
12460,390,406,test
12461,613,214,test
12462,379,743,train
12463,654,735,train
12464,177,519,train
12465,635,250,train
12466,490,353,train
12467,756,768,train
12468,574,217,test
12469,555,759,train
12470,380,187,train
12471,295,406,train
12472,533,591,train
12473,214,758,train
12474,540,490,test
12475,560,125,train
12476,462,676,train
12477,106,660,train
12478,25,431,train
12479,374,621,test
12480,510,99,train
12481,480,743,train
12482,215,152,train
12483,450,34,train
12484,471,242,train
12485,297,620,train
12486,538,55,train
12487,676,589,train
12488,778,269,train
12489,631,708,train
12490,36,744,train
12491,176,572,train
12492,642,11,train
12493,54,426,test
12494,712,718,test
12495,623,174,train
12496,353,564,train
12497,680,179,train
12498,216,130,train
12499,71,461,test
12500,545,638,train
12501,799,644,train
12502,324,647,train
12503,561,353,train
12504,323,35,train
12505,586,643,train
12506,751,301,train
12507,395,255,train
12508,238,642,train
12509,194,578,test
12510,128,784,train
12511,514,365,train
12512,598,15,train
12513,165,239,train
12514,534,198,train
12515,557,580,train
12516,590,560,train
12517,300,783,train
12518,41,291,train
12519,665,687,train
12520,154,538,train
12521,738,359,train
12522,416,528,train
12523,122,393,test
12524,73,178,train
12525,323,642,train
12526,772,184,train
12527,101,350,train
12528,307,384,train
12529,285,485,test
12530,26,399,test
12531,529,669,train
12532,525,262,train
12533,339,712,test
12534,762,34,train
12535,461,544,train
12536,490,454,train
12537,141,487,train
12538,258,57,test
12539,373,160,train
12540,379,742,test
12541,629,762,train
12542,680,218,train
12543,193,719,train
12544,416,735,train
12545,411,249,test
12546,161,405,train
12547,522,574,train
12548,433,444,test
12549,593,307,train
12550,225,787,test
12551,424,161,train
12552,772,392,train
12553,389,678,train
12554,659,476,train
12555,554,394,train
12556,694,23,test
12557,758,795,train
12558,667,670,test
12559,380,737,test
12560,730,649,train
12561,691,443,train
12562,154,396,train
12563,450,40,train
12564,139,339,train
12565,266,450,train
12566,111,307,train
12567,497,244,train
12568,654,592,train
12569,739,16,train
12570,360,407,train
12571,110,109,train
12572,265,4,train
12573,194,74,train
12574,798,514,test
12575,621,334,train
12576,63,120,test
12577,754,774,train
12578,398,156,train
12579,138,278,train
12580,612,165,train
12581,314,134,test
12582,355,408,train
12583,209,588,train
12584,92,359,test
12585,778,290,train
12586,500,80,train
12587,691,374,train
12588,783,551,test
12589,645,406,test
12590,551,467,train
12591,635,381,train
12592,296,799,train
12593,324,330,train
12594,640,335,test
12595,116,161,test
12596,634,378,train
12597,646,768,train
12598,654,166,test
12599,522,590,train
12600,412,184,train
12601,625,681,train
12602,495,721,train
12603,255,709,train
12604,4,205,train
12605,481,526,train
12606,357,502,train
12607,227,557,train
12608,48,484,train
12609,269,291,train
12610,75,151,train
12611,748,164,train
12612,498,146,train
12613,562,687,test
12614,164,708,train
12615,31,457,train
12616,470,249,train
12617,93,355,train
12618,456,613,test
12619,270,705,train
12620,174,599,train
12621,449,60,train
12622,110,716,test
12623,608,154,train
12624,153,175,train
12625,108,504,train
12626,193,444,train
12627,507,263,train
12628,637,276,train
12629,389,135,train
12630,89,484,train
12631,369,438,train
12632,15,390,train
12633,382,648,train
12634,702,121,train
12635,403,753,test
12636,361,758,train
12637,182,294,train
12638,108,95,train
12639,105,361,train
12640,612,775,train
12641,284,462,train
12642,723,448,train
12643,237,268,train
12644,330,303,test
12645,135,336,test
12646,684,797,train
12647,533,712,train
12648,262,662,train
12649,26,487,train
12650,136,395,test
12651,385,598,train
12652,344,317,train
12653,239,277,test
12654,387,224,train
12655,477,742,train
12656,254,202,train
12657,735,730,train
12658,106,521,test
12659,149,688,train
12660,32,431,train
12661,23,711,train
12662,309,411,train
12663,423,77,train
12664,402,435,train
12665,401,604,train
12666,185,557,test
12667,17,116,test
12668,662,24,train
12669,164,355,train
12670,134,542,train
12671,216,72,train
12672,451,597,test
12673,752,557,train
12674,742,716,train
12675,57,630,train
12676,210,416,train
12677,281,500,train
12678,781,147,train
12679,667,794,train
12680,487,452,train
12681,163,461,test
12682,20,145,train
12683,748,200,train
12684,149,175,train
12685,277,596,train
12686,197,260,train
12687,113,608,train
12688,62,206,train
12689,158,732,train
12690,416,632,train
12691,767,612,train
12692,617,264,train
12693,520,600,test
12694,540,573,train
12695,111,497,train
12696,530,451,train
12697,669,783,train
12698,26,293,train
12699,442,533,test
12700,659,396,train
12701,439,475,train
12702,149,116,train
12703,749,797,test
12704,515,406,train
12705,675,758,test
12706,96,610,test
12707,681,143,train
12708,713,114,train
12709,257,100,train
12710,390,490,test
12711,279,357,train
12712,784,166,test
12713,754,231,train
12714,796,439,train
12715,665,736,train
12716,529,98,train
12717,642,560,train
12718,534,789,train
12719,564,171,train
12720,514,566,train
12721,334,661,train
12722,164,561,test
12723,377,469,test
12724,277,79,train
12725,143,388,train
12726,7,246,train
12727,214,730,train
12728,348,353,test
12729,280,471,test
12730,430,74,train
12731,438,346,train
12732,363,306,train
12733,250,88,test
12734,399,310,train
12735,6,150,test
12736,231,167,train
12737,403,216,test
12738,756,47,train
12739,206,289,train
12740,610,318,train
12741,130,712,test
12742,542,186,train
12743,328,20,train
12744,730,496,train
12745,353,477,train
12746,37,704,train
12747,105,11,train
12748,93,648,test
12749,490,437,train
12750,26,684,train
12751,769,117,train
12752,639,266,train
12753,607,603,test
12754,483,352,train
12755,341,23,train
12756,690,309,train
12757,278,751,train
12758,362,613,train
12759,4,154,test
12760,576,39,test
12761,493,372,train
12762,383,684,test
12763,262,284,train
12764,387,128,train
12765,736,272,test
12766,390,175,train
12767,767,777,train
12768,501,422,train
12769,777,505,train
12770,438,668,train
12771,660,128,test
12772,95,603,train
12773,281,99,train
12774,549,598,train
12775,354,5,test
12776,214,574,train
12777,471,338,train
12778,531,120,train
12779,609,619,test
12780,311,722,train
12781,391,697,test
12782,253,257,train
12783,175,622,train
12784,428,609,train
12785,197,686,train
12786,38,462,train
12787,635,13,train
12788,629,242,train
12789,195,727,test
12790,399,295,train
12791,769,14,train
12792,159,207,train
12793,558,353,train
12794,528,119,train
12795,606,76,train
12796,231,56,train
12797,712,632,train
12798,724,554,test
12799,85,511,train
12800,171,484,train
12801,582,753,test
12802,448,781,train
12803,494,323,train
12804,475,795,train
12805,741,706,train
12806,287,303,train
12807,35,545,train
12808,320,562,train
12809,749,95,train
12810,423,361,train
12811,196,461,test
12812,88,108,train
12813,613,769,train
12814,520,670,train
12815,83,545,train
12816,665,577,train
12817,695,372,train
12818,747,599,test
12819,701,23,test
12820,476,719,train
12821,79,461,train
12822,681,560,train
12823,122,63,train
12824,346,471,train
12825,259,304,train
12826,316,161,train
12827,549,18,train
12828,128,123,train
12829,151,219,train
12830,401,561,test
12831,598,477,test
12832,114,654,train
12833,424,572,test
12834,590,694,train
12835,252,206,train
12836,383,623,train
12837,576,532,train
12838,128,224,test
12839,429,703,train
12840,317,63,train
12841,293,203,train
12842,525,250,train
12843,425,364,train
12844,775,318,train
12845,657,93,train
12846,122,250,train
12847,503,468,test
12848,528,353,train
12849,248,182,train
12850,620,394,train
12851,243,591,test
12852,242,550,train
12853,688,403,train
12854,726,652,train
12855,753,317,train
12856,661,517,train
12857,718,520,train
12858,151,725,train
12859,142,738,train
12860,312,95,train
12861,291,635,test
12862,239,47,train
12863,212,418,train
12864,487,587,test
12865,680,81,test
12866,609,284,train
12867,698,334,test
12868,446,328,test
12869,399,287,train
12870,502,290,train
12871,43,476,train
12872,449,694,train
12873,422,44,train
12874,378,664,train
12875,408,41,train
12876,141,384,train
12877,797,25,train
12878,702,438,train
12879,251,84,train
12880,222,536,train
12881,702,257,train
12882,20,466,train
12883,103,386,test
12884,344,492,train
12885,761,180,train
12886,460,734,train
12887,721,676,train
12888,329,132,train
12889,106,217,train
12890,315,447,train
12891,515,523,train
12892,646,719,train
12893,423,785,train
12894,684,388,train
12895,39,753,train
12896,118,278,train
12897,312,166,train
12898,64,530,train
12899,42,694,train
12900,656,269,train
12901,355,443,test
12902,225,494,train
12903,578,391,train
12904,684,340,train
12905,593,603,train
12906,666,325,train
12907,543,393,train
12908,320,272,test
12909,97,593,test
12910,73,781,train
12911,400,340,test
12912,383,560,train
12913,634,181,train
12914,19,442,train
12915,166,210,train
12916,411,110,train
12917,495,648,train
12918,105,667,train
12919,418,735,test
12920,590,134,train
12921,783,408,train
12922,226,51,test
12923,231,653,test
12924,463,620,train
12925,473,416,train
12926,610,600,train
12927,705,25,train
12928,455,462,test
12929,28,3,train
12930,105,458,train
12931,328,611,train
12932,209,40,test
12933,621,647,train
12934,572,249,train
12935,242,511,train
12936,242,308,train
12937,776,575,train
12938,332,392,test
12939,725,38,train
12940,626,9,test
12941,80,297,train
12942,284,445,train
12943,763,613,train
12944,122,264,train
12945,579,713,train
12946,11,797,train
12947,744,526,train
12948,775,396,train
12949,503,370,test
12950,587,242,train
12951,330,56,train
12952,197,640,test
12953,315,153,train
12954,557,182,test
12955,775,721,test
12956,457,93,test
12957,392,277,train
12958,725,652,train
12959,619,432,test
12960,80,607,train
12961,71,143,train
12962,392,420,train
12963,41,22,train
12964,112,234,train
12965,540,742,test
12966,348,2,train
12967,17,745,train
12968,797,557,train
12969,633,158,test
12970,358,790,train
12971,332,420,train
12972,494,438,train
12973,314,256,test
12974,285,557,test
12975,457,554,test
12976,472,147,test
12977,800,124,train
12978,623,81,test
12979,100,84,train
12980,461,367,train
12981,49,584,train
12982,55,73,train
12983,272,502,train
12984,306,293,train
12985,437,741,train
12986,412,4,train
12987,248,252,train
12988,442,517,train
12989,294,205,train
12990,327,423,train
12991,680,542,train
12992,71,9,train
12993,429,396,train
12994,663,146,train
12995,529,786,test
12996,613,714,train
12997,731,497,train
12998,27,88,test
12999,487,691,test
13000,374,125,train
13001,500,681,train
13002,434,81,train
13003,477,23,test
13004,287,271,train
13005,694,586,train
13006,434,99,train
13007,199,499,train
13008,687,127,test
13009,298,691,test
13010,136,494,train
13011,413,308,test
13012,312,385,train
13013,425,241,train
13014,548,383,train
13015,567,513,train
13016,13,601,train
13017,15,546,train
13018,244,625,test
13019,119,182,train
13020,717,79,train
13021,772,645,test
13022,317,223,train
13023,73,7,test
13024,705,202,train
13025,429,515,test
13026,359,173,train
13027,422,452,train
13028,433,492,train
13029,383,311,train
13030,95,757,train
13031,794,29,train
13032,707,51,train
13033,346,794,train
13034,682,142,train
13035,84,293,train
13036,290,181,test
13037,604,768,train
13038,291,799,train
13039,715,500,train
13040,729,354,train
13041,146,507,test
13042,714,364,train
13043,235,654,test
13044,520,703,train
13045,16,333,train
13046,786,121,train
13047,354,261,train
13048,609,193,test
13049,690,544,train
13050,85,22,train
13051,36,102,train
13052,693,622,train
13053,287,205,test
13054,611,594,test
13055,429,440,train
13056,422,341,test
13057,110,157,test
13058,484,65,test
13059,587,391,train
13060,192,663,train
13061,73,157,train
13062,371,436,test
13063,605,613,test
13064,648,291,train
13065,300,79,train
13066,85,226,train
13067,573,749,train
13068,364,457,train
13069,609,747,train
13070,182,456,test
13071,173,676,train
13072,371,703,train
13073,606,118,train
13074,8,228,train
13075,374,497,train
13076,721,537,train
13077,171,288,test
13078,50,708,test
13079,388,181,test
13080,786,330,test
13081,698,51,train
13082,169,292,train
13083,119,234,train
13084,786,519,train
13085,314,625,test
13086,192,214,train
13087,656,293,train
13088,533,517,train
13089,294,708,test
13090,459,223,train
13091,200,760,train
13092,489,476,train
13093,323,125,train
13094,571,250,train
13095,265,457,train
13096,741,405,train
13097,199,157,train
13098,336,670,train
13099,164,210,test
13100,634,766,test
13101,723,771,train
13102,226,372,train
13103,573,638,train
13104,438,795,train
13105,55,466,train
13106,31,59,train
13107,520,119,test
13108,256,574,train
13109,379,288,train
13110,599,648,test
13111,224,357,train
13112,414,674,test
13113,305,634,train
13114,310,776,train
13115,215,188,train
13116,300,642,train
13117,753,113,train
13118,26,29,train
13119,559,524,train
13120,498,625,train
13121,347,28,train
13122,613,350,test
13123,40,161,train
13124,757,503,train
13125,102,366,train
13126,418,389,train
13127,406,740,train
13128,555,551,train
13129,662,172,train
13130,229,710,train
13131,485,643,train
13132,54,515,train
13133,445,619,train
13134,71,290,train
13135,536,114,train
13136,480,380,train
13137,228,499,test
13138,161,521,train
13139,609,443,train
13140,378,626,train
13141,211,774,train
13142,244,346,train
13143,593,138,train
13144,774,728,train
13145,77,377,train
13146,699,96,train
13147,199,121,train
13148,693,370,train
13149,775,391,test
13150,279,764,test
13151,42,718,test
13152,636,464,train
13153,487,791,test
13154,7,279,train
13155,258,458,train
13156,213,581,train
13157,578,500,train
13158,513,724,test
13159,793,432,test
13160,765,209,train
13161,787,596,train
13162,277,549,train
13163,255,342,train
13164,320,590,test
13165,356,2,train
13166,665,743,train
13167,64,521,train
13168,470,407,train
13169,628,638,train
13170,749,72,train
13171,6,432,test
13172,31,404,train
13173,630,762,test
13174,272,753,test
13175,23,662,train
13176,158,281,train
13177,686,473,test
13178,608,779,train
13179,109,523,train
13180,629,673,train
13181,75,627,train
13182,492,251,train
13183,484,116,test
13184,789,225,train
13185,463,544,train
13186,734,585,train
13187,573,284,train
13188,272,707,test
13189,567,546,train
13190,1,483,train
13191,336,225,train
13192,244,563,train
13193,43,428,train
13194,602,22,test
13195,719,160,train
13196,425,51,train
13197,667,458,train
13198,234,395,train
13199,155,389,train
13200,312,32,test
13201,674,303,train
13202,788,671,train
13203,8,378,train
13204,348,207,train
13205,164,466,train
13206,431,228,train
13207,193,759,train
13208,180,487,train
13209,484,206,train
13210,612,514,train
13211,190,773,train
13212,311,14,train
13213,706,747,train
13214,116,243,train
13215,174,734,train
13216,82,481,test
13217,2,693,test
13218,76,366,train
13219,306,103,train
13220,179,768,train
13221,529,276,train
13222,114,400,train
13223,745,91,train
13224,416,167,train
13225,267,131,train
13226,648,641,train
13227,756,716,train
13228,725,363,test
13229,469,639,train
13230,751,593,test
13231,795,672,test
13232,557,25,train
13233,379,19,train
13234,569,732,train
13235,793,164,train
13236,550,513,train
13237,380,786,train
13238,261,652,train
13239,709,355,train
13240,339,697,train
13241,684,387,train
13242,149,614,train
13243,630,384,train
13244,478,701,train
13245,569,744,train
13246,393,493,train
13247,750,264,train
13248,471,199,test
13249,43,352,train
13250,528,507,train
13251,155,742,train
13252,298,278,train
13253,89,342,test
13254,758,10,train
13255,241,346,train
13256,493,744,train
13257,82,95,train
13258,239,30,train
13259,208,660,train
13260,785,319,train
13261,407,190,test
13262,439,664,train
13263,679,712,train
13264,241,670,train
13265,109,377,test
13266,44,501,test
13267,392,728,train
13268,625,560,test
13269,30,457,train
13270,81,268,train
13271,284,211,train
13272,734,713,train
13273,441,357,train
13274,325,233,train
13275,747,755,train
13276,776,692,train
13277,212,205,train
13278,281,408,train
13279,246,736,train
13280,257,92,test
13281,735,427,train
13282,15,724,train
13283,238,500,train
13284,266,141,train
13285,603,692,train
13286,648,129,train
13287,797,582,train
13288,673,631,train
13289,720,303,train
13290,793,443,train
13291,800,250,train
13292,52,199,train
13293,38,387,test
13294,780,77,test
13295,314,290,train
13296,755,64,train
13297,554,217,test
13298,239,277,test
13299,324,610,train
13300,737,342,train
13301,576,367,train
13302,152,396,train
13303,208,163,train
13304,476,456,train
13305,526,302,train
13306,630,514,train
13307,200,487,train
13308,382,390,train
13309,800,516,train
13310,272,733,train
13311,417,458,train
13312,718,695,train
13313,563,632,train
13314,355,425,train
13315,254,685,train
13316,19,232,train
13317,608,698,train
13318,22,787,train
13319,365,116,train
13320,483,612,train
13321,702,599,train
13322,695,308,train
13323,369,660,train
13324,74,11,test
13325,584,358,train
13326,152,444,train
13327,560,142,train
13328,241,721,train
13329,664,154,train
13330,481,569,train
13331,698,676,test
13332,307,311,train
13333,408,277,train
13334,698,210,test
13335,369,237,train
13336,698,272,test
13337,355,415,train
13338,520,691,train
13339,515,563,train
13340,307,70,train
13341,28,786,train
13342,536,367,train
13343,530,455,train
13344,633,580,train
13345,154,608,train
13346,155,486,train
13347,681,175,train
13348,785,534,train
13349,240,245,train
13350,344,388,train
13351,96,462,train
13352,644,390,train
13353,307,406,train
13354,170,224,test
13355,535,391,train
13356,795,750,train
13357,10,779,train
13358,96,275,train
13359,528,117,train
13360,312,421,train
13361,780,541,train
13362,286,651,train
13363,237,405,train
13364,175,579,train
13365,529,198,train
13366,350,367,train
13367,341,239,train
13368,761,172,train
13369,392,61,test
13370,702,753,train
13371,6,220,train
13372,508,774,train
13373,538,547,test
13374,797,456,train
13375,561,608,train
13376,763,129,train
13377,171,758,train
13378,360,140,train
13379,599,646,train
13380,563,528,test
13381,416,663,train
13382,247,473,train
13383,516,703,train
13384,592,759,train
13385,468,629,train
13386,52,509,train
13387,535,316,train
13388,140,266,train
13389,569,466,train
13390,262,717,train
13391,591,403,train
13392,732,550,test
13393,380,558,train
13394,686,39,train
13395,474,568,train
13396,603,505,train
13397,741,171,train
13398,706,738,train
13399,527,163,train
13400,664,774,test
13401,545,329,train
13402,685,49,train
13403,163,24,train
13404,473,273,train
13405,290,313,test
13406,575,685,train
13407,267,670,train
13408,73,42,train
13409,740,788,train
13410,505,130,train
13411,316,88,train
13412,300,255,train
13413,314,390,train
13414,527,309,test
13415,180,79,train
13416,297,719,train
13417,341,446,train
13418,779,765,train
13419,461,72,train
13420,110,672,train
13421,320,370,train
13422,22,702,test
13423,414,395,train
13424,312,215,train
13425,437,742,test
13426,564,154,train
13427,772,273,test
13428,438,421,train
13429,135,657,train
13430,152,608,train
13431,20,43,train
13432,747,89,train
13433,72,605,train
13434,474,306,train
13435,304,709,train
13436,682,435,train
13437,49,363,train
13438,706,484,train
13439,535,164,test
13440,135,198,train
13441,476,564,train
13442,126,139,train
13443,518,311,test
13444,326,735,test
13445,721,252,test
13446,211,492,train
13447,257,399,train
13448,335,179,train
13449,747,630,train
13450,790,620,train
13451,331,641,train
13452,721,212,train
13453,436,794,train
13454,329,110,train
13455,378,610,train
13456,202,534,train
13457,509,1,train
13458,496,210,train
13459,350,500,train
13460,86,579,test
13461,316,124,train
13462,99,446,train
13463,760,368,train
13464,134,89,test
13465,528,177,train
13466,594,472,train
13467,357,189,train
13468,432,590,train
13469,385,329,train
13470,232,392,train
13471,461,492,train
13472,721,77,train
13473,697,7,train
13474,678,642,train
13475,212,290,train
13476,406,543,train
13477,695,520,train
13478,83,455,test
13479,469,392,train
13480,267,13,train
13481,231,551,test
13482,455,239,train
13483,281,21,train
13484,303,799,test
13485,697,311,train
13486,690,313,train
13487,84,278,test
13488,527,340,train
13489,773,79,train
13490,205,557,train
13491,498,762,train
13492,593,602,test
13493,576,57,test
13494,681,397,train
13495,570,796,train
13496,561,666,train
13497,490,377,train
13498,762,422,train
13499,639,53,train
13500,286,391,train
13501,141,95,train
13502,14,747,train
13503,304,139,train
13504,657,47,train
13505,691,291,train
13506,650,185,train
13507,743,329,train
13508,432,357,train
13509,794,587,train
13510,198,409,train
13511,74,108,test
13512,595,742,train
13513,277,563,train
13514,767,368,train
13515,385,590,train
13516,330,463,train
13517,290,60,train
13518,683,431,train
13519,310,712,train
13520,380,712,train
13521,774,335,train
13522,397,68,train
13523,321,403,train
13524,179,772,train
13525,440,186,train
13526,288,115,train
13527,142,609,train
13528,486,726,test
13529,610,377,train
13530,746,273,test
13531,490,600,test
13532,6,693,test
13533,752,398,train
13534,546,639,train
13535,721,608,train
13536,744,731,test
13537,121,217,train
13538,688,760,train
13539,582,584,test
13540,9,37,train
13541,768,706,test
13542,575,140,train
13543,592,153,train
13544,229,76,train
13545,456,63,train
13546,187,345,test
13547,192,357,train
13548,64,765,train
13549,162,184,train
13550,76,339,train
13551,128,301,train
13552,651,158,train
13553,506,228,test
13554,396,586,train
13555,143,44,train
13556,427,267,train
13557,174,460,train
13558,345,324,train
13559,573,84,train
13560,657,286,train
13561,16,651,train
13562,704,57,test
13563,612,562,train
13564,91,693,train
13565,134,739,train
13566,547,121,train
13567,568,562,train
13568,54,365,train
13569,578,201,train
13570,333,510,train
13571,317,301,train
13572,429,432,train
13573,32,15,test
13574,282,532,train
13575,137,704,train
13576,22,651,train
13577,601,614,train
13578,785,48,train
13579,2,733,train
13580,632,577,train
13581,611,751,train
13582,261,762,train
13583,774,539,test
13584,650,495,train
13585,707,773,train
13586,215,450,train
13587,640,282,train
13588,193,359,train
13589,758,676,train
13590,589,796,train
13591,327,484,train
13592,55,400,train
13593,487,350,train
13594,255,369,train
13595,431,589,train
13596,751,411,train
13597,658,642,train
13598,453,411,train
13599,596,85,train
13600,742,659,test
13601,25,114,train
13602,484,360,test
13603,103,771,train
13604,446,14,train
13605,787,277,test
13606,341,285,train
13607,451,758,train
13608,91,492,train
13609,260,634,test
13610,193,181,train
13611,323,475,train
13612,633,465,train
13613,197,481,train
13614,161,567,test
13615,521,75,train
13616,101,795,train
13617,624,83,test
13618,770,135,train
13619,477,410,train
13620,391,495,train
13621,345,248,train
13622,397,75,test
13623,549,652,train
13624,632,102,test
13625,514,605,train
13626,502,23,train
13627,443,718,train
13628,710,77,train
13629,583,326,test
13630,484,737,train
13631,177,98,train
13632,355,504,train
13633,386,750,train
13634,440,542,train
13635,237,457,train
13636,707,91,train
13637,357,277,train
13638,717,679,train
13639,45,359,train
13640,473,576,train
13641,671,21,test
13642,557,264,train
13643,132,464,train
13644,368,307,train
13645,645,136,train
13646,534,109,train
13647,229,578,train
13648,697,666,train
13649,517,109,train
13650,224,389,test
13651,114,256,test
13652,612,517,train
13653,365,132,train
13654,660,763,train
13655,119,123,train
13656,60,611,test
13657,257,591,train
13658,264,342,train
13659,460,366,train
13660,234,485,train
13661,547,627,train
13662,797,104,train
13663,568,523,train
13664,787,329,train
13665,275,228,train
13666,68,486,train
13667,406,797,train
13668,638,124,train
13669,200,790,train
13670,400,95,train
13671,506,112,train
13672,381,745,train
13673,625,434,test
13674,3,4,test
13675,435,522,train
13676,27,314,train
13677,391,406,test
13678,771,333,test
13679,23,542,test
13680,706,702,train
13681,192,118,train
13682,449,714,train
13683,80,373,train
13684,710,621,train
13685,79,518,train
13686,89,269,train
13687,17,123,train
13688,148,489,train
13689,567,778,test
13690,146,481,train
13691,453,706,train
13692,526,624,test
13693,771,323,test
13694,178,383,train
13695,784,248,train
13696,687,348,train
13697,85,486,train
13698,755,769,train
13699,42,319,train
13700,385,152,train
13701,588,193,test
13702,502,784,train
13703,533,321,train
13704,357,752,train
13705,383,190,train
13706,496,244,test
13707,229,699,test
13708,435,136,test
13709,562,146,train
13710,173,676,train
13711,565,689,train
13712,9,632,train
13713,375,227,train
13714,386,274,train
13715,697,542,train
13716,257,608,test
13717,273,211,test
13718,785,507,train
13719,745,84,test
13720,642,492,train
13721,136,182,train
13722,379,538,train
13723,734,233,train
13724,758,252,train
13725,569,117,train
13726,557,374,train
13727,396,606,test
13728,131,329,train
13729,105,222,train
13730,146,478,train
13731,242,311,train
13732,747,509,train
13733,615,23,test
13734,230,360,train
13735,670,344,train
13736,104,541,train
13737,77,247,train
13738,25,316,train
13739,606,558,train
13740,592,548,train
13741,516,536,train
13742,218,356,train
13743,85,694,test
13744,466,316,train
13745,404,707,test
13746,420,789,test
13747,315,199,train
13748,200,440,train
13749,620,714,train
13750,498,472,train
13751,357,638,train
13752,549,57,train
13753,765,767,train
13754,785,645,train
13755,705,553,train
13756,239,423,train
13757,696,462,train
13758,754,615,test
13759,134,99,train
13760,531,177,train
13761,293,247,train
13762,764,460,train
13763,415,125,test
13764,495,147,train
13765,633,452,train
13766,284,379,test
13767,785,675,train
13768,247,145,train
13769,171,297,train
13770,596,30,train
13771,768,176,test
13772,667,124,train
13773,596,699,train
13774,590,448,train
13775,786,238,train
13776,523,379,train
13777,337,72,train
13778,370,292,train
13779,602,165,train
13780,156,575,train
13781,776,29,test
13782,361,428,train
13783,671,112,test
13784,410,303,train
13785,155,206,test
13786,242,138,train
13787,424,223,train
13788,790,770,train
13789,174,599,train
13790,97,372,test
13791,49,437,train
13792,668,274,train
13793,736,315,train
13794,535,691,train
13795,123,521,test
13796,86,738,test
13797,683,155,train
13798,535,399,test
13799,290,120,test
13800,404,226,train
13801,125,39,train
13802,787,526,train
13803,635,233,test
13804,156,395,train
13805,495,563,train
13806,433,448,train
13807,226,31,train
13808,630,679,train
13809,89,405,train
13810,315,476,train
13811,8,123,test
13812,742,695,test
13813,622,708,train
13814,191,551,train
13815,30,541,train
13816,364,619,train
13817,672,152,train
13818,174,692,train
13819,578,202,train
13820,359,718,train
13821,58,373,train
13822,180,306,train
13823,659,518,train
13824,684,125,train
13825,303,522,train
13826,799,443,train
13827,97,8,test
13828,19,302,train
13829,284,307,train
13830,151,441,train
13831,783,55,train
13832,554,323,train
13833,412,142,test
13834,465,286,train
13835,710,109,train
13836,337,352,train
13837,539,119,test
13838,219,539,train
13839,53,192,train
13840,247,472,train
13841,191,730,train
13842,365,592,train
13843,783,715,train
13844,754,458,train
13845,440,690,train
13846,523,609,train
13847,365,722,train
13848,783,672,train
13849,25,628,train
13850,445,525,train
13851,572,758,train
13852,641,223,train
13853,266,737,train
13854,42,330,train
13855,376,348,train
13856,40,741,train
13857,289,512,train
13858,268,651,train
13859,20,210,train
13860,361,673,train
13861,580,95,train
13862,578,421,train
13863,405,138,train
13864,239,629,train
13865,140,286,test
13866,781,249,train
13867,680,437,train
13868,535,741,train
13869,484,680,train
13870,554,368,train
13871,430,749,train
13872,522,69,train
13873,528,691,train
13874,580,537,train
13875,578,441,train
13876,77,375,train
13877,490,52,test
13878,551,117,train
13879,719,536,train
13880,188,729,train
13881,748,141,test
13882,304,492,test
13883,35,153,train
13884,258,453,train
13885,201,777,train
13886,754,548,train
13887,206,684,test
13888,186,732,test
13889,316,401,train
13890,685,612,train
13891,94,511,train
13892,680,658,test
13893,185,675,train
13894,10,700,test
13895,761,787,train
13896,123,54,train
13897,591,330,test
13898,241,544,test
13899,56,543,train
13900,418,649,train
13901,237,150,train
13902,192,703,train
13903,427,525,train
13904,150,18,train
13905,171,190,train
13906,518,797,train
13907,677,370,train
13908,316,182,test
13909,174,335,test
13910,207,737,train
13911,619,542,train
13912,137,684,test
13913,172,113,train
13914,36,3,train
13915,318,309,test
13916,55,530,test
13917,47,683,train
13918,146,484,train
13919,502,282,train
13920,399,656,test
13921,515,157,train
13922,27,664,train
13923,714,327,train
13924,490,318,test
13925,193,166,test
13926,71,97,test
13927,313,457,train
13928,428,620,train
13929,428,42,train
13930,191,493,train
13931,163,532,train
13932,75,621,test
13933,645,159,train
13934,722,95,train
13935,193,478,train
13936,133,375,train
13937,255,445,train
13938,407,477,test
13939,652,368,train
13940,588,696,test
13941,355,781,train
13942,338,167,train
13943,97,57,train
13944,703,394,train
13945,564,392,train
13946,372,765,train
13947,630,108,test
13948,392,97,train
13949,684,86,test
13950,388,674,train
13951,640,441,test
13952,678,259,train
13953,364,381,train
13954,476,613,train
13955,692,231,train
13956,23,97,test
13957,248,680,train
13958,484,457,train
13959,526,80,train
13960,627,470,train
13961,597,79,train
13962,83,686,train
13963,193,130,train
13964,671,132,train
13965,337,568,test
13966,309,446,train
13967,709,2,train
13968,177,394,train
13969,63,702,test
13970,42,384,train
13971,370,625,test
13972,265,35,train
13973,44,233,train
13974,398,134,train
13975,27,333,train
13976,535,610,train
13977,672,621,train
13978,507,542,test
13979,675,620,test
13980,237,645,train
13981,135,353,train
13982,366,355,train
13983,153,785,train
13984,137,374,train
13985,84,430,train
13986,578,780,test
13987,366,345,train
13988,95,206,train
13989,780,241,train
13990,716,799,train
13991,130,780,train
13992,648,422,train
13993,82,101,train
13994,787,243,test
13995,457,453,train
13996,435,218,train
13997,248,141,test
13998,710,370,train
13999,527,644,train
14000,73,11,test
14001,623,717,train
14002,420,241,train
14003,274,354,train
14004,40,776,test
14005,527,790,train
14006,14,60,train
14007,593,67,test
14008,371,571,train
14009,756,795,train
14010,687,300,train
14011,629,467,train
14012,765,579,train
14013,147,193,test
14014,726,24,train
14015,517,780,train
14016,95,382,train
14017,594,645,train
14018,747,19,train
14019,176,362,train
14020,132,224,test
14021,398,184,train
14022,81,530,train
14023,517,50,train
14024,259,277,train
14025,374,140,train
14026,145,367,train
14027,403,215,train
14028,268,537,train
14029,68,41,train
14030,230,744,train
14031,223,308,train
14032,444,384,test
14033,180,551,train
14034,394,720,train
14035,56,729,train
14036,334,317,train
14037,31,460,train
14038,330,651,test
14039,608,708,train
14040,630,663,test
14041,309,747,train
14042,369,669,test
14043,348,481,train
14044,248,232,train
14045,470,760,train
14046,665,268,train
14047,535,188,train
14048,202,177,train
14049,231,289,train
14050,257,729,train
14051,354,582,test
14052,754,630,train
14053,430,461,train
14054,579,773,train
14055,430,125,train
14056,794,579,train
14057,767,79,test
14058,374,177,train
14059,635,26,test
14060,788,671,train
14061,52,725,train
14062,62,669,train
14063,574,784,test
14064,789,44,train
14065,289,274,test
14066,601,703,train
14067,597,105,train
14068,57,150,test
14069,13,590,test
14070,189,448,train
14071,106,549,train
14072,219,118,test
14073,489,650,train
14074,772,105,train
14075,578,361,test
14076,1,684,train
14077,478,79,train
14078,515,461,train
14079,261,61,train
14080,118,615,train
14081,62,457,train
14082,399,633,train
14083,545,746,test
14084,188,414,test
14085,308,784,train
14086,393,430,test
14087,44,579,train
14088,762,674,train
14089,286,300,train
14090,399,407,train
14091,468,7,test
14092,231,277,test
14093,207,400,train
14094,235,630,train
14095,173,237,train
14096,374,80,train
14097,721,417,train
14098,333,691,train
14099,627,158,train
14100,716,159,train
14101,345,409,train
14102,279,214,train
14103,424,462,train
14104,160,553,test
14105,418,232,train
14106,620,671,train
14107,393,377,test
14108,226,341,train
14109,793,528,train
14110,685,786,train
14111,231,180,train
14112,29,438,train
14113,39,502,test
14114,513,205,test
14115,258,125,train
14116,521,769,test
14117,800,657,train
14118,798,410,test
14119,707,626,train
14120,145,138,train
14121,11,312,train
14122,68,344,train
14123,768,85,train
14124,186,585,train
14125,118,700,test
14126,258,251,train
14127,222,96,test
14128,65,529,test
14129,272,769,train
14130,499,669,train
14131,282,47,train
14132,789,304,train
14133,187,656,train
14134,92,594,test
14135,139,533,train
14136,666,776,train
14137,59,100,test
14138,386,800,train
14139,43,657,train
14140,476,96,train
14141,240,541,train
14142,795,775,train
14143,174,264,train
14144,85,188,train
14145,156,353,train
14146,798,289,train
14147,244,409,train
14148,280,58,train
14149,127,745,train
14150,211,311,train
14151,576,716,train
14152,666,92,train
14153,664,528,train
14154,131,118,train
14155,645,268,train
14156,35,731,train
14157,690,536,train
14158,32,376,train
14159,324,241,test
14160,523,623,test
14161,707,353,test
14162,787,323,train
14163,246,759,train
14164,164,371,train
14165,388,199,train
14166,639,189,train
14167,74,295,train
14168,85,581,test
14169,638,189,train
14170,493,58,train
14171,53,531,train
14172,41,548,train
14173,542,339,train
14174,580,387,train
14175,401,136,train
14176,351,198,train
14177,694,565,train
14178,553,330,train
14179,597,534,test
14180,178,184,train
14181,606,590,train
14182,134,758,train
14183,164,129,train
14184,774,543,train
14185,783,354,train
14186,631,603,train
14187,142,295,train
14188,510,690,train
14189,654,242,train
14190,619,628,train
14191,207,435,train
14192,659,430,test
14193,769,713,train
14194,660,195,train
14195,268,690,train
14196,686,358,test
14197,635,428,train
14198,182,25,test
14199,567,475,train
14200,72,719,train
14201,620,428,train
14202,98,696,train
14203,444,41,test
14204,396,754,train
14205,43,676,train
14206,496,669,train
14207,438,138,train
14208,760,636,train
14209,292,441,train
14210,376,163,train
14211,690,760,train
14212,50,286,train
14213,415,770,train
14214,737,61,train
14215,119,5,train
14216,201,363,train
14217,219,793,train
14218,75,407,train
14219,558,714,train
14220,642,133,train
14221,751,387,train
14222,470,769,test
14223,765,689,train
14224,100,424,train
14225,414,308,test
14226,634,558,train
14227,582,251,train
14228,432,769,train
14229,764,25,train
14230,604,784,train
14231,549,181,test
14232,694,702,train
14233,27,355,train
14234,137,352,train
14235,73,298,train
14236,575,417,test
14237,744,595,test
14238,535,770,train
14239,749,254,train
14240,672,758,train
14241,400,267,test
14242,541,595,train
14243,65,680,train
14244,388,529,train
14245,223,656,test
14246,126,363,train
14247,413,2,train
14248,366,197,train
14249,402,9,train
14250,588,399,train
14251,523,475,train
14252,418,68,train
14253,751,684,train
14254,164,731,train
14255,74,493,train
14256,374,314,train
14257,588,333,train
14258,77,542,train
14259,104,284,test
14260,615,608,test
14261,163,439,train
14262,293,186,train
14263,754,399,train
14264,499,117,train
14265,737,261,train
14266,177,131,train
14267,686,467,train
14268,267,509,train
14269,2,623,train
14270,218,272,train
14271,756,385,train
14272,95,492,train
14273,282,182,train
14274,103,760,test
14275,79,786,train
14276,276,231,train
14277,668,270,train
14278,718,256,train
14279,137,537,train
14280,706,523,train
14281,181,761,train
14282,192,748,train
14283,627,553,train
14284,399,492,train
14285,65,298,train
14286,742,117,train
14287,764,585,train
14288,118,708,train
14289,55,577,train
14290,715,176,train
14291,13,546,train
14292,565,438,train
14293,644,634,train
14294,503,796,train
14295,64,800,train
14296,532,663,train
14297,96,438,train
14298,10,525,train
14299,136,184,train
14300,446,310,train
14301,56,675,train
14302,291,276,train
14303,718,271,train
14304,209,289,train
14305,579,768,train
14306,590,443,train
14307,298,521,train
14308,240,76,train
14309,129,3,train
14310,278,489,train
14311,449,406,train
14312,515,535,train
14313,51,99,train
14314,595,114,train
14315,72,792,train
14316,101,48,train
14317,189,127,train
14318,93,484,train
14319,409,781,train
14320,9,336,test
14321,16,678,train
14322,58,127,train
14323,535,567,train
14324,350,561,train
14325,661,67,test
14326,601,576,train
14327,273,395,train
14328,791,95,test
14329,91,258,train
14330,32,382,train
14331,445,799,train
14332,518,653,train
14333,119,406,train
14334,591,31,train
14335,316,355,train
14336,594,749,train
14337,677,750,train
14338,789,35,test
14339,107,359,test
14340,649,267,train
14341,370,119,test
14342,593,138,train
14343,562,258,test
14344,26,171,train
14345,225,342,train
14346,302,207,train
14347,586,411,test
14348,759,264,train
14349,764,154,test
14350,632,320,train
14351,343,363,test
14352,538,407,train
14353,562,330,train
14354,764,119,test
14355,470,783,train
14356,454,652,train
14357,685,89,train
14358,70,591,train
14359,690,785,train
14360,697,84,test
14361,432,647,train
14362,532,117,train
14363,267,600,train
14364,69,489,test
14365,412,637,train
14366,604,498,train
14367,111,235,train
14368,433,490,test
14369,346,75,test
14370,489,69,test
14371,462,111,test
14372,196,376,train
14373,677,433,train
14374,538,651,train
14375,193,244,train
14376,403,658,train
14377,220,493,test
14378,116,228,train
14379,761,343,train
14380,359,94,train
14381,570,760,test
14382,725,11,test
14383,750,410,test
14384,437,216,train
14385,136,140,train
14386,693,375,train
14387,768,253,train
14388,110,325,train
14389,376,165,train
14390,778,604,train
14391,265,169,train
14392,369,637,train
14393,633,676,train
14394,754,56,train
14395,733,701,train
14396,369,13,train
14397,352,426,test
14398,683,286,test
14399,640,536,train
14400,253,426,train
14401,552,785,train
14402,724,277,train
14403,29,465,train
14404,362,672,train
14405,715,788,train
14406,763,356,train
14407,792,115,test
14408,604,286,train
14409,682,660,test
14410,372,579,train
14411,452,4,train
14412,489,497,train
14413,51,194,train
14414,115,560,train
14415,452,251,train
14416,45,418,test
14417,695,287,train
14418,109,692,train
14419,751,658,train
14420,288,173,train
14421,606,438,train
14422,608,564,train
14423,50,200,train
14424,462,799,train
14425,485,154,train
14426,381,526,train
14427,598,742,train
14428,269,106,train
14429,673,666,test
14430,703,373,train
14431,59,437,test
14432,585,633,test
14433,406,480,test
14434,122,255,train
14435,517,440,train
14436,604,19,train
14437,385,590,train
14438,422,543,train
14439,743,594,train
14440,398,290,train
14441,696,680,train
14442,301,530,train
14443,354,634,test
14444,104,621,test
14445,794,790,test
14446,8,140,train
14447,232,318,train
14448,167,584,train
14449,273,715,train
14450,522,79,train
14451,146,536,train
14452,473,490,train
14453,734,590,train
14454,103,306,train
14455,524,452,train
14456,244,226,train
14457,477,562,train
14458,443,194,train
14459,20,504,train
14460,114,444,train
14461,476,123,train
14462,441,431,train
14463,540,330,test
14464,122,167,train
14465,140,421,train
14466,697,778,train
14467,89,334,train
14468,166,30,train
14469,445,336,test
14470,545,122,train
14471,778,582,train
14472,493,294,train
14473,440,198,train
14474,637,677,train
14475,392,639,test
14476,16,450,train
14477,102,391,train
14478,331,71,test
14479,338,142,train
14480,514,312,test
14481,587,675,train
14482,432,214,train
14483,123,534,train
14484,675,526,train
14485,594,307,train
14486,10,352,train
14487,739,153,train
14488,141,460,train
14489,439,513,train
14490,307,15,train
14491,356,72,train
14492,163,679,test
14493,697,208,train
14494,696,51,train
14495,246,742,test
14496,345,353,test
14497,761,91,test
14498,453,577,train
14499,689,164,test
14500,704,131,train
14501,160,754,test
14502,128,601,test
14503,499,70,train
14504,204,559,test
14505,580,340,train
14506,393,789,train
14507,722,89,train
14508,708,316,train
14509,617,10,train
14510,368,358,train
14511,45,510,train
14512,703,352,test
14513,583,510,train
14514,334,676,train
14515,532,246,train
14516,188,8,train
14517,774,417,train
14518,353,184,train
14519,113,55,test
14520,670,374,train
14521,663,526,train
14522,762,417,train
14523,800,227,train
14524,721,674,train
14525,255,500,train
14526,557,53,test
14527,560,320,test
14528,693,93,train
14529,158,427,train
14530,172,190,train
14531,15,554,train
14532,3,173,test
14533,246,13,train
14534,542,493,train
14535,157,565,train
14536,321,378,train
14537,757,576,train
14538,94,132,train
14539,188,41,train
14540,697,523,train
14541,103,555,train
14542,324,587,train
14543,49,426,train
14544,97,324,test
14545,431,110,train
14546,9,321,train
14547,488,96,train
14548,450,355,train
14549,296,133,train
14550,117,514,train
14551,583,244,train
14552,200,282,train
14553,424,339,train
14554,259,733,train
14555,106,795,train
14556,108,476,test
14557,652,433,train
14558,744,638,train
14559,18,336,train
14560,513,312,train
14561,235,319,train
14562,96,784,train
14563,108,490,train
14564,648,29,train
14565,617,386,train
14566,609,127,train
14567,553,681,train
14568,267,729,train
14569,345,725,train
14570,671,741,test
14571,76,365,train
14572,228,559,train
14573,785,2,train
14574,627,585,train
14575,108,54,train
14576,247,700,test
14577,316,115,train
14578,532,286,train
14579,573,382,train
14580,769,290,test
14581,683,237,train
14582,210,285,train
14583,234,594,train
14584,672,151,train
14585,158,49,train
14586,114,201,train
14587,72,637,train
14588,602,19,test
14589,48,162,train
14590,290,35,train
14591,632,27,train
14592,795,127,train
14593,582,30,test
14594,704,630,train
14595,191,370,train
14596,519,218,train
14597,625,52,train
14598,756,452,train
14599,503,338,train
14600,125,615,train
14601,282,373,train
14602,769,716,train
14603,547,418,train
14604,627,407,test
14605,184,95,train
14606,178,541,train
14607,486,278,train
14608,442,577,train
14609,507,117,train
14610,733,335,train
14611,119,128,test
14612,459,625,train
14613,126,466,test
14614,167,548,train
14615,731,689,train
14616,590,728,train
14617,68,376,train
14618,316,356,test
14619,480,569,train
14620,798,136,train
14621,153,406,test
14622,667,290,train
14623,724,413,train
14624,563,351,train
14625,701,302,train
14626,163,453,train
14627,319,708,train
14628,232,747,train
14629,105,458,train
14630,62,437,test
14631,55,702,train
14632,3,781,test
14633,334,223,train
14634,462,430,train
14635,349,504,train
14636,461,589,train
14637,267,61,train
14638,623,44,train
14639,344,292,train
14640,43,223,train
14641,93,285,test
14642,337,586,train
14643,308,142,train
14644,138,667,train
14645,149,295,test
14646,726,395,train
14647,736,778,test
14648,562,210,train
14649,748,466,train
14650,656,56,train
14651,562,697,train
14652,504,634,train
14653,132,353,train
14654,345,320,train
14655,513,380,test
14656,503,734,train
14657,588,203,train
14658,586,450,train
14659,645,427,train
14660,47,350,test
14661,286,170,train
14662,142,631,train
14663,602,708,train
14664,373,312,train
14665,672,763,train
14666,87,748,train
14667,433,539,train
14668,600,141,train
14669,366,585,train
14670,245,355,train
14671,337,488,train
14672,747,750,train
14673,26,432,train
14674,95,283,train
14675,505,303,train
14676,750,314,test
14677,143,527,train
14678,700,292,train
14679,461,720,test
14680,272,463,train
14681,99,131,train
14682,663,634,train
14683,373,482,train
14684,370,315,train
14685,486,464,train
14686,557,529,train
14687,718,372,train
14688,617,302,train
14689,109,795,train
14690,242,661,test
14691,111,432,train
14692,536,652,train
14693,85,180,train
14694,548,35,test
14695,798,296,train
14696,132,724,train
14697,286,593,train
14698,117,621,train
14699,176,739,train
14700,716,49,train
14701,341,330,train
14702,533,312,test
14703,494,682,train
14704,595,376,train
14705,602,483,train
14706,332,746,test
14707,757,590,train
14708,628,161,train
14709,766,558,train
14710,428,216,train
14711,172,565,train
14712,112,667,train
14713,137,172,train
14714,779,259,train
14715,299,343,test
14716,622,443,train
14717,713,40,test
14718,741,593,train
14719,513,731,train
14720,126,414,train
14721,602,389,train
14722,13,503,test
14723,88,156,train
14724,495,228,train
14725,177,568,test
14726,596,477,train
14727,360,649,train
14728,17,65,train
14729,115,555,train
14730,654,734,train
14731,525,597,train
14732,699,587,train
14733,622,769,train
14734,491,137,train
14735,743,514,train
14736,363,774,train
14737,266,784,test
14738,325,674,train
14739,255,617,train
14740,269,647,train
14741,674,603,train
14742,745,283,train
14743,491,291,train
14744,710,190,train
14745,352,749,test
14746,55,262,test
14747,540,305,train
14748,6,137,test
14749,98,355,test
14750,257,449,train
14751,696,341,train
14752,92,796,train
14753,391,172,test
14754,287,273,train
14755,142,117,test
14756,41,622,train
14757,594,237,train
14758,622,501,train
14759,716,104,train
14760,429,771,train
14761,432,3,train
14762,171,126,train
14763,411,352,train
14764,160,660,train
14765,163,507,train
14766,657,682,train
14767,590,223,train
14768,320,730,train
14769,460,383,test
14770,230,489,train
14771,79,576,train
14772,44,27,test
14773,367,323,train
14774,441,113,test
14775,501,289,train
14776,717,713,train
14777,194,370,train
14778,559,652,train
14779,766,154,test
14780,751,216,test
14781,177,453,train
14782,679,333,train
14783,232,23,train
14784,423,795,test
14785,421,168,test
14786,51,703,train
14787,602,543,train
14788,251,88,train
14789,571,711,train
14790,423,79,test
14791,552,693,train
14792,731,530,train
14793,25,200,test
14794,660,500,train
14795,268,162,train
14796,649,72,train
14797,327,606,test
14798,250,701,test
14799,493,261,train
14800,674,313,train
14801,86,570,train
14802,725,627,train
14803,463,39,train
14804,102,383,train
14805,582,253,train
14806,771,248,train
14807,149,318,train
14808,131,404,train
14809,241,597,train
14810,368,528,train
14811,689,76,test
14812,285,756,train
14813,344,666,train
14814,799,119,train
14815,391,766,train
14816,665,674,train
14817,17,492,train
14818,669,730,train
14819,153,624,test
14820,269,470,train
14821,388,334,test
14822,537,328,train
14823,602,534,train
14824,393,41,train
14825,554,650,train
14826,409,750,train
14827,235,769,train
14828,97,453,train
14829,579,48,train
14830,325,355,test
14831,40,115,train
14832,799,119,train
14833,287,367,test
14834,386,5,test
14835,472,407,train
14836,111,420,test
14837,550,451,train
14838,527,129,train
14839,338,764,train
14840,409,583,train
14841,446,719,train
14842,344,499,train
14843,305,414,train
14844,268,574,train
14845,449,190,test
14846,311,624,test
14847,699,73,train
14848,56,201,train
14849,589,422,test
14850,785,558,train
14851,648,546,train
14852,35,207,train
14853,141,674,train
14854,779,178,train
14855,410,368,train
14856,77,304,train
14857,86,657,train
14858,219,651,test
14859,504,643,train
14860,357,530,train
14861,25,616,train
14862,639,488,train
14863,270,443,train
14864,86,114,test
14865,133,648,test
14866,175,548,test
14867,600,159,train
14868,638,783,train
14869,167,797,train
14870,559,29,train
14871,670,700,train
14872,18,289,test
14873,164,591,train
14874,592,639,train
14875,371,122,train
14876,606,15,train
14877,199,541,train
14878,500,635,train
14879,448,547,train
14880,187,749,test
14881,723,198,test
14882,504,508,train
14883,511,459,train
14884,303,232,train
14885,51,441,test
14886,431,571,train
14887,154,799,train
14888,642,324,train
14889,594,601,train
14890,527,244,train
14891,11,636,test
14892,125,624,test
14893,462,436,train
14894,557,665,train
14895,689,93,train
14896,196,112,train
14897,64,30,train
14898,754,415,train
14899,73,60,train
14900,330,646,test
14901,132,344,train
14902,452,181,train
14903,48,25,train
14904,693,124,test
14905,9,603,train
14906,757,162,train
14907,288,718,train
14908,245,309,train
14909,333,193,train
14910,671,712,test
14911,593,553,test
14912,14,30,train
14913,229,327,test
14914,281,146,train
14915,706,191,train
14916,730,171,train
14917,554,548,train
14918,421,522,train
14919,740,708,train
14920,100,151,train
14921,771,743,train
14922,566,407,train
14923,238,584,train
14924,444,484,train
14925,282,129,test
14926,735,154,train
14927,10,228,train
14928,68,681,train
14929,177,432,train
14930,70,133,train
14931,776,286,train
14932,259,654,train
14933,500,714,train
14934,202,61,train
14935,537,428,train
14936,400,751,train
14937,580,437,train
14938,134,43,train
14939,423,163,train
14940,171,579,test
14941,551,631,test
14942,277,154,test
14943,580,623,train
14944,159,160,train
14945,475,416,train
14946,743,342,train
14947,772,523,train
14948,739,790,train
14949,330,327,train
14950,70,658,train
14951,55,400,train
14952,483,718,train
14953,410,203,test
14954,753,548,train
14955,168,721,train
14956,420,198,train
14957,216,439,train
14958,489,367,train
14959,86,600,train
14960,45,483,test
14961,589,38,train
14962,375,616,train
14963,180,147,train
14964,642,346,train
14965,384,25,train
14966,44,640,test
14967,214,28,train
14968,364,628,train
14969,698,203,test
14970,36,72,train
14971,221,656,train
14972,629,510,train
14973,224,199,train
14974,497,787,train
14975,29,658,train
14976,495,418,test
14977,658,767,train
14978,242,450,test
14979,367,17,train
14980,167,279,train
14981,661,635,test
14982,799,280,train
14983,289,508,test
14984,272,497,train
14985,238,380,train
14986,458,383,train
14987,152,173,test
14988,112,687,test
14989,539,594,train
14990,586,408,test
14991,26,738,train
14992,531,676,train
14993,333,435,train
14994,783,523,train
14995,79,230,train
14996,192,152,train
14997,221,762,train
14998,488,794,train
14999,415,309,train
15000,347,588,test
15001,713,698,train
15002,405,108,train
15003,588,380,train
15004,465,140,test
15005,374,794,train
15006,750,404,test
15007,162,100,train
15008,462,194,train
15009,307,418,train
15010,308,163,train
15011,224,325,train
15012,721,170,train
15013,124,72,test
15014,536,445,train
15015,673,792,test
15016,342,572,train
15017,273,744,train
15018,667,585,train
15019,664,329,train
15020,175,757,train
15021,794,329,train
15022,638,571,test
15023,120,610,train
15024,474,278,train
15025,346,136,test
15026,558,195,train
15027,372,309,test
15028,463,635,train
15029,98,545,test
15030,668,304,test
15031,395,651,train
15032,677,340,train
15033,123,220,train
15034,171,395,train
15035,461,794,test
15036,783,386,train
15037,324,306,train
15038,565,578,train
15039,3,585,train
15040,632,727,train
15041,591,378,test
15042,606,512,train
15043,580,453,train
15044,525,45,train
15045,399,641,test
15046,413,218,train
15047,567,387,train
15048,182,39,train
15049,256,362,train
15050,668,116,test
15051,265,779,train
15052,373,457,test
15053,741,159,train
15054,270,653,train
15055,168,478,train
15056,783,219,train
15057,460,29,test
15058,165,608,train
15059,627,440,train
15060,341,434,train
15061,235,112,train
15062,158,748,train
15063,98,637,train
15064,518,148,train
15065,305,278,test
15066,525,197,test
15067,516,325,train
15068,473,299,train
15069,470,313,test
15070,45,762,train
15071,94,361,train
15072,340,596,test
15073,228,490,train
15074,373,140,test
15075,473,549,train
15076,448,315,train
15077,472,509,train
15078,778,318,train
15079,382,448,train
15080,761,374,test
15081,759,252,train
15082,596,422,train
15083,567,559,train
15084,669,157,train
15085,492,587,train
15086,549,77,train
15087,4,75,train
15088,18,528,train
15089,508,288,train
15090,724,378,test
15091,321,607,train
15092,334,9,test
15093,724,622,test
15094,512,791,train
15095,16,139,train
15096,203,643,train
15097,663,560,train
15098,261,568,test
15099,676,128,train
15100,182,785,train
15101,563,424,test
15102,569,115,test
15103,457,387,train
15104,603,110,train
15105,733,751,train
15106,181,652,train
15107,625,585,train
15108,307,473,test
15109,163,415,train
15110,17,501,train
15111,231,604,train
15112,412,477,train
15113,699,206,train
15114,99,694,train
15115,115,93,train
15116,549,162,test
15117,383,48,train
15118,244,140,train
15119,267,296,test
15120,15,205,train
15121,541,241,train
15122,531,726,test
15123,225,418,train
15124,295,643,train
15125,440,250,test
15126,682,609,train
15127,543,181,train
15128,447,713,test
15129,261,577,train
15130,530,134,train
15131,639,35,test
15132,356,604,test
15133,680,288,test
15134,181,715,train
15135,622,267,train
15136,296,169,test
15137,2,190,test
15138,432,797,train
15139,584,317,train
15140,383,107,train
15141,30,138,train
15142,51,681,train
15143,321,612,train
15144,156,426,test
15145,340,603,test
15146,709,296,train
15147,395,392,train
15148,502,131,train
15149,500,543,test
15150,558,431,train
15151,405,665,test
15152,585,110,train
15153,39,282,train
15154,315,460,train
15155,373,163,train
15156,784,2,test
15157,758,776,train
15158,585,294,train
15159,107,75,train
15160,312,42,train
15161,542,27,train
15162,13,716,train
15163,482,344,train
15164,291,247,train
15165,176,554,train
15166,173,319,test
15167,588,118,train
15168,45,524,train
15169,326,599,test
15170,103,56,train
15171,615,420,train
15172,17,485,train
15173,579,377,test
15174,553,158,train
15175,684,781,train
15176,1,372,train
15177,304,127,test
15178,148,262,train
15179,666,68,train
15180,116,732,train
15181,213,36,train
15182,152,411,train
15183,595,431,train
15184,164,395,train
15185,421,319,train
15186,215,406,train
15187,568,672,test
15188,244,679,train
15189,138,79,train
15190,316,430,train
15191,163,456,test
15192,328,30,train
15193,351,204,train
15194,365,452,train
15195,562,347,train
15196,606,711,test
15197,5,423,test
15198,750,624,train
15199,328,709,train
15200,79,757,train
15201,440,514,train
15202,224,562,train
15203,597,477,train
15204,184,9,train
15205,488,593,test
15206,537,95,train
15207,63,220,train
15208,702,95,train
15209,628,208,train
15210,499,716,train
15211,336,70,train
15212,64,8,train
15213,475,764,train
15214,277,313,test
15215,267,725,train
15216,700,283,train
15217,535,740,test
15218,220,595,train
15219,253,686,train
15220,24,756,train
15221,382,771,train
15222,56,261,train
15223,384,465,test
15224,786,490,train
15225,159,566,test
15226,301,233,train
15227,18,785,train
15228,424,154,train
15229,740,602,test
15230,678,387,test
15231,737,577,test
15232,176,357,train
15233,498,483,train
15234,565,460,train
15235,570,445,train
15236,529,625,test
15237,600,389,train
15238,100,421,train
15239,445,573,train
15240,683,740,test
15241,114,279,train
15242,249,433,train
15243,626,560,train
15244,89,148,train
15245,766,427,train
15246,718,461,train
15247,269,180,test
15248,737,268,train
15249,694,668,train
15250,432,415,train
15251,1,649,train
15252,729,463,train
15253,18,530,test
15254,631,691,train
15255,267,676,train
15256,94,1,train
15257,580,570,train
15258,623,545,train
15259,665,797,train
15260,173,734,test
15261,21,384,test
15262,104,725,train
15263,464,255,train
15264,623,5,train
15265,188,235,train
15266,129,577,train
15267,392,717,train
15268,318,338,train
15269,728,98,test
15270,687,359,test
15271,567,439,test
15272,643,346,test
15273,613,5,train
15274,478,764,train
15275,646,642,test
15276,26,110,train
15277,7,391,train
15278,517,92,train
15279,691,550,test
15280,128,759,train
15281,20,358,train
15282,717,32,train
15283,370,654,train
15284,38,708,train
15285,271,736,train
15286,545,484,train
15287,230,580,train
15288,711,304,test
15289,445,526,train
15290,700,747,test
15291,154,257,test
15292,251,102,train
15293,22,319,train
15294,368,557,train
15295,768,385,train
15296,700,378,test
15297,372,558,test
15298,283,522,train
15299,353,247,test
15300,504,225,test
15301,532,564,train
15302,208,778,train
15303,726,428,train
15304,774,335,train
15305,406,737,test
15306,531,352,train
15307,552,418,test
15308,217,38,train
15309,750,403,train
15310,761,104,train
15311,281,795,test
15312,93,363,train
15313,784,354,train
15314,732,290,train
15315,261,423,test
15316,194,356,train
15317,363,28,train
15318,560,420,train
15319,675,587,train
15320,557,234,train
15321,331,239,train
15322,71,115,train
15323,64,680,train
15324,53,177,train
15325,800,248,train
15326,339,121,train
15327,781,8,train
15328,769,356,test
15329,548,627,train
15330,449,547,test
15331,598,39,train
15332,77,179,train
15333,623,572,train
15334,611,241,train
15335,455,353,train
15336,272,106,train
15337,763,597,train
15338,121,584,train
15339,161,705,train
15340,440,658,train
15341,141,237,train
15342,394,614,train
15343,796,604,train
15344,284,73,train
15345,786,727,test
15346,126,592,train
15347,476,527,train
15348,648,698,train
15349,723,684,train
15350,523,599,train
15351,327,285,test
15352,228,504,train
15353,363,277,train
15354,681,790,train
15355,149,670,train
15356,755,234,train
15357,25,1,train
15358,335,540,train
15359,76,256,test
15360,565,4,train
15361,482,324,train
15362,230,745,train
15363,82,81,test
15364,207,445,train
15365,763,498,train
15366,342,73,train
15367,478,431,train
15368,646,211,train
15369,669,542,test
15370,759,157,train
15371,648,368,test
15372,455,315,train
15373,709,548,train
15374,742,749,train
15375,354,270,train
15376,15,330,test
15377,79,642,test
15378,610,603,train
15379,481,115,train
15380,354,540,train
15381,142,240,train
15382,281,148,test
15383,446,515,train
15384,684,311,train
15385,54,522,train
15386,485,663,train
15387,428,447,train
15388,287,289,train
15389,18,275,train
15390,71,158,train
15391,186,708,train
15392,513,353,train
15393,551,296,train
15394,524,558,train
15395,778,165,test
15396,148,310,train
15397,431,291,train
15398,606,249,test
15399,51,211,train
15400,108,416,train
15401,262,416,train
15402,356,401,train
15403,770,310,test
15404,237,629,train
15405,143,653,test
15406,214,79,train
15407,148,564,test
15408,588,121,train
15409,576,109,train
15410,25,511,test
15411,622,175,train
15412,615,146,train
15413,221,192,train
15414,94,217,test
15415,629,352,train
15416,646,551,train
15417,37,173,train
15418,210,744,test
15419,656,559,train
15420,575,755,test
15421,243,702,train
15422,130,110,test
15423,454,63,train
15424,334,199,train
15425,189,550,train
15426,533,258,train
15427,413,294,train
15428,296,363,train
15429,216,157,train
15430,375,497,test
15431,393,340,train
15432,733,536,train
15433,349,689,train
15434,518,158,train
15435,633,181,train
15436,98,364,train
15437,789,247,train
15438,188,194,test
15439,347,280,train
15440,336,112,train
15441,677,341,test
15442,209,559,train
15443,14,49,train
15444,777,770,train
15445,506,192,train
15446,17,386,train
15447,207,480,train
15448,598,265,train
15449,697,32,train
15450,188,727,test
15451,89,370,train
15452,21,124,train
15453,81,594,test
15454,280,503,train
15455,410,600,test
15456,705,708,train
15457,768,369,train
15458,681,35,train
15459,426,500,train
15460,70,275,train
15461,258,338,test
15462,191,418,train
15463,359,696,train
15464,203,770,train
15465,383,223,train
15466,425,147,train
15467,665,633,train
15468,301,64,test
15469,772,487,test
15470,612,621,train
15471,143,243,train
15472,595,523,train
15473,654,241,train
15474,178,99,train
15475,407,39,train
15476,103,175,train
15477,223,18,train
15478,724,599,train
15479,681,571,test
15480,353,117,train
15481,314,97,train
15482,187,270,test
15483,779,473,train
15484,206,275,train
15485,595,337,train
15486,355,573,train
15487,603,441,train
15488,637,561,train
15489,750,17,train
15490,537,767,test
15491,222,533,train
15492,722,309,train
15493,130,561,train
15494,738,643,test
15495,604,460,train
15496,658,178,train
15497,482,302,train
15498,318,247,train
15499,471,771,train
15500,304,417,train
15501,246,408,train
15502,268,313,test
15503,3,608,train
15504,111,256,train
15505,44,539,train
15506,790,583,train
15507,457,50,train
15508,32,284,train
15509,519,109,train
15510,561,455,train
15511,677,430,test
15512,267,113,train
15513,559,703,train
15514,638,216,train
15515,625,607,train
15516,334,799,train
15517,222,474,train
15518,777,352,train
15519,777,704,train
15520,440,313,train
15521,610,417,train
15522,15,131,test
15523,7,329,train
15524,228,620,train
15525,797,375,train
15526,343,634,train
15527,728,606,train
15528,294,340,train
15529,262,468,train
15530,546,493,test
15531,789,712,train
15532,707,459,train
15533,440,800,train
15534,154,664,train
15535,541,697,train
15536,570,162,test
15537,572,138,test
15538,149,589,train
15539,573,98,train
15540,497,149,train
15541,319,480,train
15542,348,172,train
15543,357,411,train
15544,657,616,test
15545,714,633,train
15546,67,272,test
15547,383,396,train
15548,731,406,train
15549,30,208,train
15550,305,226,train
15551,228,30,train
15552,281,513,train
15553,550,532,train
15554,489,234,train
15555,725,380,train
15556,174,276,train
15557,557,758,train
15558,442,58,train
15559,430,130,train
15560,724,182,train
15561,128,593,train
15562,371,415,train
15563,181,460,train
15564,175,462,train
15565,339,686,train
15566,179,702,train
15567,216,300,train
15568,358,650,train
15569,428,330,train
15570,719,668,train
15571,460,580,test
15572,759,85,train
15573,676,519,train
15574,725,39,test
15575,191,279,train
15576,474,302,train
15577,150,749,test
15578,671,630,train
15579,131,74,train
15580,785,544,train
15581,411,447,train
15582,658,337,train
15583,602,503,train
15584,275,663,test
15585,745,495,train
15586,131,611,test
15587,694,512,test
15588,535,201,train
15589,494,582,train
15590,664,316,train
15591,426,619,test
15592,705,528,train
15593,177,245,train
15594,368,494,train
15595,148,423,train
15596,623,799,train
15597,557,572,train
15598,250,157,test
15599,222,154,train
15600,657,415,train
15601,158,539,train
15602,114,768,train
15603,627,178,train
15604,699,750,train
15605,219,313,train
15606,486,425,train
15607,96,604,test
15608,422,54,train
15609,438,425,train
15610,209,296,train
15611,249,586,train
15612,739,426,train
15613,448,177,train
15614,646,252,test
15615,596,359,train
15616,256,520,train
15617,280,168,test
15618,678,314,test
15619,521,352,test
15620,595,209,train
15621,457,207,train
15622,512,729,train
15623,765,641,train
15624,615,210,train
15625,74,600,train
15626,477,84,train
15627,727,411,train
15628,398,601,train
15629,368,109,train
15630,753,532,train
15631,582,347,train
15632,237,506,train
15633,710,458,train
15634,124,317,test
15635,105,587,train
15636,155,610,train
15637,643,770,train
15638,200,773,train
15639,593,788,train
15640,592,73,train
15641,359,207,test
15642,158,212,test
15643,297,374,test
15644,769,52,train
15645,343,712,train
15646,501,2,train
15647,348,65,train
15648,601,240,train
15649,232,572,test
15650,18,272,test
15651,500,770,train
15652,614,771,train
15653,105,522,train
15654,798,509,test
15655,775,660,train
15656,584,14,test
15657,793,585,test
15658,466,257,train
15659,679,648,train
15660,645,473,train
15661,673,242,test
15662,753,570,train
15663,122,10,train
15664,237,493,train
15665,310,280,test
15666,319,514,train
15667,658,291,train
15668,258,250,train
15669,799,347,test
15670,726,233,train
15671,111,366,train
15672,53,13,test
15673,50,16,train
15674,515,30,train
15675,578,77,train
15676,408,101,train
15677,678,375,train
15678,189,178,train
15679,254,247,train
15680,353,583,test
15681,700,775,test
15682,742,276,train
15683,415,656,train
15684,736,701,train
15685,637,423,train
15686,276,214,train
15687,355,785,train
15688,292,141,train
15689,192,561,train
15690,651,268,train
15691,303,167,train
15692,265,724,train
15693,93,360,train
15694,316,700,train
15695,497,98,train
15696,282,341,test
15697,206,38,train
15698,216,602,train
15699,383,227,train
15700,252,277,train
15701,119,470,train
15702,717,535,train
15703,752,238,train
15704,188,201,train
15705,383,117,train
15706,543,797,train
15707,238,676,train
15708,728,364,test
15709,566,596,train
15710,723,93,train
15711,797,1,train
15712,31,680,test
15713,329,55,train
15714,382,205,train
15715,434,256,train
15716,395,728,train
15717,71,163,train
15718,679,387,test
15719,228,750,train
15720,536,108,train
15721,155,265,train
15722,706,317,test
15723,287,615,test
15724,224,446,train
15725,644,534,test
15726,539,271,train
15727,229,743,train
15728,717,331,train
15729,338,84,train
15730,565,606,train
15731,161,728,test
15732,233,305,train
15733,507,549,train
15734,179,326,train
15735,519,570,train
15736,175,591,train
15737,595,320,train
15738,661,391,train
15739,67,781,train
15740,635,205,test
15741,731,349,train
15742,283,115,train
15743,448,207,train
15744,410,369,test
15745,397,676,train
15746,619,267,train
15747,500,738,train
15748,697,422,test
15749,57,252,train
15750,221,530,train
15751,256,320,train
15752,638,224,train
15753,690,127,train
15754,637,547,train
15755,211,760,train
15756,391,372,train
15757,482,475,test
15758,747,291,train
15759,321,531,train
15760,61,221,train
15761,504,179,test
15762,15,615,test
15763,37,172,test
15764,378,521,train
15765,269,491,train
15766,213,202,train
15767,765,793,train
15768,224,454,test
15769,321,747,train
15770,718,651,train
15771,235,673,train
15772,89,603,train
15773,800,673,train
15774,635,114,train
15775,645,294,train
15776,753,459,train
15777,285,489,test
15778,596,329,train
15779,363,246,train
15780,514,729,test
15781,734,394,test
15782,573,458,train
15783,703,690,train
15784,753,134,train
15785,580,53,test
15786,508,214,train
15787,633,117,train
15788,490,446,train
15789,374,673,train
15790,329,422,train
15791,321,165,test
15792,381,329,train
15793,727,659,train
15794,190,218,train
15795,350,525,train
15796,685,38,test
15797,534,330,train
15798,375,467,train
15799,121,741,train
15800,245,596,train
15801,361,390,test
15802,114,39,test
15803,454,532,train
15804,194,143,train
15805,297,281,train
15806,409,649,train
15807,163,470,train
15808,472,756,train
15809,294,250,train
15810,280,400,test
15811,198,299,train
15812,765,245,train
15813,264,399,test
15814,420,139,train
15815,209,606,train
15816,711,23,train
15817,77,492,train
15818,440,739,train
15819,44,514,train
15820,497,168,train
15821,717,493,test
15822,457,32,train
15823,697,111,train
15824,176,252,train
15825,188,154,train
15826,683,278,train
15827,75,639,train
15828,524,495,train
15829,420,652,train
15830,411,151,train
15831,745,437,train
15832,417,379,train
15833,799,400,train
15834,569,132,train
15835,727,334,train
15836,221,36,train
15837,574,69,test
15838,552,271,train
15839,41,9,test
15840,340,408,test
15841,317,441,train
15842,598,554,train
15843,216,647,train
15844,555,497,test
15845,603,186,train
15846,570,733,train
15847,553,466,train
15848,740,700,train
15849,417,458,train
15850,300,484,train
15851,387,547,train
15852,508,602,train
15853,98,428,train
15854,344,692,train
15855,658,727,train
15856,143,702,train
15857,550,60,train
15858,119,376,train
15859,700,650,train
15860,703,592,train
15861,116,750,train
15862,100,567,train
15863,21,624,train
15864,189,644,train
15865,678,523,train
15866,194,790,train
15867,710,207,test
15868,751,197,train
15869,763,253,train
15870,167,106,test
15871,516,736,test
15872,73,76,test
15873,441,158,train
15874,728,92,test
15875,231,368,train
15876,408,194,train
15877,225,401,train
15878,370,367,train
15879,599,160,train
15880,389,495,train
15881,8,106,train
15882,232,754,train
15883,192,452,test
15884,172,789,test
15885,14,178,test
15886,62,531,train
15887,422,727,train
15888,15,711,test
15889,312,504,train
15890,762,492,train
15891,474,542,train
15892,679,457,train
15893,401,492,train
15894,579,168,train
15895,369,15,train
15896,281,167,train
15897,450,383,train
15898,443,314,train
15899,754,52,train
15900,275,281,train
15901,336,484,train
15902,175,486,test
15903,8,764,train
15904,289,440,train
15905,342,348,train
15906,665,580,test
15907,154,672,train
15908,405,657,train
15909,285,792,train
15910,163,260,test
15911,373,189,train
15912,252,581,train
15913,195,97,train
15914,759,304,test
15915,27,663,train
15916,60,687,train
15917,448,227,train
15918,494,63,train
15919,700,580,train
15920,106,445,train
15921,543,787,test
15922,255,102,test
15923,99,15,test
15924,478,376,train
15925,180,404,test
15926,769,350,test
15927,36,416,train
15928,238,686,train
15929,222,89,test
15930,394,152,train
15931,596,528,train
15932,608,306,train
15933,201,539,test
15934,729,578,train
15935,293,410,train
15936,137,780,test
15937,725,635,train
15938,38,444,train
15939,145,167,train
15940,740,799,test
15941,446,486,train
15942,567,790,test
15943,148,684,train
15944,8,656,train
15945,534,404,train
15946,401,725,train
15947,59,678,train
15948,430,578,train
15949,49,686,train
15950,163,337,train
15951,540,287,train
15952,733,432,test
15953,47,289,train
15954,769,333,train
15955,316,283,train
15956,271,487,test
15957,548,272,train
15958,34,193,train
15959,629,577,train
15960,458,394,train
15961,82,352,test
15962,796,402,train
15963,591,717,train
15964,268,713,train
15965,638,697,train
15966,77,49,test
15967,730,619,train
15968,293,141,test
15969,162,713,train
15970,378,704,train
15971,696,662,train
15972,596,717,train
15973,433,670,test
15974,182,773,test
15975,490,608,train
15976,701,757,train
15977,308,178,train
15978,365,434,train
15979,680,262,train
15980,40,464,train
15981,39,606,train
15982,176,64,train
15983,146,615,train
15984,327,758,train
15985,241,389,train
15986,420,28,test
15987,766,572,test
15988,334,700,train
15989,630,741,test
15990,157,350,train
15991,560,111,train
15992,646,672,train
15993,729,720,train
15994,19,107,train
15995,628,19,train
15996,471,136,train
15997,497,665,train
15998,527,313,train
15999,249,528,test
16000,427,158,train
16001,673,550,train
16002,584,329,train
16003,384,142,train
16004,269,81,test
16005,177,27,train
16006,135,783,test
16007,599,526,train
16008,175,240,train
16009,126,146,test
16010,91,241,train
16011,270,99,train
16012,43,354,train
16013,691,509,test
16014,175,209,train
16015,753,249,train
16016,77,445,train
16017,573,454,train
16018,414,372,test
16019,780,385,train
16020,720,744,train
16021,277,96,train
16022,329,744,train
16023,151,87,train
16024,89,713,train
16025,530,692,train
16026,199,792,train
16027,627,246,train
16028,382,387,test
16029,770,568,train
16030,442,71,train
16031,32,669,train
16032,604,590,test
16033,115,733,train
16034,40,478,train
16035,474,566,train
16036,439,448,train
16037,600,2,train
16038,358,130,train
16039,780,310,train
16040,722,312,train
16041,274,154,train
16042,530,395,train
16043,244,792,test
16044,249,508,train
16045,505,204,train
16046,558,494,train
16047,451,763,train
16048,28,64,train
16049,178,127,test
16050,757,406,test
16051,529,439,train
16052,778,2,train
16053,318,3,train
16054,664,35,train
16055,206,21,train
16056,477,444,train
16057,781,414,train
16058,657,339,train
16059,326,405,train
16060,571,320,train
16061,584,146,train
16062,636,372,train
16063,29,465,train
16064,17,768,train
16065,37,581,train
16066,103,582,train
16067,611,640,train
16068,104,168,train
16069,373,115,train
16070,68,549,test
16071,520,788,test
16072,641,126,test
16073,597,750,test
16074,676,89,train
16075,318,154,train
16076,372,640,train
16077,27,666,train
16078,452,258,train
16079,179,781,train
16080,216,327,train
16081,745,609,train
16082,726,540,train
16083,156,681,train
16084,504,182,train
16085,367,464,train
16086,693,440,test
16087,604,293,test
16088,137,531,test
16089,693,54,test
16090,219,105,train
16091,81,258,train
16092,213,760,train
16093,613,393,train
16094,644,570,train
16095,211,6,train
16096,447,270,train
16097,732,376,test
16098,788,212,train
16099,403,175,train
16100,101,596,test
16101,316,790,test
16102,654,220,train
16103,16,310,train
16104,21,705,train
16105,577,545,train
16106,580,726,train
16107,346,477,train
16108,21,601,train
16109,476,305,train
16110,664,555,test
16111,269,317,test
16112,501,779,train
16113,343,120,train
16114,392,407,train
16115,579,548,train
16116,111,296,train
16117,95,799,train
16118,356,45,train
16119,197,167,train
16120,232,340,train
16121,193,354,train
16122,577,331,train
16123,639,339,train
16124,794,651,train
16125,363,534,train
16126,754,765,train
16127,756,451,train
16128,54,672,train
16129,274,292,train
16130,700,692,train
16131,658,270,test
16132,722,255,train
16133,745,135,train
16134,458,752,train
16135,5,772,train
16136,566,390,train
16137,460,477,train
16138,764,629,train
16139,353,603,train
16140,436,432,test
16141,514,230,train
16142,751,683,train
16143,204,582,train
16144,508,147,train
16145,53,687,train
16146,291,300,train
16147,741,289,train
16148,587,580,train
16149,75,145,test
16150,86,304,train
16151,153,195,train
16152,638,663,train
16153,315,699,test
16154,593,757,train
16155,19,488,train
16156,756,774,test
16157,699,631,train
16158,157,355,train
16159,469,567,test
16160,426,120,train
16161,19,379,train
16162,529,642,train
16163,375,190,train
16164,249,554,train
16165,119,723,train
16166,52,371,train
16167,15,115,train
16168,624,526,test
16169,383,148,train
16170,256,623,train
16171,198,471,train
16172,218,221,train
16173,344,741,train
16174,582,654,train
16175,528,741,train
16176,628,403,test
16177,549,165,train
16178,100,563,train
16179,184,97,train
16180,53,582,test
16181,247,202,train
16182,321,176,train
16183,359,407,train
16184,703,211,test
16185,603,676,train
16186,285,239,train
16187,585,439,train
16188,305,15,train
16189,617,333,train
16190,546,251,train
16191,636,36,train
16192,440,682,train
16193,612,459,train
16194,98,438,train
16195,259,347,train
16196,442,566,train
16197,728,738,train
16198,128,778,train
16199,507,265,train
16200,235,134,train
16201,619,503,train
16202,478,494,test
16203,134,725,train
16204,731,176,train
16205,87,168,train
16206,59,528,train
16207,303,164,test
16208,135,762,train
16209,193,754,train
16210,687,475,train
16211,217,343,test
16212,255,760,train
16213,55,158,test
16214,701,202,train
16215,113,766,train
16216,541,10,train
16217,194,431,train
16218,731,780,train
16219,254,797,train
16220,367,691,train
16221,199,474,train
16222,494,308,train
16223,546,329,train
16224,448,534,train
16225,36,546,train
16226,629,451,test
16227,307,49,train
16228,635,347,train
16229,181,365,train
16230,626,10,train
16231,67,189,train
16232,154,74,test
16233,326,393,train
16234,371,92,train
16235,741,309,test
16236,130,397,train
16237,296,678,test
16238,3,463,train
16239,767,196,train
16240,657,404,train
16241,256,783,train
16242,138,746,test
16243,736,224,train
16244,269,274,test
16245,186,292,train
16246,404,687,test
16247,533,256,train
16248,185,47,train
16249,411,413,train
16250,426,626,train
16251,539,458,train
16252,748,106,train
16253,710,630,train
16254,415,313,test
16255,49,559,train
16256,359,717,test
16257,187,708,train
16258,38,87,test
16259,415,427,train
16260,597,342,train
16261,303,191,train
16262,747,255,train
16263,126,56,train
16264,624,503,train
16265,792,637,test
16266,234,554,train
16267,397,778,train
16268,377,294,train
16269,133,471,train
16270,212,139,test
16271,623,157,train
16272,544,196,train
16273,508,310,test
16274,768,699,train
16275,528,554,train
16276,490,593,train
16277,657,113,train
16278,565,142,train
16279,174,546,test
16280,120,169,train
16281,30,476,train
16282,393,102,train
16283,713,650,train
16284,270,363,train
16285,734,614,train
16286,259,145,train
16287,223,697,train
16288,770,500,train
16289,438,513,train
16290,278,5,test
16291,199,421,train
16292,662,303,train
16293,315,686,train
16294,445,291,test
16295,354,104,train
16296,762,642,test
16297,677,257,train
16298,242,464,train
16299,578,417,test
16300,682,554,test
16301,526,321,train
16302,106,396,train
16303,110,270,train
16304,374,737,test
16305,229,97,train
16306,635,69,train
16307,482,709,train
16308,102,718,test
16309,123,133,train
16310,380,277,train
16311,181,2,train
16312,222,333,train
16313,698,520,train
16314,661,779,train
16315,651,705,test
16316,688,370,train
16317,329,160,train
16318,149,561,train
16319,794,359,train
16320,716,246,train
16321,532,252,train
16322,496,292,train
16323,13,523,train
16324,62,776,train
16325,796,717,train
16326,502,310,train
16327,563,437,train
16328,641,52,test
16329,39,473,train
16330,541,223,train
16331,617,579,train
16332,30,180,train
16333,476,719,train
16334,511,766,train
16335,562,687,test
16336,146,431,train
16337,394,162,train
16338,493,235,train
16339,416,673,train
16340,226,201,train
16341,481,503,train
16342,27,673,train
16343,266,712,test
16344,434,108,train
16345,621,234,train
16346,320,732,train
16347,499,369,test
16348,342,701,test
16349,646,654,train
16350,465,435,test
16351,107,426,train
16352,126,731,test
16353,552,259,test
16354,249,701,train
16355,778,226,train
16356,326,551,train
16357,696,651,train
16358,573,376,train
16359,573,723,test
16360,516,510,train
16361,584,427,train
16362,543,718,test
16363,229,378,train
16364,407,8,test
16365,594,499,train
16366,554,70,train
16367,466,103,train
16368,502,298,train
16369,392,267,train
16370,334,63,train
16371,307,93,train
16372,597,30,train
16373,530,267,train
16374,107,363,train
16375,534,410,test
16376,763,9,train
16377,563,524,train
16378,15,500,train
16379,486,210,train
16380,115,292,train
16381,592,418,test
16382,522,613,train
16383,292,310,train
16384,546,341,train
16385,576,773,train
16386,197,247,train
16387,96,547,train
16388,133,799,train
16389,93,82,train
16390,22,487,train
16391,300,10,test
16392,642,244,train
16393,441,507,train
16394,231,547,train
16395,416,366,train
16396,177,58,train
16397,389,470,train
16398,688,139,train
16399,530,545,train
16400,755,504,train
16401,493,739,test
16402,313,437,test
16403,729,527,train
16404,752,568,train
16405,758,60,train
16406,133,500,train
16407,508,256,train
16408,283,347,train
16409,493,269,train
16410,295,765,train
16411,501,128,train
16412,249,251,train
16413,168,297,test
16414,503,428,train
16415,575,171,train
16416,536,155,train
16417,239,9,test
16418,591,207,test
16419,764,415,test
16420,375,549,train
16421,424,121,test
16422,653,36,train
16423,749,445,test
16424,760,708,train
16425,114,311,test
16426,35,614,train
16427,382,490,train
16428,420,62,test
16429,274,187,train
16430,637,303,train
16431,468,686,train
16432,488,725,train
16433,145,352,train
16434,252,402,test
16435,665,191,train
16436,294,746,train
16437,94,182,train
16438,310,61,test
16439,506,99,test
16440,393,561,train
16441,118,684,train
16442,716,620,train
16443,242,483,train
16444,387,127,test
16445,510,784,train
16446,499,480,test
16447,136,237,train
16448,128,421,train
16449,778,504,train
16450,200,48,train
16451,435,305,train
16452,67,298,train
16453,498,609,train
16454,303,172,train
16455,442,81,train
16456,273,232,train
16457,460,706,train
16458,145,710,train
16459,10,41,train
16460,531,124,train
16461,447,459,train
16462,134,260,train
16463,121,191,train
16464,440,47,train
16465,610,711,train
16466,399,559,test
16467,502,764,train
16468,670,36,train
16469,140,74,train
16470,692,566,train
16471,430,728,test
16472,669,127,train
16473,542,248,train
16474,407,103,train
16475,223,194,test
16476,454,270,train
16477,239,257,train
16478,704,389,train
16479,524,401,test
16480,589,412,train
16481,107,737,test
16482,293,168,train
16483,741,192,train
16484,770,794,train
16485,689,446,train
16486,114,457,train
16487,488,277,test
16488,283,517,train
16489,369,143,train
16490,536,399,train
16491,103,554,train
16492,552,562,train
16493,222,11,train
16494,44,347,train
16495,730,577,train
16496,675,21,train
16497,522,104,test
16498,353,656,train
16499,407,317,train
16500,330,399,test
16501,250,682,test
16502,205,65,test
16503,599,722,train
16504,643,369,train
16505,29,139,train
16506,298,359,train
16507,724,312,test
16508,770,212,train
16509,311,490,train
16510,565,169,train
16511,627,161,test
16512,659,467,train
16513,492,497,train
16514,136,237,train
16515,67,147,train
16516,146,207,train
16517,192,362,train
16518,505,732,train
16519,92,507,test
16520,578,715,train
16521,136,60,test
16522,10,157,train
16523,16,485,train
16524,52,97,train
16525,555,14,train
16526,363,657,train
16527,575,143,train
16528,199,164,train
16529,624,367,train
16530,572,693,train
16531,761,80,train
16532,745,644,train
16533,468,232,train
16534,362,357,train
16535,657,17,train
16536,456,494,train
16537,385,203,train
16538,738,601,train
16539,762,290,train
16540,324,165,test
16541,705,343,train
16542,648,415,train
16543,797,514,train
16544,113,715,train
16545,399,677,train
16546,210,344,train
16547,196,411,train
16548,728,371,train
16549,799,498,train
16550,631,299,train
16551,392,361,train
16552,206,165,train
16553,436,571,train
16554,439,48,train
16555,480,413,train
16556,224,207,train
16557,608,174,train
16558,714,329,train
16559,412,234,train
16560,314,44,train
16561,551,445,train
16562,447,753,train
16563,25,196,test
16564,248,553,test
16565,364,215,train
16566,259,694,train
16567,671,678,train
16568,474,143,train
16569,586,156,train
16570,580,305,train
16571,299,798,train
16572,474,493,train
16573,267,420,train
16574,63,384,train
16575,439,62,train
16576,310,412,test
16577,595,147,train
16578,408,276,train
16579,372,65,train
16580,708,259,train
16581,77,92,train
16582,777,72,test
16583,34,8,train
16584,418,506,train
16585,404,632,test
16586,87,340,train
16587,557,93,train
16588,713,222,train
16589,488,780,train
16590,81,165,train
16591,576,523,test
16592,430,84,train
16593,60,548,train
16594,49,563,train
16595,376,408,train
16596,414,664,train
16597,377,783,train
16598,174,197,test
16599,453,465,train
16600,736,726,test
16601,149,634,train
16602,744,573,train
16603,198,362,train
16604,57,310,train
16605,170,349,train
16606,517,129,train
16607,369,208,test
16608,553,138,train
16609,559,461,train
16610,242,82,test
16611,496,49,test
16612,319,126,train
16613,251,201,train
16614,626,254,train
16615,634,210,test
16616,293,147,train
16617,400,264,train
16618,227,372,test
16619,791,713,train
16620,379,395,train
16621,431,68,train
16622,576,185,test
16623,102,518,train
16624,794,122,train
16625,634,503,train
16626,634,681,train
16627,341,559,train
16628,718,100,train
16629,211,241,train
16630,777,280,train
16631,356,627,train
16632,507,524,train
16633,264,521,train
16634,545,563,train
16635,301,518,train
16636,717,99,train
16637,543,458,test
16638,64,246,train
16639,426,143,train
16640,770,370,train
16641,594,352,train
16642,518,210,test
16643,383,131,train
16644,307,754,train
16645,496,449,train
16646,378,130,train
16647,195,716,train
16648,538,284,train
16649,432,767,train
16650,654,568,train
16651,67,307,train
16652,298,434,train
16653,418,720,train
16654,752,67,train
16655,110,225,train
16656,617,24,train
16657,109,52,train
16658,723,628,train
16659,126,614,train
16660,409,206,test
16661,463,481,train
16662,415,161,train
16663,597,203,train
16664,284,588,train
16665,453,296,train
16666,408,152,test
16667,572,122,train
16668,13,410,train
16669,609,406,train
16670,732,118,train
16671,586,574,train
16672,224,513,test
16673,774,390,test
16674,351,418,train
16675,428,353,train
16676,339,751,train
16677,269,599,test
16678,478,52,test
16679,145,723,train
16680,313,93,train
16681,76,395,train
16682,567,81,test
16683,416,778,train
16684,18,318,train
16685,659,320,train
16686,636,786,train
16687,197,718,train
16688,271,37,train
16689,414,432,train
16690,290,61,train
16691,450,356,train
16692,645,399,train
16693,178,188,train
16694,101,759,train
16695,679,515,train
16696,124,692,test
16697,60,738,train
16698,488,51,train
16699,135,208,train
16700,162,671,train
16701,207,17,train
16702,663,360,train
16703,164,365,train
16704,515,298,test
16705,296,763,train
16706,730,580,test
16707,356,119,train
16708,168,404,test
16709,59,338,train
16710,427,714,train
16711,338,683,train
16712,266,442,train
16713,787,308,train
16714,315,325,test
16715,319,313,train
16716,57,408,train
16717,403,295,train
16718,36,30,train
16719,466,246,train
16720,774,87,test
16721,208,430,train
16722,214,401,train
16723,126,176,train
16724,759,268,train
16725,291,658,train
16726,697,394,train
16727,685,404,train
16728,105,464,train
16729,37,184,train
16730,663,185,train
16731,513,39,train
16732,250,20,train
16733,125,335,test
16734,457,672,train
16735,795,516,train
16736,532,224,test
16737,16,621,train
16738,515,247,train
16739,28,750,train
16740,403,632,train
16741,82,740,test
16742,293,751,train
16743,247,39,test
16744,48,587,train
16745,539,599,train
16746,585,61,train
16747,651,133,train
16748,695,764,train
16749,212,77,train
16750,367,297,train
16751,634,383,train
16752,528,682,train
16753,540,411,train
16754,327,3,test
16755,770,790,train
16756,538,116,train
16757,580,47,train
16758,739,40,train
16759,266,426,train
16760,53,508,train
16761,789,401,train
16762,471,790,test
16763,621,244,train
16764,227,26,train
16765,167,339,test
16766,43,318,train
16767,755,209,train
16768,674,28,train
16769,448,52,train
16770,272,735,train
16771,333,477,train
16772,137,3,train
16773,658,77,train
16774,584,696,train
16775,181,231,train
16776,295,762,train
16777,715,67,train
16778,375,238,train
16779,761,315,test
16780,539,91,train
16781,578,534,test
16782,449,184,train
16783,386,100,train
16784,523,324,train
16785,614,334,test
16786,285,173,test
16787,375,18,train
16788,261,313,train
16789,105,6,train
16790,734,415,train
16791,516,211,train
16792,784,175,train
16793,410,486,train
16794,101,438,train
16795,720,772,test
16796,60,650,train
16797,31,749,train
16798,602,222,train
16799,234,220,test
16800,686,796,train
16801,573,605,train
16802,613,761,train
16803,371,760,train
16804,266,491,test
16805,438,731,train
16806,789,520,train
16807,301,365,train
16808,541,105,train
16809,722,123,train
16810,606,492,train
16811,300,568,train
16812,133,65,train
16813,225,148,train
16814,461,789,train
16815,582,788,train
16816,417,767,train
16817,15,464,train
16818,702,724,train
16819,266,273,train
16820,241,16,train
16821,531,125,train
16822,641,571,train
16823,732,349,train
16824,381,589,train
16825,234,787,train
16826,312,392,train
16827,660,123,test
16828,169,733,train
16829,359,628,train
16830,579,668,train
16831,59,231,test
16832,127,342,test
16833,92,714,test
16834,745,759,test
16835,18,730,train
16836,791,181,train
16837,30,269,test
16838,572,270,train
16839,620,772,test
16840,8,693,train
16841,767,376,train
16842,635,651,train
16843,510,488,train
16844,132,50,train
16845,16,27,train
16846,582,318,train
16847,731,566,train
16848,119,290,train
16849,386,26,train
16850,604,610,train
16851,24,416,train
16852,653,721,train
16853,467,634,train
16854,745,491,train
16855,433,1,train
16856,608,62,train
16857,291,10,train
16858,771,720,train
16859,555,146,test
16860,614,568,test
16861,101,304,train
16862,209,117,train
16863,614,451,test
16864,553,75,test
16865,568,350,train
16866,380,77,train
16867,628,328,train
16868,45,413,train
16869,486,492,test
16870,545,551,train
16871,305,505,train
16872,532,613,train
16873,116,247,train
16874,725,378,train
16875,404,102,train
16876,428,442,train
16877,395,745,test
16878,649,438,train
16879,28,201,test
16880,654,94,train
16881,253,43,test
16882,428,598,test
16883,208,76,train
16884,550,151,train
16885,486,37,test
16886,549,683,train
16887,517,378,train
16888,430,32,train
16889,474,508,train
16890,204,338,train
16891,394,515,train
16892,478,389,train
16893,393,149,train
16894,716,664,train
16895,350,176,test
16896,442,125,train
16897,165,682,train
16898,557,462,train
16899,702,525,train
16900,585,546,train
16901,794,605,train
16902,159,264,train
16903,623,131,train
16904,635,781,test
16905,221,783,train
16906,637,436,train
16907,400,799,train
16908,9,461,train
16909,404,750,test
16910,692,555,test
16911,307,639,train
16912,449,507,train
16913,42,473,train
16914,449,364,train
16915,204,205,train
16916,64,13,train
16917,223,751,train
16918,378,742,train
16919,647,184,train
16920,321,367,train
16921,148,42,test
16922,223,171,train
16923,278,500,train
16924,575,432,train
16925,739,650,train
16926,197,624,train
16927,229,31,test
16928,637,614,train
16929,520,127,train
16930,293,340,train
16931,507,453,train
16932,728,736,train
16933,383,70,train
16934,464,431,train
16935,162,290,train
16936,504,740,train
16937,442,149,test
16938,681,74,train
16939,171,763,train
16940,564,289,train
16941,84,104,test
16942,349,282,train
16943,762,442,train
16944,756,562,test
16945,600,228,train
16946,86,667,train
16947,369,632,train
16948,213,141,test
16949,365,349,train
16950,482,398,train
16951,562,133,train
16952,716,233,train
16953,604,511,train
16954,360,766,train
16955,625,537,train
16956,749,514,train
16957,582,693,train
16958,743,620,train
16959,745,314,train
16960,503,478,train
16961,738,690,train
16962,410,608,train
16963,366,667,train
16964,318,512,train
16965,70,706,test
16966,328,675,train
16967,437,674,train
16968,549,256,train
16969,192,197,test
16970,93,252,train
16971,162,246,train
16972,233,1,train
16973,397,308,train
16974,361,388,train
16975,71,612,test
16976,441,336,train
16977,349,629,train
16978,623,747,train
16979,580,345,train
16980,1,185,train
16981,251,436,train
16982,712,756,test
16983,38,4,train
16984,588,375,test
16985,60,769,train
16986,132,195,train
16987,328,518,test
16988,211,414,train
16989,606,29,train
16990,610,412,test
16991,428,499,test
16992,778,531,train
16993,777,744,train
16994,704,366,test
16995,71,480,train
16996,133,489,train
16997,304,25,train
16998,267,428,train
16999,457,296,train
17000,747,783,test
17001,281,310,test
17002,745,698,train
17003,612,579,train
17004,569,459,train
17005,505,688,test
17006,518,675,test
17007,707,708,train
17008,613,499,train
17009,560,525,train
17010,692,257,train
17011,297,739,train
17012,15,724,train
17013,29,400,train
17014,343,659,test
17015,86,100,test
17016,317,115,train
17017,334,619,train
17018,119,612,train
17019,687,721,train
17020,107,396,train
17021,259,98,train
17022,37,662,train
17023,196,27,train
17024,164,228,train
17025,130,38,test
17026,81,739,train
17027,274,531,test
17028,730,248,train
17029,235,570,test
17030,670,412,train
17031,449,438,test
17032,481,241,train
17033,586,67,test
17034,488,542,train
17035,610,189,train
17036,251,136,train
17037,391,186,train
17038,363,240,train
17039,545,473,train
17040,405,332,train
17041,703,497,train
17042,36,158,train
17043,538,628,test
17044,327,72,train
17045,535,691,train
17046,126,657,train
17047,688,174,train
17048,456,548,train
17049,300,651,train
17050,383,85,train
17051,662,8,train
17052,491,743,train
17053,482,560,train
17054,250,158,test
17055,796,176,train
17056,259,650,train
17057,377,701,train
17058,457,241,test
17059,519,794,train
17060,203,744,train
17061,8,342,train
17062,651,252,train
17063,635,684,train
17064,142,67,train
17065,54,328,train
17066,43,442,test
17067,434,390,train
17068,654,411,train
17069,273,614,train
17070,705,96,train
17071,158,698,train
17072,631,757,train
17073,561,572,train
17074,385,632,train
17075,258,260,test
17076,487,601,train
17077,463,615,train
17078,454,95,train
17079,216,209,test
17080,383,631,train
17081,58,595,train
17082,135,611,train
17083,354,428,train
17084,359,93,train
17085,435,771,train
17086,589,506,test
17087,176,524,train
17088,60,446,train
17089,237,84,train
17090,180,74,train
17091,5,789,train
17092,37,333,train
17093,654,414,test
17094,342,233,train
17095,328,426,train
17096,45,645,train
17097,113,478,test
17098,646,215,train
17099,367,664,train
17100,133,650,train
17101,58,583,train
17102,164,104,train
17103,38,187,test
17104,40,771,train
17105,276,408,train
17106,155,574,train
17107,48,744,test
17108,493,509,test
17109,423,549,test
17110,244,765,test
17111,314,689,train
17112,186,466,train
17113,439,475,train
17114,585,376,train
17115,196,432,test
17116,722,793,train
17117,677,171,train
17118,24,281,train
17119,771,597,train
17120,325,171,train
17121,728,222,train
17122,554,449,train
17123,307,787,test
17124,259,286,train
17125,780,518,train
17126,352,230,test
17127,466,338,test
17128,116,620,train
17129,613,600,train
17130,673,613,train
17131,188,55,train
17132,154,249,test
17133,264,295,train
17134,111,69,test
17135,778,321,train
17136,544,793,train
17137,451,392,test
17138,165,198,train
17139,584,154,test
17140,695,418,train
17141,312,326,train
17142,27,472,train
17143,128,693,train
17144,456,668,train
17145,1,112,train
17146,231,155,train
17147,528,650,train
17148,377,187,train
17149,555,209,train
17150,173,348,train
17151,73,465,test
17152,317,430,train
17153,58,242,train
17154,385,497,test
17155,613,38,train
17156,570,609,train
17157,411,379,train
17158,558,163,train
17159,309,96,train
17160,295,139,train
17161,195,539,test
17162,525,152,train
17163,350,3,train
17164,523,677,train
17165,571,5,test
17166,64,8,train
17167,672,283,train
17168,68,399,train
17169,744,219,test
17170,334,401,train
17171,717,29,test
17172,621,56,train
17173,608,603,train
17174,242,53,test
17175,593,271,train
17176,327,340,test
17177,150,274,train
17178,180,420,train
17179,495,107,train
17180,729,685,train
17181,315,247,train
17182,652,249,train
17183,711,203,train
17184,312,579,train
17185,174,154,train
17186,3,367,test
17187,621,281,train
17188,151,610,train
17189,651,447,train
17190,278,65,train
17191,297,181,train
17192,98,422,train
17193,192,315,train
17194,691,742,train
17195,647,423,train
17196,775,799,train
17197,503,475,train
17198,764,288,train
17199,532,578,test
17200,361,53,train
17201,49,80,train
17202,286,86,test
17203,496,531,train
17204,741,772,test
17205,328,212,train
17206,137,738,train
17207,605,401,train
17208,352,162,train
17209,453,316,train
17210,116,188,train
17211,70,621,train
17212,620,141,train
17213,658,500,train
17214,525,524,train
17215,300,81,test
17216,300,305,train
17217,189,599,train
17218,741,651,test
17219,294,200,test
17220,669,380,train
17221,100,217,train
17222,605,461,test
17223,92,241,train
17224,273,208,train
17225,76,489,train
17226,462,84,train
17227,335,187,train
17228,758,283,train
17229,333,171,train
17230,716,199,train
17231,63,799,train
17232,93,67,train
17233,402,727,train
17234,512,457,test
17235,762,426,train
17236,103,772,train
17237,601,268,train
17238,101,448,test
17239,116,604,train
17240,366,708,train
17241,130,230,train
17242,282,671,train
17243,491,279,train
17244,555,83,train
17245,188,669,train
17246,114,539,train
17247,596,465,test
17248,343,264,train
17249,113,779,train
17250,352,115,test
17251,593,617,train
17252,550,466,train
17253,140,784,train
17254,719,538,test
17255,150,208,train
17256,702,416,train
17257,240,103,test
17258,458,321,train
17259,67,358,train
17260,577,729,test
17261,243,42,test
17262,542,99,train
17263,609,671,train
17264,435,310,train
17265,360,366,test
17266,320,179,test
17267,328,156,train
17268,82,275,train
17269,777,571,train
17270,50,465,train
17271,580,7,train
17272,607,71,train
17273,424,720,test
17274,749,525,train
17275,667,269,train
17276,354,174,train
17277,19,438,train
17278,335,319,train
17279,335,211,train
17280,632,254,train
17281,167,37,test
17282,593,399,train
17283,239,736,train
17284,57,638,test
17285,288,330,train
17286,400,401,train
17287,286,319,train
17288,43,405,train
17289,96,445,train
17290,71,430,train
17291,133,761,train
17292,604,249,train
17293,624,727,train
17294,341,789,train
17295,513,296,train
17296,28,710,test
17297,728,416,train
17298,339,565,train
17299,196,83,train
17300,212,116,train
17301,228,3,train
17302,395,102,train
17303,628,541,train
17304,281,190,train
17305,623,545,train
17306,25,576,test
17307,354,86,test
17308,620,701,train
17309,159,447,train
17310,718,11,train
17311,695,498,train
17312,753,96,train
17313,430,503,train
17314,559,289,test
17315,382,284,train
17316,617,646,train
17317,431,544,test
17318,163,199,train
17319,106,483,test
17320,401,125,test
17321,800,648,train
17322,263,766,train
17323,642,732,train
17324,139,455,train
17325,441,599,train
17326,245,186,train
17327,370,217,test
17328,726,627,train
17329,42,463,test
17330,635,658,train
17331,228,83,train
17332,491,84,train
17333,192,745,train
17334,780,356,train
17335,24,533,train
17336,409,579,train
17337,658,613,train
17338,327,325,train
17339,766,710,test
17340,662,732,train
17341,533,682,test
17342,108,417,train
17343,254,319,train
17344,778,58,train
17345,2,5,train
17346,218,195,train
17347,624,799,test
17348,265,302,train
17349,304,692,train
17350,345,670,test
17351,181,594,test
17352,446,109,test
17353,507,51,train
17354,629,27,test
17355,219,290,train
17356,272,560,train
17357,710,628,test
17358,495,531,train
17359,668,346,train
17360,219,38,train
17361,112,269,train
17362,1,6,train
17363,633,551,train
17364,776,385,train
17365,607,450,train
17366,373,582,train
17367,587,335,train
17368,703,40,train
17369,449,131,train
17370,247,677,test
17371,656,189,train
17372,295,768,test
17373,47,404,train
17374,736,674,train
17375,604,207,train
17376,333,167,train
17377,644,579,test
17378,159,520,train
17379,568,645,train
17380,341,679,test
17381,403,317,train
17382,607,454,train
17383,745,398,train
17384,537,117,train
17385,508,357,test
17386,455,338,test
17387,31,536,train
17388,357,758,test
17389,391,564,test
17390,109,22,train
17391,11,685,train
17392,747,7,train
17393,633,49,train
17394,414,608,train
17395,128,269,train
17396,458,372,train
17397,63,37,train
17398,261,769,train
17399,797,608,train
17400,645,52,train
17401,127,599,train
17402,726,205,train
17403,386,668,train
17404,541,744,train
17405,445,294,test
17406,396,231,train
17407,572,794,train
17408,36,396,test
17409,737,127,test
17410,21,167,train
17411,155,258,train
17412,613,157,train
17413,63,39,test
17414,345,157,train
17415,228,636,train
17416,319,576,train
17417,21,728,train
17418,423,712,test
17419,37,751,train
17420,569,196,train
17421,441,129,train
17422,117,74,train
17423,133,442,train
17424,324,97,test
17425,440,578,train
17426,79,359,train
17427,284,248,train
17428,591,235,train
17429,304,331,train
17430,71,287,train
17431,676,692,train
17432,427,415,train
17433,568,120,train
17434,259,384,test
17435,10,101,test
17436,136,124,train
17437,187,532,train
17438,182,438,train
17439,571,444,test
17440,200,557,train
17441,335,115,train
17442,444,246,train
17443,729,633,train
17444,370,711,train
17445,245,198,train
17446,168,302,train
17447,204,459,train
17448,283,466,train
17449,754,5,train
17450,672,416,train
17451,749,11,train
17452,258,219,test
17453,117,737,train
17454,529,607,train
17455,467,496,train
17456,710,495,train
17457,700,332,test
17458,248,75,train
17459,711,571,train
17460,356,358,test
17461,243,573,train
17462,580,157,train
17463,74,789,train
17464,118,674,train
17465,539,306,test
17466,396,216,train
17467,341,754,train
17468,665,89,train
17469,2,212,train
17470,298,2,train
17471,774,127,train
17472,317,222,train
17473,119,165,test
17474,744,13,train
17475,429,426,train
17476,674,475,train
17477,26,771,train
17478,612,424,test
17479,308,499,train
17480,94,783,train
17481,35,122,test
17482,180,768,test
17483,351,130,train
17484,774,145,train
17485,768,602,train
17486,292,394,train
17487,477,702,train
17488,229,678,train
17489,564,750,train
17490,472,4,train
17491,64,716,train
17492,343,713,train
17493,61,601,train
17494,472,574,train
17495,381,60,train
17496,554,39,train
17497,330,426,test
17498,661,50,train
17499,792,775,train
17500,409,229,train
17501,738,14,train
17502,456,1,train
17503,54,452,train
17504,193,503,train
17505,364,202,train
17506,731,671,train
17507,571,766,train
17508,600,247,train
17509,611,522,train
17510,158,238,train
17511,667,49,test
17512,708,57,train
17513,366,376,train
17514,402,70,train
17515,109,111,train
17516,287,787,train
17517,415,281,train
17518,706,69,train
17519,480,671,train
17520,177,80,train
17521,65,338,train
17522,120,387,test
17523,529,527,train
17524,233,480,test
17525,270,101,train
17526,710,188,test
17527,408,208,train
17528,411,548,train
17529,677,612,train
17530,301,637,train
17531,742,707,test
17532,482,622,train
17533,584,177,train
17534,151,476,train
17535,630,195,train
17536,147,688,train
17537,193,530,train
17538,61,28,test
17539,775,400,test
17540,761,239,train
17541,223,488,train
17542,649,689,train
17543,559,682,train
17544,10,271,train
17545,560,228,test
17546,764,384,train
17547,519,580,train
17548,210,629,train
17549,481,149,train
17550,672,505,train
17551,261,155,train
17552,307,455,train
17553,487,345,train
17554,285,65,train
17555,143,433,train
17556,29,449,train
17557,73,414,train
17558,780,788,train
17559,614,443,train
17560,57,225,train
17561,251,464,train
17562,76,36,train
17563,541,724,test
17564,578,442,train
17565,319,506,train
17566,162,401,train
17567,734,93,train
17568,709,273,train
17569,583,554,train
17570,800,129,train
17571,794,552,train
17572,118,249,train
17573,267,438,train
17574,163,652,test
17575,229,773,train
17576,137,267,train
17577,551,601,train
17578,152,609,train
17579,733,392,train
17580,761,255,train
17581,570,373,train
17582,383,82,train
17583,228,579,train
17584,240,459,train
17585,717,353,train
17586,450,769,test
17587,337,237,train
17588,414,621,train
17589,579,218,train
17590,631,21,test
17591,481,460,train
17592,94,723,train
17593,249,13,train
17594,273,82,train
17595,587,418,test
17596,289,361,train
17597,344,103,train
17598,267,251,train
17599,682,137,train
17600,326,137,train
17601,383,678,test
17602,668,529,train
17603,601,113,test
17604,634,179,train
17605,438,754,train
17606,501,366,train
17607,240,133,train
17608,355,315,test
17609,259,693,train
17610,77,162,train
17611,285,21,train
17612,203,684,train
17613,544,234,train
17614,640,23,train
17615,546,280,train
17616,672,432,test
17617,3,636,train
17618,642,736,train
17619,551,460,train
17620,373,98,train
17621,269,11,train
17622,9,787,train
17623,258,356,train
17624,284,99,train
17625,735,69,train
17626,246,79,train
17627,380,58,train
17628,381,708,train
17629,707,176,test
17630,785,335,test
17631,265,577,train
17632,682,437,test
17633,203,48,train
17634,604,169,test
17635,628,349,train
17636,56,444,train
17637,174,344,train
17638,279,130,train
17639,106,603,train
17640,684,476,train
17641,275,306,train
17642,206,539,train
17643,624,162,train
17644,406,162,train
17645,239,700,train
17646,38,343,train
17647,402,215,train
17648,278,551,train
17649,184,41,test
17650,98,276,train
17651,314,116,train
17652,682,163,test
17653,788,407,train
17654,560,646,train
17655,464,758,train
17656,152,138,train
17657,734,267,train
17658,244,424,train
17659,449,619,test
17660,265,616,train
17661,719,103,train
17662,139,757,train
17663,290,337,test
17664,541,708,train
17665,231,620,train
17666,462,704,train
17667,524,658,train
17668,650,158,train
17669,751,252,test
17670,683,56,test
17671,260,388,train
17672,124,39,train
17673,346,405,train
17674,552,172,train
17675,327,376,train
17676,555,308,train
17677,193,170,train
17678,411,191,train
17679,214,695,test
17680,142,539,train
17681,720,191,train
17682,501,696,train
17683,276,740,test
17684,272,448,train
17685,356,673,train
17686,635,653,train
17687,299,266,train
17688,657,649,train
17689,104,124,train
17690,83,133,test
17691,773,109,test
17692,377,428,train
17693,151,622,train
17694,566,519,train
17695,53,524,train
17696,392,797,train
17697,594,711,test
17698,773,330,train
17699,79,673,train
17700,490,308,train
17701,573,61,train
17702,76,174,train
17703,152,575,train
17704,785,354,test
17705,495,603,test
17706,756,571,train
17707,71,299,train
17708,697,442,train
17709,386,79,test
17710,23,345,train
17711,198,538,test
17712,777,93,train
17713,224,32,train
17714,239,142,train
17715,425,320,test
17716,65,155,train
17717,729,147,train
17718,157,172,test
17719,379,445,train
17720,134,242,test
17721,150,57,test
17722,253,222,train
17723,240,355,train
17724,596,258,train
17725,564,266,train
17726,194,586,train
17727,478,630,train
17728,224,43,train
17729,787,189,train
17730,747,603,train
17731,245,664,train
17732,178,170,train
17733,526,783,train
17734,96,579,train
17735,786,317,train
17736,526,315,test
17737,530,632,train
17738,699,27,train
17739,798,657,train
17740,450,56,train
17741,563,423,train
17742,261,242,test
17743,657,351,test
17744,643,219,train
17745,383,158,test
17746,316,590,test
17747,135,161,train
17748,99,620,train
17749,41,577,train
17750,698,309,test
17751,744,219,test
17752,9,82,train
17753,675,300,train
17754,760,32,train
17755,683,450,train
17756,24,444,train
17757,250,584,train
17758,516,316,train
17759,754,232,train
17760,576,464,test
17761,593,295,train
17762,43,269,train
17763,487,103,test
17764,654,152,train
17765,86,406,train
17766,100,424,train
17767,372,463,train
17768,653,340,test
17769,42,779,train
17770,776,281,train
17771,135,689,train
17772,591,214,train
17773,151,339,train
17774,117,619,train
17775,340,362,train
17776,169,338,train
17777,86,355,train
17778,181,774,train
17779,431,314,train
17780,775,127,train
17781,368,577,train
17782,77,290,train
17783,663,121,train
17784,75,400,train
17785,131,723,train
17786,100,220,train
17787,365,540,train
17788,775,672,train
17789,724,139,train
17790,783,597,train
17791,591,679,train
17792,576,601,train
17793,174,779,test
17794,567,212,test
17795,509,411,train
17796,428,342,train
17797,323,551,train
17798,289,586,train
17799,30,623,test
17800,423,742,train
17801,342,512,train
17802,304,351,train
17803,591,564,train
17804,320,24,train
17805,689,797,train
17806,364,286,test
17807,292,26,test
17808,466,747,train
17809,755,585,train
17810,486,664,train
17811,25,621,test
17812,145,248,train
17813,91,317,train
17814,460,162,train
17815,48,69,test
17816,53,111,train
17817,662,200,train
17818,495,612,train
17819,122,538,train
17820,740,194,test
17821,369,541,test
17822,64,624,test
17823,620,1,train
17824,477,60,test
17825,32,486,train
17826,496,726,test
17827,70,662,train
17828,555,169,train
17829,795,746,train
17830,537,770,train
17831,468,277,train
17832,281,488,train
17833,690,594,train
17834,216,13,train
17835,200,684,test
17836,324,27,train
17837,682,77,test
17838,585,793,test
17839,392,580,train
17840,296,660,train
17841,610,378,train
17842,116,570,test
17843,233,53,train
17844,311,531,train
17845,38,140,train
17846,222,135,train
17847,798,458,train
17848,733,759,train
17849,370,494,train
17850,592,563,train
17851,579,440,train
17852,629,47,train
17853,637,201,train
17854,527,336,train
17855,508,284,train
17856,697,380,train
17857,536,35,test
17858,191,520,train
17859,452,225,train
17860,252,711,train
17861,733,728,train
17862,67,762,train
17863,230,728,train
17864,208,512,train
17865,416,308,train
17866,596,446,train
17867,672,177,train
17868,180,40,train
17869,564,189,train
17870,386,57,test
17871,399,599,test
17872,704,390,train
17873,729,412,train
17874,716,127,train
17875,352,744,train
17876,776,472,train
17877,202,249,test
17878,133,762,train
17879,129,665,test
17880,335,126,train
17881,643,595,train
17882,266,409,train
17883,163,564,train
17884,145,385,train
17885,237,507,test
17886,299,598,train
17887,399,796,train
17888,504,139,test
17889,726,219,train
17890,609,612,test
17891,429,93,train
17892,495,614,train
17893,606,274,train
17894,300,17,train
17895,136,467,train
17896,306,182,train
17897,117,714,train
17898,691,6,test
17899,218,670,train
17900,698,22,test
17901,59,531,train
17902,570,114,train
17903,32,490,train
17904,325,444,train
17905,324,729,train
17906,574,628,test
17907,563,11,test
17908,678,659,train
17909,241,384,train
17910,142,616,train
17911,49,402,train
17912,661,563,train
17913,762,784,test
17914,537,599,train
17915,659,72,test
17916,50,451,train
17917,283,742,train
17918,51,342,train
17919,142,73,test
17920,771,453,train
17921,339,245,train
17922,97,115,train
17923,787,703,test
17924,668,772,train
17925,540,532,train
17926,289,795,train
17927,443,19,train
17928,178,17,test
17929,210,16,train
17930,544,732,train
17931,281,312,train
17932,298,37,train
17933,630,174,test
17934,546,761,train
17935,737,715,test
17936,484,28,train
17937,153,652,train
17938,729,476,train
17939,463,55,train
17940,263,315,train
17941,187,14,train
17942,377,38,test
17943,545,35,train
17944,722,800,train
17945,249,500,train
17946,421,603,train
17947,44,278,train
17948,641,125,train
17949,650,407,train
17950,378,289,train
17951,585,8,train
17952,332,221,test
17953,56,736,train
17954,275,199,train
17955,355,550,train
17956,794,379,train
17957,751,350,test
17958,748,161,train
17959,612,343,test
17960,729,118,train
17961,716,315,train
17962,237,445,train
17963,354,495,train
17964,729,174,train
17965,397,133,train
17966,254,53,train
17967,17,63,train
17968,37,219,train
17969,146,222,train
17970,261,369,train
17971,274,115,train
17972,540,619,train
17973,521,382,train
17974,97,74,train
17975,245,297,train
17976,242,284,train
17977,171,666,test
17978,410,542,train
17979,576,514,train
17980,431,504,train
17981,250,356,train
17982,775,266,train
17983,247,726,train
17984,414,768,test
17985,501,661,train
17986,493,756,train
17987,157,758,train
17988,715,689,train
17989,609,387,test
17990,456,572,test
17991,194,671,train
17992,645,452,train
17993,202,544,train
17994,771,747,train
17995,496,659,train
17996,470,793,train
17997,519,133,train
17998,19,489,test
17999,124,68,train
18000,295,622,train
18001,683,227,test
18002,553,380,train
18003,158,359,test
18004,622,359,train
18005,50,684,test
18006,750,565,train
18007,155,791,train
18008,623,123,test
18009,446,314,train
18010,405,82,train
18011,495,471,train
18012,586,395,train
18013,575,551,train
18014,659,771,train
18015,184,496,train
18016,143,733,test
18017,280,247,train
18018,255,385,train
18019,414,31,train
18020,203,82,train
18021,41,310,train
18022,662,744,train
18023,61,491,train
18024,693,64,train
18025,181,43,train
18026,501,586,train
18027,342,276,train
18028,528,215,train
18029,552,2,train
18030,359,88,train
18031,166,278,train
18032,20,718,train
18033,633,508,train
18034,538,666,train
18035,141,18,train
18036,232,548,train
18037,244,687,test
18038,662,737,train
18039,544,20,train
18040,302,570,train
18041,738,496,train
18042,201,637,train
18043,219,795,train
18044,215,692,test
18045,258,293,train
18046,761,288,train
18047,560,393,train
18048,297,293,test
18049,135,121,train
18050,25,155,train
18051,488,297,train
18052,99,409,test
18053,544,640,test
18054,791,730,train
18055,662,52,test
18056,470,264,test
18057,7,635,train
18058,339,246,train
18059,303,663,train
18060,191,284,test
18061,610,308,test
18062,652,95,train
18063,284,285,train
18064,221,332,test
18065,276,99,train
18066,517,490,train
18067,346,726,test
18068,23,762,train
18069,351,629,train
18070,693,55,train
18071,270,712,train
18072,163,336,test
18073,477,567,train
18074,569,646,train
18075,24,542,train
18076,665,180,train
18077,421,252,train
18078,468,177,train
18079,315,433,train
18080,323,102,train
18081,345,784,train
18082,785,133,test
18083,55,510,test
18084,399,254,train
18085,373,240,train
18086,186,354,train
18087,151,365,train
18088,130,202,train
18089,290,392,train
18090,265,228,train
18091,416,113,train
18092,218,478,train
18093,52,164,train
18094,617,643,test
18095,567,430,train
18096,9,549,train
18097,189,350,train
18098,432,444,train
18099,369,434,train
18100,122,285,test
18101,104,181,train
18102,354,296,test
18103,44,505,train
18104,28,484,train
18105,611,494,test
18106,217,35,train
18107,163,413,train
18108,87,704,train
18109,115,25,test
18110,766,609,test
18111,799,159,train
18112,438,566,test
18113,732,695,train
18114,135,627,train
18115,716,677,train
18116,93,143,train
18117,507,648,test
18118,582,620,train
18119,217,189,train
18120,421,622,train
18121,582,256,train
18122,624,554,train
18123,572,351,train
18124,745,288,test
18125,531,546,train
18126,657,192,test
18127,389,738,train
18128,677,135,train
18129,502,672,test
18130,36,156,train
18131,667,59,train
18132,93,27,train
18133,598,327,train
18134,764,321,test
18135,207,533,test
18136,760,172,train
18137,273,25,train
18138,426,141,train
18139,698,398,train
18140,653,6,train
18141,162,231,train
18142,571,422,test
18143,320,731,train
18144,726,392,train
18145,733,132,train
18146,239,246,train
18147,651,706,train
18148,84,608,train
18149,292,245,train
18150,776,265,train
18151,788,580,train
18152,645,198,train
18153,170,443,test
18154,132,162,train
18155,270,672,test
18156,355,721,train
18157,158,289,train
18158,47,267,test
18159,730,527,test
18160,71,295,train
18161,711,588,train
18162,572,641,train
18163,136,696,train
18164,192,295,train
18165,576,427,train
18166,657,593,train
18167,382,394,test
18168,378,390,train
18169,542,305,train
18170,734,562,train
18171,189,505,train
18172,395,579,train
18173,740,681,test
18174,517,159,train
18175,75,489,train
18176,246,777,test
18177,571,28,train
18178,791,474,train
18179,511,527,test
18180,44,579,train
18181,755,213,test
18182,188,502,test
18183,295,358,train
18184,120,272,train
18185,293,775,train
18186,800,40,train
18187,134,209,test
18188,592,244,train
18189,598,296,train
18190,11,349,train
18191,171,228,test
18192,338,318,train
18193,105,486,train
18194,31,790,train
18195,110,330,train
18196,428,614,train
18197,137,607,train
18198,698,233,train
18199,255,701,test
18200,229,281,train
18201,562,311,train
18202,3,401,train
18203,540,650,test
18204,393,657,train
18205,252,37,train
18206,229,370,train
18207,254,634,train
18208,534,758,test
18209,458,350,train
18210,375,560,train
18211,86,537,test
18212,610,533,test
18213,169,446,train
18214,215,70,train
18215,35,280,train
18216,751,699,test
18217,197,392,train
18218,678,254,train
18219,799,743,test
18220,362,750,test
18221,597,215,train
18222,776,187,train
18223,660,629,train
18224,573,225,test
18225,136,44,train
18226,729,312,train
18227,44,364,train
18228,250,27,train
18229,685,43,test
18230,576,687,train
18231,624,171,test
18232,339,623,train
18233,397,425,train
18234,786,697,train
18235,502,116,train
18236,604,81,test
18237,428,401,test
18238,488,16,train
18239,590,316,test
18240,405,756,train
18241,266,58,train
18242,28,253,test
18243,169,391,train
18244,774,148,train
18245,405,796,train
18246,378,589,train
18247,768,68,test
18248,343,447,train
18249,129,375,train
18250,174,149,test
18251,731,777,test
18252,25,380,test
18253,624,592,train
18254,223,53,train
18255,741,555,train
18256,234,545,train
18257,729,612,test
18258,627,747,test
18259,433,643,train
18260,107,334,train
18261,365,374,train
18262,152,476,train
18263,292,280,test
18264,22,312,train
18265,277,735,train
18266,504,253,test
18267,712,450,train
18268,758,7,train
18269,435,126,train
18270,217,600,train
18271,568,304,train
18272,684,468,train
18273,634,105,test
18274,267,194,test
18275,555,250,train
18276,477,781,train
18277,222,424,train
18278,648,167,test
18279,276,586,train
18280,748,85,train
18281,734,162,train
18282,576,63,train
18283,788,543,test
18284,319,721,test
18285,177,155,train
18286,257,682,train
18287,643,348,test
18288,627,665,train
18289,244,704,train
18290,170,84,train
18291,77,746,train
18292,289,705,train
18293,389,131,test
18294,291,752,train
18295,116,663,train
18296,508,743,train
18297,415,520,train
18298,464,71,train
18299,395,62,test
18300,456,226,train
18301,172,680,test
18302,128,496,train
18303,604,269,train
18304,648,373,train
18305,539,370,train
18306,208,283,train
18307,315,656,train
18308,337,314,train
18309,380,299,test
18310,120,286,train
18311,624,559,train
18312,103,636,train
18313,464,300,train
18314,126,81,train
18315,472,717,train
18316,284,300,train
18317,767,581,train
18318,375,344,train
18319,289,554,train
18320,767,358,train
18321,396,592,train
18322,400,376,train
18323,405,195,train
18324,763,24,test
18325,523,278,train
18326,480,147,train
18327,520,534,train
18328,393,195,train
18329,48,483,train
18330,63,387,train
18331,700,109,test
18332,551,276,train
18333,662,159,train
18334,515,719,test
18335,304,521,train
18336,612,120,test
18337,325,326,train
18338,671,229,train
18339,570,714,train
18340,343,257,test
18341,132,409,train
18342,275,163,test
18343,171,274,train
18344,136,250,train
18345,235,756,train
18346,546,309,test
18347,3,438,test
18348,367,337,train
18349,100,289,train
18350,44,734,train
18351,653,722,train
18352,343,718,train
18353,739,548,train
18354,79,113,train
18355,401,69,train
18356,673,225,test
18357,7,756,train
18358,174,509,train
18359,421,460,test
18360,155,719,train
18361,669,82,train
18362,207,796,train
18363,751,61,train
18364,57,790,train
18365,31,468,train
18366,727,671,train
18367,639,345,train
18368,14,191,train
18369,423,478,train
18370,62,100,test
18371,535,630,train
18372,693,335,train
18373,454,323,train
18374,403,551,train
18375,580,516,test
18376,29,643,test
18377,496,481,train
18378,47,14,train
18379,341,141,train
18380,204,462,train
18381,169,336,train
18382,223,480,train
18383,226,714,train
18384,770,358,test
18385,326,256,train
18386,354,18,train
18387,679,638,test
18388,686,121,train
18389,551,584,train
18390,688,17,train
18391,664,497,test
18392,396,735,train
18393,452,554,train
18394,683,293,train
18395,487,707,train
18396,392,245,train
18397,745,191,train
18398,181,148,train
18399,637,551,train
18400,366,689,train
18401,503,412,train
18402,664,500,train
18403,175,432,train
18404,544,451,train
18405,385,5,test
18406,600,326,test
18407,530,465,train
18408,337,423,train
18409,22,789,train
18410,19,669,test
18411,401,71,train
18412,687,31,train
18413,186,391,train
18414,423,544,test
18415,535,290,train
18416,26,172,test
18417,440,364,train
18418,388,393,train
18419,119,126,train
18420,577,191,test
18421,355,314,train
18422,117,652,train
18423,759,713,train
18424,720,587,train
18425,689,733,train
18426,189,65,test
18427,168,446,test
18428,186,705,train
18429,457,423,train
18430,670,524,test
18431,494,733,train
18432,510,117,train
18433,16,238,test
18434,411,635,train
18435,107,15,train
18436,182,779,train
18437,485,743,train
18438,467,342,train
18439,437,71,test
18440,102,677,train
18441,114,766,train
18442,248,358,train
18443,5,573,train
18444,331,541,train
18445,70,292,train
18446,520,522,train
18447,174,640,train
18448,383,164,train
18449,756,695,test
18450,284,293,train
18451,677,710,train
18452,631,164,train
18453,303,573,train
18454,565,683,train
18455,608,368,train
18456,189,624,train
18457,86,575,train
18458,288,499,train
18459,548,147,train
18460,643,654,train
18461,53,218,train
18462,89,796,test
18463,100,721,test
18464,552,499,train
18465,64,31,train
18466,788,742,train
18467,140,40,train
18468,201,772,train
18469,282,146,train
18470,707,386,train
18471,794,785,train
18472,3,590,train
18473,340,123,test
18474,116,73,train
18475,494,298,train
18476,227,725,train
18477,185,141,train
18478,106,386,test
18479,359,208,train
18480,440,734,train
18481,687,197,train
18482,697,707,train
18483,193,763,train
18484,680,250,train
18485,429,561,train
18486,261,526,train
18487,576,274,train
18488,185,428,test
18489,634,32,test
18490,149,364,train
18491,585,151,train
18492,561,256,train
18493,111,711,test
18494,211,1,train
18495,29,660,train
18496,616,221,test
18497,543,467,train
18498,365,435,train
18499,437,776,train
18500,491,155,train
18501,334,289,train
18502,738,52,train
18503,662,3,train
18504,473,89,train
18505,171,319,train
18506,64,697,train
18507,320,45,train
18508,333,291,train
18509,192,402,train
18510,413,382,train
18511,114,353,train
18512,143,607,train
18513,29,263,train
18514,476,182,train
18515,599,654,test
18516,468,124,test
18517,251,596,train
18518,191,579,train
18519,677,414,train
18520,648,738,train
18521,213,269,train
18522,687,162,train
18523,304,96,train
18524,572,658,train
18525,541,392,train
18526,374,637,train
18527,44,752,train
18528,634,750,test
18529,737,150,test
18530,703,540,train
18531,635,789,test
18532,574,26,train
18533,540,605,train
18534,461,789,train
18535,283,83,train
18536,92,791,train
18537,52,117,train
18538,94,277,train
18539,780,529,train
18540,215,324,test
18541,226,458,train
18542,565,163,test
18543,123,439,train
18544,257,715,train
18545,18,306,train
18546,700,215,train
18547,38,626,train
18548,450,422,train
18549,319,762,train
18550,380,159,train
18551,682,387,train
18552,306,21,test
18553,498,714,train
18554,180,308,train
18555,277,737,train
18556,639,284,train
18557,649,437,train
18558,83,620,train
18559,637,777,train
18560,794,403,train
18561,95,327,train
18562,110,571,train
18563,562,589,train
18564,435,681,train
18565,182,250,train
18566,592,262,train
18567,42,674,train
18568,280,282,train
18569,710,542,train
18570,458,467,test
18571,626,713,train
18572,120,775,train
18573,15,710,train
18574,445,160,train
18575,654,368,train
18576,405,65,train
18577,612,355,train
18578,438,472,train
18579,504,593,train
18580,277,633,train
18581,225,411,train
18582,93,694,train
18583,539,53,train
18584,225,451,train
18585,439,475,train
18586,595,623,train
18587,264,537,train
18588,470,273,test
18589,674,507,test
18590,348,558,train
18591,271,9,test
18592,169,468,train
18593,494,15,train
18594,157,554,test
18595,682,304,train
18596,383,367,train
18597,441,436,test
18598,626,499,train
18599,389,102,train
18600,52,132,test
18601,133,559,train
18602,217,562,train
18603,494,441,train
18604,369,368,train
18605,204,295,train
18606,342,339,train
18607,742,272,train
18608,258,96,train
18609,767,470,test
18610,496,54,train
18611,221,650,train
18612,732,361,train
18613,452,677,train
18614,181,141,test
18615,765,272,train
18616,636,141,train
18617,621,545,train
18618,276,445,train
18619,778,770,train
18620,303,619,train
18621,157,743,train
18622,547,680,test
18623,708,154,train
18624,93,67,train
18625,191,212,train
18626,446,313,train
18627,228,79,train
18628,517,754,test
18629,121,226,train
18630,174,332,train
18631,214,662,train
18632,799,378,train
18633,83,168,train
18634,227,41,train
18635,614,58,train
18636,522,461,train
18637,441,763,test
18638,316,215,train
18639,613,529,test
18640,360,281,train
18641,780,571,train
18642,785,315,train
18643,358,320,train
18644,35,219,train
18645,644,404,test
18646,103,528,train
18647,753,739,train
18648,58,529,test
18649,410,532,test
18650,26,52,train
18651,265,398,train
18652,159,468,train
18653,622,418,train
18654,346,200,train
18655,368,115,test
18656,428,759,train
18657,497,102,train
18658,559,312,train
18659,573,549,train
18660,711,193,train
18661,107,211,train
18662,56,130,train
18663,483,374,train
18664,624,750,train
18665,638,64,train
18666,558,675,test
18667,260,228,train
18668,301,28,train
18669,366,491,test
18670,243,472,test
18671,278,16,train
18672,307,86,train
18673,234,217,train
18674,81,415,train
18675,374,240,train
18676,234,264,test
18677,510,288,train
18678,267,389,test
18679,532,199,train
18680,596,135,train
18681,708,749,train
18682,706,211,test
18683,191,140,test
18684,528,88,test
18685,228,750,train
18686,686,529,test
18687,272,654,train
18688,10,294,train
18689,124,439,test
18690,332,137,train
18691,795,225,test
18692,194,318,train
18693,266,629,train
18694,596,196,train
18695,520,490,train
18696,263,5,train
18697,771,308,train
18698,415,514,train
18699,772,713,test
18700,438,61,train
18701,442,732,train
18702,784,434,test
18703,63,610,train
18704,582,210,train
18705,16,324,test
18706,680,49,train
18707,646,706,train
18708,208,103,train
18709,694,276,train
18710,566,574,train
18711,471,412,test
18712,232,410,train
18713,239,493,train
18714,762,36,test
18715,473,294,train
18716,170,537,train
18717,306,725,test
18718,370,244,train
18719,625,703,train
18720,766,641,train
18721,563,326,train
18722,347,177,train
18723,364,329,train
18724,125,150,train
18725,283,536,train
18726,337,470,train
18727,186,673,train
18728,231,534,train
18729,678,202,test
18730,477,284,test
18731,336,182,train
18732,667,118,train
18733,360,587,train
18734,394,55,train
18735,503,244,test
18736,81,677,train
18737,374,335,train
18738,475,374,train
18739,668,83,train
18740,361,71,train
18741,624,100,train
18742,525,56,train
18743,442,110,train
18744,800,1,test
18745,23,169,train
18746,208,457,train
18747,586,182,train
18748,536,54,train
18749,530,23,train
18750,309,310,train
18751,614,609,train
18752,166,99,train
18753,687,790,train
18754,703,260,train
18755,492,252,train
18756,298,409,train
18757,686,271,train
18758,160,14,test
18759,336,567,train
18760,416,732,test
18761,783,728,test
18762,452,185,test
18763,602,158,train
18764,714,471,train
18765,367,275,train
18766,256,383,train
18767,121,612,test
18768,731,607,test
18769,557,737,train
18770,474,276,train
18771,157,427,train
18772,764,463,test
18773,171,727,train
18774,659,64,train
18775,558,421,test
18776,785,397,train
18777,351,60,test
18778,562,303,train
18779,780,651,test
18780,141,7,train
18781,21,369,train
18782,365,786,train
18783,240,427,train
18784,71,548,test
18785,111,672,train
18786,508,341,train
18787,711,4,train
18788,353,589,train
18789,100,395,test
18790,181,682,train
18791,410,768,train
18792,30,505,train
18793,431,690,train
18794,280,318,train
18795,635,407,train
18796,622,741,train
18797,425,121,train
18798,736,685,train
18799,765,714,train
18800,792,687,train
18801,341,548,train
18802,619,47,train
18803,486,617,train
18804,280,496,train
18805,383,401,train
18806,295,733,test
18807,714,687,train
18808,70,32,train
18809,216,26,train
18810,216,709,train
18811,571,520,train
18812,437,622,train
18813,360,244,train
18814,678,369,train
18815,158,641,train
18816,457,599,train
18817,107,682,train
18818,214,52,train
18819,13,795,train
18820,70,306,train
18821,229,617,train
18822,145,271,test
18823,5,428,test
18824,405,732,train
18825,700,405,train
18826,193,228,train
18827,259,260,train
18828,118,633,train
18829,173,268,train
18830,739,449,test
18831,325,372,train
18832,386,10,train
18833,253,494,train
18834,426,630,train
18835,586,139,train
18836,662,215,train
18837,110,226,train
18838,199,787,train
18839,581,418,train
18840,526,109,train
18841,207,222,train
18842,263,68,train
18843,357,326,train
18844,747,389,train
18845,163,785,train
18846,194,759,train
18847,166,722,train
18848,22,342,train
18849,334,294,test
18850,200,23,train
18851,267,206,train
18852,528,384,train
18853,695,728,train
18854,790,542,test
18855,307,501,test
18856,447,221,train
18857,424,660,train
18858,446,544,test
18859,671,273,train
18860,254,539,train
18861,644,148,test
18862,575,455,train
18863,302,637,train
18864,532,583,train
18865,264,791,train
18866,240,462,train
18867,75,113,train
18868,132,710,train
18869,670,728,train
18870,277,35,train
18871,103,399,train
18872,40,773,train
18873,570,744,train
18874,325,429,train
18875,545,744,train
18876,41,628,train
18877,54,399,train
18878,38,209,train
18879,429,797,test
18880,50,679,train
18881,588,194,train
18882,275,740,train
18883,138,436,train
18884,244,571,test
18885,557,348,train
18886,718,699,train
18887,110,648,train
18888,124,109,train
18889,445,602,train
18890,342,384,train
18891,488,95,train
18892,653,224,test
18893,637,658,train
18894,150,562,train
18895,766,89,test
18896,599,301,train
18897,759,334,train
18898,314,676,train
18899,522,370,train
18900,690,250,test
18901,224,418,train
18902,767,41,train
18903,388,57,train
18904,646,444,train
18905,256,326,train
18906,470,111,train
18907,26,196,train
18908,423,390,train
18909,385,118,train
18910,609,224,train
18911,469,478,test
18912,285,255,test
18913,769,453,train
18914,708,449,train
18915,569,567,train
18916,288,562,test
18917,417,636,test
18918,452,350,test
18919,230,715,train
18920,668,56,train
18921,570,299,train
18922,184,547,test
18923,261,167,train
18924,143,642,test
18925,117,214,test
18926,432,88,train
18927,735,772,train
18928,610,626,train
18929,284,301,test
18930,632,482,train
18931,708,240,train
18932,671,539,train
18933,526,101,train
18934,570,796,train
18935,614,504,train
18936,416,470,train
18937,577,749,train
18938,630,729,train
18939,465,417,test
18940,135,783,test
18941,679,297,train
18942,726,408,test
18943,182,675,train
18944,103,296,test
18945,603,648,train
18946,217,573,train
18947,692,217,train
18948,243,101,train
18949,192,296,test
18950,694,242,train
18951,232,690,train
18952,113,468,train
18953,599,792,train
18954,153,516,train
18955,120,710,train
18956,484,23,train
18957,396,669,train
18958,249,92,test
18959,608,176,train
18960,226,108,train
18961,278,503,train
18962,59,95,train
18963,586,692,train
18964,762,58,train
18965,458,596,train
18966,730,448,train
18967,601,718,test
18968,731,350,test
18969,648,288,test
18970,492,67,test
18971,250,475,train
18972,749,493,train
18973,700,594,train
18974,694,275,train
18975,271,664,train
18976,323,490,train
18977,197,166,train
18978,648,741,train
18979,197,6,train
18980,73,632,test
18981,365,97,train
18982,626,398,train
18983,657,441,train
18984,796,648,train
18985,469,136,train
18986,259,402,train
18987,732,16,test
18988,42,707,train
18989,604,567,train
18990,113,799,train
18991,349,158,train
18992,621,762,test
18993,457,107,train
18994,611,755,train
18995,305,170,train
18996,280,338,train
18997,328,531,test
18998,182,651,train
18999,674,5,train
19000,613,756,train
19001,759,250,train
19002,675,489,train
19003,435,627,train
19004,673,107,train
19005,344,587,train
19006,224,395,train
19007,549,371,test
19008,615,622,test
19009,602,526,train
19010,167,225,train
19011,288,379,train
19012,530,150,train
19013,795,493,train
19014,89,690,train
19015,724,203,train
19016,363,447,test
19017,690,334,train
19018,347,239,test
19019,484,770,train
19020,166,457,train
19021,466,165,test
19022,629,779,train
19023,378,175,test
19024,42,678,train
19025,229,158,test
19026,282,480,test
19027,591,379,train
19028,91,541,train
19029,212,436,train
19030,234,180,train
19031,596,260,train
19032,762,176,test
19033,247,627,train
19034,549,527,train
19035,706,146,test
19036,731,484,train
19037,202,753,train
19038,36,106,train
19039,37,448,train
19040,544,537,test
19041,254,53,train
19042,408,47,train
19043,439,555,test
19044,580,528,train
19045,650,225,train
19046,643,514,train
19047,404,257,train
19048,415,267,train
19049,381,446,train
19050,170,113,train
19051,625,566,train
19052,397,271,train
19053,67,437,train
19054,677,278,train
19055,235,337,train
19056,121,278,train
19057,342,472,test
19058,244,625,test
19059,324,691,train
19060,775,104,test
19061,201,794,train
19062,104,495,train
19063,286,324,train
19064,468,309,train
19065,233,700,train
19066,327,368,train
19067,488,47,train
19068,486,566,train
19069,797,125,train
19070,590,339,train
19071,61,517,train
19072,460,7,train
19073,636,695,train
19074,161,279,train
19075,613,416,test
19076,94,339,train
19077,497,306,test
19078,646,238,test
19079,193,397,train
19080,310,3,train
19081,543,603,train
19082,585,572,train
19083,599,703,train
19084,430,633,train
19085,659,452,train
19086,693,408,test
19087,524,628,train
19088,345,457,train
19089,186,468,train
19090,787,350,train
19091,63,239,test
19092,49,272,train
19093,665,441,train
19094,416,401,train
19095,595,743,train
19096,393,379,train
19097,451,787,train
19098,685,300,train
19099,380,722,train
19100,170,477,train
19101,672,579,train
19102,259,414,test
19103,597,490,test
19104,333,735,train
19105,97,737,train
19106,522,496,train
19107,542,334,train
19108,168,148,train
19109,587,248,train
19110,106,83,train
19111,235,175,train
19112,670,598,test
19113,519,307,test
19114,746,573,train
19115,776,212,test
19116,636,14,train
19117,717,333,train
19118,338,730,train
19119,353,573,train
19120,604,588,train
19121,510,132,test
19122,238,501,train
19123,471,389,train
19124,224,422,train
19125,7,609,train
19126,728,736,train
19127,550,413,train
19128,392,714,train
19129,258,761,test
19130,796,434,train
19131,462,278,train
19132,239,673,train
19133,719,632,train
19134,477,195,train
19135,269,582,train
19136,433,32,test
19137,110,789,train
19138,272,793,train
19139,745,96,train
19140,94,326,train
19141,789,272,train
19142,493,563,train
19143,127,645,test
19144,743,625,train
19145,470,207,train
19146,200,185,train
19147,80,703,train
19148,420,403,train
19149,93,316,train
19150,427,99,train
19151,742,482,test
19152,151,523,test
19153,187,672,train
19154,360,395,test
19155,11,214,train
19156,336,50,train
19157,590,27,train
19158,680,705,train
19159,124,617,train
19160,527,494,test
19161,259,771,test
19162,43,86,train
19163,497,771,train
19164,54,209,test
19165,223,285,train
19166,723,54,train
19167,580,360,train
19168,752,495,train
19169,604,221,train
19170,385,624,train
19171,53,271,train
19172,414,119,train
19173,773,32,test
19174,208,137,train
19175,717,99,train
19176,492,16,train
19177,129,462,train
19178,358,503,train
19179,200,789,train
19180,653,349,train
19181,517,325,train
19182,745,50,train
19183,427,333,train
19184,71,373,train
19185,584,279,train
19186,252,376,train
19187,32,155,train
19188,205,112,train
19189,522,126,test
19190,687,227,train
19191,743,34,train
19192,402,179,train
19193,751,408,train
19194,195,245,train
19195,320,277,test
19196,343,791,train
19197,392,72,train
19198,646,284,train
19199,110,68,train
19200,732,290,train
19201,312,486,test
19202,317,436,train
19203,705,746,train
19204,519,11,test
19205,499,61,train
19206,434,658,train
19207,581,476,train
19208,157,786,train
19209,649,15,test
19210,116,377,train
19211,798,483,train
19212,753,465,train
19213,320,777,test
19214,253,3,train
19215,706,55,train
19216,92,503,train
19217,133,226,train
19218,436,265,train
19219,598,716,train
19220,75,249,train
19221,714,344,test
19222,215,695,train
19223,527,657,train
19224,518,502,train
19225,553,699,train
19226,97,167,train
19227,332,628,test
19228,527,29,train
19229,476,220,test
19230,465,781,train
19231,668,533,train
19232,565,720,test
19233,268,156,test
19234,611,206,test
19235,348,630,train
19236,366,24,test
19237,104,411,train
19238,53,201,train
19239,746,277,train
19240,440,587,train
19241,788,432,train
19242,434,599,train
19243,17,474,train
19244,230,412,train
19245,773,698,train
19246,463,337,train
19247,389,223,train
19248,125,512,train
19249,255,527,train
19250,405,631,train
19251,612,59,test
19252,106,483,test
19253,18,57,train
19254,482,291,train
19255,157,421,test
19256,360,81,test
19257,596,174,train
19258,798,397,train
19259,379,41,train
19260,771,203,train
19261,553,411,train
19262,673,475,train
19263,14,708,train
19264,117,327,train
19265,509,117,train
19266,547,677,train
19267,252,503,test
19268,585,258,train
19269,159,663,test
19270,397,501,train
19271,253,425,train
19272,421,355,train
19273,755,1,train
19274,204,432,train
19275,587,47,train
19276,399,704,train
19277,208,435,train
19278,703,746,train
19279,311,35,train
19280,391,645,train
19281,584,558,train
19282,277,293,test
19283,534,570,train
19284,413,625,train
19285,271,36,train
19286,120,781,train
19287,627,60,train
19288,54,738,test
19289,631,367,train
19290,615,371,train
19291,645,119,test
19292,632,559,train
19293,560,557,train
19294,477,510,train
19295,542,626,train
19296,347,21,train
19297,537,49,test
19298,105,398,train
19299,16,60,train
19300,467,710,train
19301,254,287,train
19302,337,297,train
19303,774,72,train
19304,404,267,train
19305,306,244,test
19306,238,442,train
19307,624,780,train
19308,86,457,train
19309,523,251,train
19310,169,604,test
19311,756,658,train
19312,299,445,train
19313,295,587,train
19314,504,794,train
19315,607,221,train
19316,611,599,train
19317,10,204,train
19318,335,674,train
19319,411,638,train
19320,794,232,test
19321,565,353,train
19322,433,150,train
19323,359,197,train
19324,415,574,train
19325,313,309,train
19326,497,716,train
19327,126,624,test
19328,263,536,train
19329,397,122,train
19330,35,744,train
19331,787,742,train
19332,497,31,train
19333,459,585,train
19334,308,459,train
19335,694,567,train
19336,404,166,train
19337,433,745,train
19338,646,410,train
19339,535,606,test
19340,682,573,train
19341,737,437,train
19342,707,81,train
19343,119,221,train
19344,579,243,test
19345,395,246,train
19346,592,155,train
19347,408,92,train
19348,583,620,train
19349,431,758,train
19350,445,604,train
19351,92,15,train
19352,103,305,test
19353,566,391,train
19354,673,29,train
19355,438,613,train
19356,790,528,train
19357,596,684,train
19358,105,436,train
19359,197,71,train
19360,476,689,train
19361,667,714,train
19362,760,195,train
19363,231,410,train
19364,53,685,train
19365,599,691,train
19366,559,467,train
19367,722,588,train
19368,361,353,train
19369,639,170,train
19370,503,26,train
19371,629,776,train
19372,791,220,train
19373,92,503,train
19374,469,794,test
19375,529,132,train
19376,579,738,train
19377,360,374,train
19378,298,498,train
19379,457,374,train
19380,611,533,train
19381,60,171,train
19382,321,428,train
19383,687,582,train
19384,319,617,train
19385,402,379,train
19386,506,733,train
19387,717,342,train
19388,194,546,train
19389,14,280,train
19390,146,411,train
19391,762,761,train
19392,400,176,train
19393,16,500,train
19394,721,726,train
19395,800,70,train
19396,410,175,train
19397,62,341,train
19398,259,118,train
19399,410,441,test
19400,578,771,train
19401,607,397,train
19402,683,249,train
19403,421,257,train
19404,92,394,train
19405,207,210,train
19406,239,591,test
19407,754,449,train
19408,412,210,train
19409,6,339,train
19410,48,60,test
19411,577,644,test
19412,107,796,train
19413,612,371,train
19414,300,550,train
19415,604,319,train
19416,280,490,train
19417,91,762,train
19418,342,307,train
19419,378,116,train
19420,734,234,train
19421,456,522,test
19422,349,659,train
19423,337,239,train
19424,599,561,test
19425,410,706,train
19426,44,240,train
19427,391,510,test
19428,668,424,train
19429,639,120,train
19430,663,11,train
19431,6,649,train
19432,566,62,train
19433,631,664,train
19434,348,789,train
19435,55,125,train
19436,579,791,train
19437,605,758,train
19438,710,597,train
19439,507,250,train
19440,324,351,train
19441,22,355,test
19442,536,450,test
19443,396,176,train
19444,672,180,train
19445,563,11,test
19446,297,298,train
19447,321,702,train
19448,764,601,train
19449,498,612,train
19450,679,28,test
19451,413,473,train
19452,492,485,train
19453,603,511,train
19454,792,719,train
19455,2,507,train
19456,27,140,train
19457,449,591,test
19458,705,640,test
19459,272,162,test
19460,508,200,train
19461,593,578,test
19462,84,550,train
19463,486,580,test
19464,213,190,test
19465,566,707,train
19466,111,377,train
19467,684,681,test
19468,121,337,train
19469,39,500,train
19470,485,254,train
19471,392,131,test
19472,268,259,train
19473,624,200,train
19474,762,23,train
19475,573,509,test
19476,239,738,train
19477,540,428,train
19478,767,324,train
19479,764,9,train
19480,168,425,train
19481,8,61,train
19482,633,275,train
19483,92,367,train
19484,2,450,train
19485,698,349,test
19486,430,367,train
19487,360,415,train
19488,654,718,train
19489,181,662,train
19490,646,633,test
19491,189,330,train
19492,201,679,train
19493,705,645,train
19494,92,135,train
19495,668,750,test
19496,50,589,train
19497,293,226,train
19498,22,693,train
19499,377,243,train
19500,422,711,train
19501,172,230,train
19502,774,557,test
19503,457,250,train
19504,99,726,train
19505,681,272,train
19506,730,750,train
19507,564,353,train
19508,265,132,test
19509,61,4,train
19510,234,128,test
19511,597,71,train
19512,125,627,train
19513,293,254,train
19514,330,393,train
19515,750,104,test
19516,484,99,test
19517,619,711,train
19518,793,440,train
19519,304,415,train
19520,725,49,train
19521,231,171,test
19522,109,617,train
19523,261,367,train
19524,111,237,train
19525,762,133,train
19526,792,721,test
19527,751,700,train
19528,252,300,test
19529,436,689,train
19530,273,747,train
19531,635,705,train
19532,25,623,train
19533,314,87,train
19534,355,668,test
19535,204,607,train
19536,405,585,train
19537,240,474,train
19538,175,590,train
19539,725,485,train
19540,350,41,train
19541,485,182,test
19542,442,765,test
19543,599,407,train
19544,196,335,test
19545,631,171,train
19546,573,152,test
19547,309,794,test
19548,692,457,train
19549,253,754,train
19550,134,432,train
19551,364,286,test
19552,243,457,test
19553,100,334,train
19554,330,64,train
19555,752,695,train
19556,397,16,train
19557,702,404,train
19558,392,413,train
19559,61,15,test
19560,533,252,train
19561,225,726,train
19562,172,108,train
19563,749,689,train
19564,312,151,train
19565,652,758,train
19566,101,502,train
19567,678,588,test
19568,647,74,test
19569,788,391,train
19570,99,62,train
19571,352,664,train
19572,389,315,train
19573,426,631,train
19574,393,420,train
19575,710,100,train
19576,61,586,train
19577,252,778,train
19578,269,221,train
19579,727,75,test
19580,798,454,train
19581,315,82,test
19582,403,636,test
19583,211,773,train
19584,668,135,train
19585,533,166,test
19586,757,645,train
19587,145,440,train
19588,785,751,train
19589,320,752,train
19590,549,650,train
19591,314,107,train
19592,387,255,train
19593,795,18,train
19594,594,494,train
19595,798,5,train
19596,717,597,test
19597,446,166,train
19598,769,697,train
19599,20,209,train
19600,553,289,train
19601,276,86,train
19602,746,135,train
19603,397,164,train
19604,601,509,train
19605,323,349,test
19606,203,187,train
19607,394,516,train
19608,119,531,train
19609,717,142,train
19610,576,608,train
19611,635,88,train
19612,248,638,train
19613,424,584,train
19614,642,277,train
19615,79,21,train
19616,780,729,train
19617,610,114,train
19618,79,47,train
19619,344,152,train
19620,799,359,train
19621,762,242,train
19622,667,132,train
19623,41,718,train
19624,619,146,train
19625,262,534,test
19626,533,790,train
19627,785,273,train
19628,327,319,train
19629,779,656,train
19630,630,45,train
19631,615,299,train
19632,257,165,train
19633,553,281,train
19634,213,544,test
19635,460,161,train
19636,214,549,train
19637,513,287,test
19638,4,632,train
19639,349,36,train
19640,433,557,train
19641,27,180,train
19642,629,751,train
19643,744,438,train
19644,117,327,train
19645,521,527,train
19646,492,203,train
19647,115,526,train
19648,726,254,train
19649,431,422,train
19650,539,506,train
19651,727,216,train
19652,777,305,train
19653,249,153,train
19654,22,779,train
19655,439,101,train
19656,100,254,train
19657,403,386,train
19658,639,227,test
19659,459,572,train
19660,83,223,train
19661,165,122,train
19662,658,793,train
19663,380,386,test
19664,572,465,train
19665,126,625,train
19666,130,102,train
19667,300,609,train
19668,469,657,train
19669,335,134,train
19670,699,99,train
19671,345,670,test
19672,586,593,train
19673,471,48,train
19674,79,31,test
19675,218,123,train
19676,633,107,train
19677,27,672,train
19678,742,310,test
19679,474,372,train
19680,376,280,train
19681,81,415,train
19682,112,620,train
19683,588,755,test
19684,168,697,train
19685,198,444,train
19686,769,51,train
19687,15,332,train
19688,68,416,train
19689,734,93,train
19690,47,562,train
19691,800,578,train
19692,15,495,train
19693,684,292,test
19694,536,687,test
19695,122,269,train
19696,259,226,train
19697,513,778,train
19698,67,555,train
19699,332,364,train
19700,462,600,train
19701,273,416,test
19702,545,387,train
19703,93,559,train
19704,412,181,train
19705,92,390,train
19706,93,680,train
19707,292,616,train
19708,50,695,train
19709,175,661,test
19710,5,70,train
19711,291,121,train
19712,19,344,train
19713,737,343,train
19714,612,227,train
19715,608,356,train
19716,328,254,train
19717,463,348,train
19718,242,435,train
19719,386,300,train
19720,632,92,train
19721,203,406,train
19722,669,346,train
19723,731,674,test
19724,153,753,train
19725,84,179,train
19726,142,441,train
19727,369,249,train
19728,333,63,test
19729,478,799,train
19730,289,637,train
19731,580,403,test
19732,17,487,train
19733,786,676,train
19734,785,685,train
19735,91,246,train
19736,734,297,train
19737,694,401,train
19738,311,297,train
19739,88,449,train
19740,319,544,train
19741,14,100,train
19742,758,41,train
19743,676,507,train
19744,158,305,train
19745,57,460,test
19746,250,283,train
19747,26,214,train
19748,520,252,train
19749,211,313,train
19750,544,45,train
19751,149,274,train
19752,40,781,train
19753,527,26,train
19754,664,660,train
19755,718,624,test
19756,575,422,train
19757,250,610,train
19758,517,130,train
19759,401,106,train
19760,495,199,train
19761,550,97,train
19762,63,686,train
19763,70,783,train
19764,715,146,train
19765,427,656,train
19766,446,5,train
19767,213,310,train
19768,316,787,train
19769,29,715,train
19770,571,388,train
19771,137,171,train
19772,469,415,train
19773,629,128,train
19774,292,449,train
19775,389,519,train
19776,416,634,train
19777,177,210,train
19778,342,735,train
19779,758,566,train
19780,100,576,train
19781,248,631,train
19782,570,299,train
19783,412,181,train
19784,564,174,train
19785,692,93,train
19786,192,113,train
19787,300,494,train
19788,200,574,train
19789,20,629,train
19790,386,213,train
19791,670,187,test
19792,259,206,train
19793,282,286,train
19794,681,713,test
19795,60,304,train
19796,96,184,train
19797,793,569,test
19798,246,82,train
19799,89,465,test
19800,671,682,train
19801,431,134,train
19802,547,243,train
19803,178,83,train
19804,146,366,train
19805,456,550,train
19806,142,424,train
19807,656,317,train
19808,576,578,train
19809,399,746,train
19810,280,519,train
19811,702,465,test
19812,426,768,train
19813,418,476,train
19814,96,711,train
19815,647,200,train
19816,338,477,train
19817,300,600,test
19818,746,98,train
19819,718,533,train
19820,703,461,train
19821,460,514,train
19822,447,442,train
19823,576,676,train
19824,620,161,train
19825,271,126,train
19826,289,427,train
19827,132,582,train
19828,113,680,test
19829,378,328,train
19830,114,789,train
19831,331,72,train
19832,355,388,test
19833,38,548,test
19834,8,548,train
19835,718,136,train
19836,10,93,train
19837,390,465,train
19838,305,169,train
19839,780,554,train
19840,42,405,train
19841,321,292,train
19842,587,50,train
19843,738,380,train
19844,197,125,train
19845,759,276,train
19846,436,741,train
19847,216,407,train
19848,541,439,train
19849,237,463,train
19850,31,19,train
19851,445,754,train
19852,639,354,train
19853,309,32,train
19854,194,40,test
19855,298,165,train
19856,667,673,test
19857,592,292,train
19858,744,477,train
19859,342,204,train
19860,100,107,test
19861,527,381,train
19862,226,194,train
19863,639,523,test
19864,263,795,train
19865,232,624,train
19866,356,437,train
19867,623,321,train
19868,576,410,train
19869,746,520,train
19870,660,235,train
19871,702,413,train
19872,349,182,test
19873,527,788,test
19874,140,522,train
19875,163,359,train
19876,553,185,train
19877,508,561,test
19878,29,509,train
19879,164,378,test
19880,619,36,test
19881,331,533,test
19882,307,478,test
19883,474,688,train
19884,415,788,train
19885,13,39,train
19886,386,511,train
19887,549,118,train
19888,397,42,train
19889,402,15,train
19890,716,673,test
19891,584,381,train
19892,263,704,train
19893,316,13,train
19894,426,425,test
19895,459,613,train
19896,430,15,train
19897,660,784,train
19898,415,129,test
19899,103,18,train
19900,39,92,train
19901,661,555,train
19902,466,179,test
19903,509,756,train
19904,259,743,train
19905,589,307,train
19906,459,149,test
19907,73,461,train
19908,715,748,train
19909,207,158,train
19910,289,3,train
19911,697,568,train
19912,10,56,train
19913,517,277,train
19914,524,377,train
19915,649,629,train
19916,208,638,train
19917,430,467,train
19918,258,407,train
19919,710,300,train
19920,116,522,test
19921,292,683,train
19922,151,616,test
19923,177,765,train
19924,641,733,train
19925,566,340,train
19926,626,571,train
19927,369,705,train
19928,302,85,train
19929,718,430,train
19930,435,663,train
19931,35,647,train
19932,653,273,train
19933,164,332,train
19934,755,793,train
19935,275,525,train
19936,705,632,train
19937,195,643,train
19938,162,209,test
19939,76,794,train
19940,244,793,test
19941,239,346,train
19942,154,417,train
19943,342,108,train
19944,744,537,train
19945,259,227,train
19946,428,335,train
19947,385,579,train
19948,519,389,train
19949,736,67,train
19950,438,170,train
19951,311,699,test
19952,301,289,train
19953,38,225,train
19954,274,440,test
19955,537,192,train
19956,664,594,train
19957,302,423,train
19958,791,188,test
19959,697,548,train
19960,716,583,train
19961,296,649,train
19962,720,596,test
19963,384,394,train
19964,720,680,train
19965,262,597,train
19966,80,661,train
19967,28,7,train
19968,755,602,test
19969,386,188,train
19970,348,127,train
19971,724,648,train
19972,742,682,train
19973,37,601,train
19974,708,588,train
19975,206,600,train
19976,621,694,test
19977,343,775,train
19978,558,456,test
19979,611,449,train
19980,683,702,train
19981,677,61,train
19982,704,80,train
19983,177,345,test
19984,208,671,train
19985,507,51,train
19986,611,768,train
19987,769,773,test
19988,409,463,train
19989,720,341,train
19990,125,93,train
19991,72,265,train
19992,262,331,train
19993,79,21,train
19994,444,259,train
19995,16,504,train
19996,701,653,train
19997,678,604,train
19998,497,43,train
19999,100,125,train
20000,387,384,test
20001,178,451,test
20002,71,147,train
20003,25,501,train
20004,192,507,test
20005,323,670,train
20006,220,660,train
20007,553,703,test
20008,181,646,train
20009,578,545,test
20010,715,635,train
20011,201,699,train
20012,138,468,train
20013,753,251,test
20014,642,279,train
20015,212,694,train
20016,132,658,test
20017,708,380,train
20018,221,215,train
20019,653,367,train
20020,281,670,train
20021,150,297,train
20022,312,41,train
20023,27,570,train
20024,67,483,train
20025,637,323,train
20026,411,654,train
20027,594,186,train
20028,178,580,test
20029,355,55,test
20030,766,626,train
20031,128,476,train
20032,421,792,test
20033,527,343,train
20034,209,198,train
20035,529,679,train
20036,325,343,train
20037,775,88,train
20038,780,117,train
20039,433,790,train
20040,410,545,train
20041,321,51,train
20042,799,329,train
20043,474,798,train
20044,5,689,train
20045,56,106,train
20046,558,232,train
20047,281,512,test
20048,169,182,train
20049,143,267,train
20050,300,337,train
20051,389,331,train
20052,531,759,train
20053,48,126,test
20054,98,330,train
20055,465,512,train
20056,476,221,train
20057,255,712,train
20058,177,85,test
20059,555,578,train
20060,788,627,test
20061,669,759,train
20062,682,118,train
20063,100,462,train
20064,91,142,train
20065,43,225,train
20066,456,60,train
20067,667,1,test
20068,560,188,test
20069,23,64,train
20070,627,770,train
20071,291,780,train
20072,119,468,test
20073,625,264,test
20074,716,101,train
20075,373,79,train
20076,532,659,train
20077,414,550,test
20078,714,491,train
20079,451,595,test
20080,264,744,test
20081,91,657,test
20082,792,349,train
20083,151,538,train
20084,41,69,train
20085,210,639,test
20086,583,641,train
20087,603,634,train
20088,696,384,train
20089,192,459,train
20090,266,532,train
20091,190,371,test
20092,540,622,train
20093,24,691,train
20094,433,791,test
20095,681,644,train
20096,221,745,train
20097,370,14,train
20098,17,123,train
20099,373,747,train
20100,230,485,train
20101,275,138,train
20102,570,439,test
20103,593,272,train
20104,598,388,train
20105,426,45,train
20106,224,291,train
20107,359,314,train
20108,242,95,train
20109,776,126,test
20110,158,245,train
20111,705,600,train
20112,222,572,train
20113,445,765,train
20114,352,377,train
20115,43,408,test
20116,314,228,test
20117,725,261,train
20118,723,483,train
20119,130,609,train
20120,659,478,train
20121,290,376,train
20122,571,41,train
20123,240,109,train
20124,233,438,train
20125,451,111,train
20126,223,466,test
20127,651,624,train
20128,589,739,train
20129,764,735,train
20130,738,698,train
20131,775,729,test
20132,148,286,train
20133,755,487,train
20134,343,186,test
20135,573,752,test
20136,783,420,test
20137,313,111,train
20138,79,287,train
20139,476,433,test
20140,410,120,test
20141,591,749,train
20142,30,28,train
20143,700,287,train
20144,347,630,train
20145,734,399,train
20146,630,478,train
20147,141,361,train
20148,318,391,train
20149,155,748,train
20150,87,488,train
20151,218,764,train
20152,91,623,test
20153,491,720,test
20154,580,426,train
20155,254,103,train
20156,245,417,test
20157,315,232,train
20158,132,368,train
20159,117,52,train
20160,512,273,train
20161,253,57,train
20162,131,40,train
20163,574,51,train
20164,577,752,train
20165,751,287,train
20166,794,213,train
20167,406,428,train
20168,272,334,train
20169,573,582,test
20170,388,487,train
20171,347,195,train
20172,48,186,train
20173,105,652,train
20174,512,348,train
20175,416,577,train
20176,277,797,train
20177,363,237,test
20178,141,199,train
20179,473,571,train
20180,416,488,train
20181,451,746,test
20182,4,738,train
20183,364,754,train
20184,330,276,train
20185,334,616,train
20186,344,353,train
20187,734,128,train
20188,199,248,train
20189,49,306,train
20190,97,630,train
20191,446,240,test
20192,243,628,train
20193,754,148,train
20194,171,209,train
20195,203,500,train
20196,7,663,train
20197,26,260,train
20198,457,338,train
20199,251,378,train
20200,642,138,train
20201,52,766,test
20202,406,600,train
20203,456,621,train
20204,124,315,train
20205,589,415,train
20206,89,635,train
20207,672,759,test
20208,85,260,train
20209,278,18,train
20210,162,743,train
20211,660,343,train
20212,451,426,train
20213,537,362,train
20214,437,387,train
20215,147,232,test
20216,203,753,train
20217,487,25,train
20218,35,701,test
20219,76,751,test
20220,734,8,train
20221,399,163,train
20222,511,50,train
20223,197,128,train
20224,63,526,train
20225,418,534,train
20226,260,442,train
20227,206,154,train
20228,388,733,train
20229,318,490,test
20230,86,669,train
20231,59,646,train
20232,774,515,train
20233,272,512,train
20234,423,283,train
20235,54,658,train
20236,243,747,train
20237,788,660,test
20238,276,473,train
20239,395,439,train
20240,499,396,train
20241,576,424,train
20242,67,202,train
20243,392,443,train
20244,651,159,train
20245,489,187,train
20246,513,740,train
20247,526,538,train
20248,3,625,test
20249,182,688,test
20250,738,11,test
20251,271,403,train
20252,570,560,train
20253,549,721,train
20254,675,296,train
20255,599,683,train
20256,177,483,train
20257,97,473,train
20258,619,290,train
20259,344,546,train
20260,750,580,train
20261,245,677,train
20262,431,401,train
20263,242,712,train
20264,404,13,train
20265,404,617,train
20266,693,120,test
20267,94,496,train
20268,332,30,train
20269,427,504,train
20270,613,342,test
20271,93,573,train
20272,505,494,train
20273,614,114,test
20274,614,94,train
20275,13,275,train
20276,438,145,train
20277,233,350,train
20278,34,399,test
20279,681,387,test
20280,71,651,train
20281,459,579,train
20282,798,348,train
20283,338,471,train
20284,113,86,train
20285,113,559,train
20286,218,525,train
20287,138,429,train
20288,663,626,test
20289,571,338,train
20290,485,677,train
20291,640,9,train
20292,543,525,train
20293,393,530,train
20294,111,154,train
20295,161,444,train
20296,50,67,test
20297,39,286,train
20298,429,79,train
20299,238,465,train
20300,525,190,test
20301,609,96,train
20302,226,314,train
20303,267,494,train
20304,345,192,train
20305,467,149,test
20306,750,119,train
20307,266,155,train
20308,481,689,train
20309,668,577,train
20310,549,263,train
20311,390,25,test
20312,418,294,train
20313,182,690,train
20314,706,760,test
20315,58,622,train
20316,691,544,test
20317,373,52,train
20318,408,363,train
20319,795,185,train
20320,639,123,test
20321,710,281,train
20322,732,439,train
20323,503,106,train
20324,43,422,train
20325,431,136,test
20326,192,768,train
20327,147,785,train
20328,616,579,train
20329,624,41,train
20330,376,351,train
20331,761,637,train
20332,224,614,train
20333,197,34,train
20334,310,629,train
20335,171,219,train
20336,572,760,train
20337,787,116,train
20338,387,775,train
20339,538,87,train
20340,103,7,test
20341,487,576,train
20342,544,401,train
20343,227,298,train
20344,708,503,test
20345,319,163,train
20346,209,191,train
20347,463,641,train
20348,440,35,train
20349,291,148,test
20350,642,366,test
20351,643,218,train
20352,363,677,train
20353,237,199,train
20354,673,354,train
20355,512,32,test
20356,616,615,train
20357,114,302,train
20358,716,632,train
20359,491,399,train
20360,344,551,train
20361,216,448,train
20362,616,353,train
20363,72,483,train
20364,31,529,train
20365,394,550,train
20366,453,378,train
20367,257,528,test
20368,563,470,test
20369,439,174,train
20370,301,58,train
20371,645,393,train
20372,203,116,train
20373,390,270,train
20374,436,54,train
20375,388,594,train
20376,667,290,train
20377,517,760,test
20378,434,423,train
20379,4,682,train
20380,295,598,train
20381,794,324,test
20382,583,325,test
20383,433,428,train
20384,70,109,train
20385,393,454,train
20386,179,358,train
20387,44,138,train
20388,40,133,train
20389,738,492,train
20390,555,212,train
20391,667,192,train
20392,661,632,train
20393,452,289,train
20394,653,512,test
20395,151,367,test
20396,402,432,train
20397,730,202,train
20398,25,40,test
20399,757,407,train
20400,725,47,train
20401,614,771,train
20402,379,698,train
20403,221,646,train
20404,83,724,train
20405,374,593,train
20406,659,208,test
20407,330,318,train
20408,15,205,train
20409,731,188,test
20410,755,43,train
20411,495,674,train
20412,472,444,train
20413,261,799,train
20414,168,372,train
20415,590,577,train
20416,759,414,train
20417,722,475,train
20418,331,94,train
20419,586,146,test
20420,53,527,train
20421,390,705,test
20422,427,132,train
20423,276,196,train
20424,534,644,test
20425,752,669,train
20426,80,36,train
20427,284,650,train
20428,482,488,train
20429,483,330,train
20430,622,138,train
20431,515,120,train
20432,182,79,train
20433,75,585,train
20434,554,136,train
20435,444,400,train
20436,251,740,test
20437,469,503,test
20438,576,227,train
20439,453,708,train
20440,276,208,train
20441,11,384,train
20442,371,614,train
20443,52,303,train
20444,570,311,train
20445,682,567,test
20446,393,723,train
20447,255,408,train
20448,26,753,train
20449,569,327,train
20450,533,517,train
20451,600,464,train
20452,690,92,train
20453,642,175,test
20454,429,387,train
20455,723,263,train
20456,239,752,train
20457,770,501,test
20458,328,475,test
20459,516,596,train
20460,688,446,train
20461,614,450,train
20462,205,162,train
20463,163,552,train
20464,324,430,train
20465,438,563,test
20466,643,311,test
20467,4,498,train
20468,318,335,test
20469,623,750,train
20470,492,639,train
20471,57,100,train
20472,605,231,train
20473,574,460,test
20474,60,584,train
20475,228,759,train
20476,294,318,test
20477,271,720,train
20478,564,377,train
20479,428,494,train
20480,283,63,train
20481,212,116,train
20482,37,298,train
20483,616,645,train
20484,243,31,train
20485,681,629,train
20486,377,408,train
20487,53,459,train
20488,544,84,train
20489,116,105,train
20490,533,137,train
20491,301,501,train
20492,500,31,train
20493,96,710,train
20494,727,714,train
20495,52,298,test
20496,52,485,train
20497,538,164,train
20498,143,739,train
20499,444,80,train
20500,600,25,train
20501,699,754,train
20502,642,414,train
20503,197,67,train
20504,77,617,train
20505,725,167,train
20506,769,496,train
20507,44,245,train
20508,766,552,train
20509,290,499,train
20510,379,794,train
20511,221,564,train
20512,611,148,train
20513,231,386,train
20514,548,211,train
20515,201,416,test
20516,580,769,test
20517,766,156,train
20518,273,514,train
20519,138,193,train
20520,324,45,train
20521,684,424,train
20522,395,526,train
20523,232,168,train
20524,754,515,train
20525,446,530,train
20526,552,348,train
20527,553,317,train
20528,41,24,train
20529,241,377,train
20530,798,378,train
20531,335,300,train
20532,562,587,train
20533,706,431,train
20534,118,37,train
20535,667,718,train
20536,333,404,train
20537,60,250,train
20538,251,775,test
20539,345,690,test
20540,198,480,train
20541,189,79,train
20542,296,354,test
20543,151,474,test
20544,94,547,train
20545,502,327,train
20546,242,500,train
20547,502,415,train
20548,743,551,train
20549,75,686,train
20550,277,674,train
20551,358,163,train
20552,405,514,train
20553,365,515,test
20554,697,372,train
20555,738,60,train
20556,86,73,train
20557,131,509,train
20558,366,83,test
20559,553,651,train
20560,174,594,train
20561,673,614,test
20562,466,680,train
20563,319,762,train
20564,194,30,train
20565,770,696,train
20566,124,398,test
20567,729,382,train
20568,97,789,train
20569,524,309,train
20570,346,133,test
20571,492,491,train
20572,209,739,test
20573,83,91,train
20574,642,689,train
20575,89,536,train
20576,335,235,train
20577,710,739,train
20578,606,761,train
20579,25,625,train
20580,51,607,test
20581,81,521,train
20582,91,142,train
20583,551,539,train
20584,374,189,train
20585,334,38,train
20586,451,388,test
20587,769,6,train
20588,263,86,train
20589,170,690,train
20590,513,757,train
20591,328,271,train
20592,360,404,train
20593,217,376,train
20594,168,22,train
20595,727,131,train
20596,239,585,train
20597,330,168,train
20598,121,285,train
20599,84,194,test
20600,166,138,train
20601,545,208,train
20602,341,10,test
20603,186,145,train
20604,787,758,train
20605,308,305,train
20606,567,399,train
20607,755,466,train
20608,157,308,train
20609,232,37,train
20610,578,389,test
20611,573,108,test
20612,250,88,test
20613,409,337,train
20614,333,743,train
20615,281,107,train
20616,681,395,train
20617,605,382,train
20618,383,362,test
20619,685,609,train
20620,360,160,test
20621,771,241,train
20622,599,779,test
20623,774,763,train
20624,397,124,train
20625,760,776,test
20626,582,310,train
20627,211,441,train
20628,545,133,train
20629,614,173,train
20630,452,633,train
20631,678,141,train
20632,34,507,train
20633,173,715,train
20634,369,195,test
20635,213,228,train
20636,147,667,train
20637,210,224,train
20638,298,673,train
20639,486,471,train
20640,139,205,train
20641,673,742,train
20642,85,329,train
20643,429,315,train
20644,592,9,train
20645,668,615,train
20646,572,208,train
20647,513,709,train
20648,24,537,test
20649,659,138,train
20650,245,583,test
20651,535,209,train
20652,692,47,train
20653,167,795,train
20654,474,712,train
20655,552,734,train
20656,684,480,train
20657,542,657,train
20658,214,53,test
20659,284,10,train
20660,688,575,train
20661,80,773,train
20662,8,104,train
20663,337,332,train
20664,637,698,train
20665,413,748,test
20666,454,329,train
20667,715,680,test
20668,43,745,train
20669,31,446,train
20670,177,751,train
20671,209,439,train
20672,744,634,test
20673,416,794,train
20674,155,128,train
20675,478,293,train
20676,615,465,train
20677,356,44,test
20678,39,120,train
20679,129,278,train
20680,178,522,train
20681,620,772,test
20682,76,626,train
20683,433,744,train
20684,228,368,train
20685,308,41,train
20686,204,528,test
20687,511,452,train
20688,228,784,train
20689,785,18,train
20690,797,297,train
20691,228,100,train
20692,612,757,test
20693,197,654,test
20694,400,483,train
20695,261,227,test
20696,586,650,train
20697,151,709,train
20698,190,650,train
20699,41,181,test
20700,612,288,test
20701,199,531,train
20702,756,165,train
20703,677,153,train
20704,654,4,test
20705,494,477,train
20706,184,418,test
20707,526,775,train
20708,544,754,train
20709,41,572,train
20710,533,130,train
20711,229,256,train
20712,659,651,train
20713,493,506,train
20714,663,180,train
20715,447,216,train
20716,313,724,train
20717,632,324,train
20718,451,632,train
20719,334,413,train
20720,605,758,train
20721,577,635,train
20722,249,172,train
20723,751,539,train
20724,788,281,test
20725,721,401,train
20726,437,787,train
20727,543,768,train
20728,100,225,train
20729,578,283,train
20730,713,735,test
20731,4,789,train
20732,461,420,train
20733,542,449,train
20734,291,270,train
20735,203,47,train
20736,381,270,train
20737,558,448,train
20738,380,523,train
20739,297,350,train
20740,555,126,train
20741,213,758,train
20742,307,465,train
20743,791,503,train
20744,162,293,train
20745,607,780,train
20746,557,225,train
20747,279,122,train
20748,753,305,train
20749,445,289,train
20750,537,323,train
20751,716,91,train
20752,176,170,test
20753,550,351,test
20754,360,384,train
20755,500,81,train
20756,663,58,train
20757,72,751,train
20758,205,547,test
20759,121,167,train
20760,470,310,train
20761,42,569,train
20762,316,320,train
20763,768,722,train
20764,700,218,train
20765,232,789,train
20766,376,36,test
20767,262,746,train
20768,781,756,train
20769,326,588,train
20770,416,89,train
20771,379,376,train
20772,722,590,train
20773,366,758,test
20774,140,467,train
20775,673,683,train
20776,282,474,train
20777,401,151,train
20778,576,193,train
20779,737,197,train
20780,162,719,train
20781,293,73,train
20782,548,700,train
20783,364,167,test
20784,237,93,train
20785,601,713,train
20786,770,107,train
20787,584,128,train
20788,320,238,train
20789,296,93,train
20790,774,710,test
20791,340,417,train
20792,517,298,train
20793,654,713,train
20794,476,353,train
20795,769,71,train
20796,379,799,train
20797,694,133,train
20798,290,324,train
20799,400,458,test
20800,76,350,test
20801,559,729,train
20802,753,329,train
20803,38,200,train
20804,124,509,train
20805,195,54,train
20806,595,548,train
20807,158,306,test
20808,692,401,train
20809,105,497,train
20810,8,26,train
20811,507,29,train
20812,215,598,train
20813,476,327,train
20814,279,18,train
20815,161,738,train
20816,495,87,train
20817,99,319,train
20818,39,251,train
20819,312,151,train
20820,599,483,train
20821,383,305,train
20822,179,597,train
20823,339,616,train
20824,486,279,train
20825,541,526,train
20826,638,550,test
20827,333,85,train
20828,296,289,train
20829,225,303,train
20830,595,60,test
20831,706,356,train
20832,543,113,train
20833,453,677,train
20834,169,710,train
20835,692,664,train
20836,516,148,train
20837,125,182,train
20838,405,161,train
20839,238,208,train
20840,228,215,train
20841,403,163,train
20842,567,634,test
20843,585,315,train
20844,266,371,test
20845,645,528,train
20846,300,389,train
20847,433,401,test
20848,203,735,train
20849,741,281,train
20850,170,169,train
20851,528,118,train
20852,620,263,train
20853,1,215,train
20854,195,166,train
20855,779,484,train
20856,472,176,test
20857,477,351,train
20858,685,295,test
20859,202,430,test
20860,573,457,train
20861,447,41,train
20862,54,690,train
20863,218,703,train
20864,82,385,train
20865,41,417,train
20866,584,718,train
20867,699,482,train
20868,779,652,train
20869,163,776,train
20870,361,325,train
20871,661,486,train
20872,292,410,train
20873,620,298,train
20874,77,472,train
20875,142,533,test
20876,601,525,train
20877,592,186,test
20878,135,304,train
20879,232,350,test
20880,136,281,test
20881,122,337,train
20882,477,527,train
20883,536,588,test
20884,344,221,train
20885,96,402,train
20886,266,692,train
20887,536,523,train
20888,432,408,train
20889,164,55,train
20890,659,743,train
20891,728,492,train
20892,507,470,train
20893,269,393,train
20894,459,478,train
20895,335,237,train
20896,119,444,train
20897,428,342,train
20898,765,306,train
20899,738,617,train
20900,693,594,train
20901,389,714,train
20902,443,735,test
20903,350,270,train
20904,355,521,train
20905,234,656,train
20906,356,370,train
20907,74,25,train
20908,660,786,test
20909,388,39,train
20910,141,335,train
20911,57,379,train
20912,334,421,train
20913,297,268,test
20914,712,695,train
20915,125,303,train
20916,259,201,train
20917,211,538,train
20918,337,405,test
20919,74,424,test
20920,728,242,test
20921,715,688,train
20922,347,298,test
20923,276,29,train
20924,325,202,train
20925,221,245,train
20926,531,478,train
20927,785,97,test
20928,714,530,train
20929,474,657,train
20930,93,596,train
20931,569,342,train
20932,622,604,train
20933,748,32,train
20934,754,129,train
20935,252,704,train
20936,397,537,test
20937,36,589,train
20938,541,703,train
20939,471,600,train
20940,680,382,train
20941,86,492,train
20942,489,264,test
20943,389,263,train
20944,59,150,train
20945,449,93,train
20946,364,151,train
20947,299,163,test
20948,141,31,train
20949,582,641,train
20950,526,51,train
20951,634,503,train
20952,519,490,train
20953,438,488,train
20954,427,530,train
20955,313,603,train
20956,547,537,train
20957,24,123,train
20958,69,4,train
20959,392,50,train
20960,371,426,train
20961,67,516,test
20962,554,439,train
20963,610,637,train
20964,685,724,test
20965,366,509,train
20966,699,732,train
20967,528,235,test
20968,104,457,test
20969,692,684,train
20970,106,627,train
20971,285,392,train
20972,68,235,train
20973,674,331,train
20974,162,511,train
20975,278,795,train
20976,675,218,train
20977,359,272,test
20978,431,537,train
20979,470,363,test
20980,140,27,train
20981,725,529,train
20982,290,544,train
20983,370,121,train
20984,608,350,train
20985,561,186,test
20986,356,620,train
20987,380,64,train
20988,587,660,train
20989,123,453,train
20990,309,35,train
20991,752,533,train
20992,42,673,train
20993,630,70,test
20994,59,595,test
20995,19,295,test
20996,471,455,train
20997,158,660,train
20998,542,597,train
20999,620,594,train
21000,58,47,train
21001,763,354,train
21002,54,267,train
21003,279,526,train
21004,665,717,train
21005,637,665,train
21006,723,115,train
21007,370,280,test
21008,290,751,train
21009,356,512,train
21010,213,58,test
21011,272,444,test
21012,688,751,train
21013,716,538,test
21014,721,455,train
21015,652,193,train
21016,480,649,train
21017,361,235,train
21018,338,241,test
21019,95,21,train
21020,85,160,train
21021,762,150,train
21022,121,698,train
21023,350,233,train
21024,796,768,train
21025,162,439,test
21026,152,763,test
21027,712,468,train
21028,606,91,train
21029,468,139,test
21030,38,469,train
21031,70,281,train
21032,111,342,train
21033,558,531,train
21034,237,563,train
21035,134,635,train
21036,145,795,train
21037,59,252,train
21038,343,733,train
21039,451,786,train
21040,464,390,test
21041,152,216,train
21042,476,447,train
21043,256,259,train
21044,697,146,train
21045,761,18,train
21046,756,437,train
21047,800,26,train
21048,467,789,train
21049,201,637,train
21050,507,488,test
21051,596,152,test
21052,465,506,test
21053,563,180,train
21054,699,788,train
21055,523,132,train
21056,215,752,test
21057,82,533,train
21058,733,696,test
21059,26,437,test
21060,622,390,train
21061,613,596,test
21062,759,591,train
21063,388,3,test
21064,544,496,train
21065,620,329,train
21066,716,244,train
21067,346,115,test
21068,179,191,train
21069,108,367,test
21070,661,558,test
21071,275,332,train
21072,422,795,train
21073,635,703,test
21074,498,290,train
21075,421,754,train
21076,121,166,train
21077,576,595,train
21078,414,198,train
21079,760,734,test
21080,559,411,train
21081,83,754,train
21082,668,387,train
21083,309,729,test
21084,21,650,train
21085,709,116,train
21086,718,488,train
21087,739,569,test
21088,289,729,train
21089,590,11,train
21090,218,539,train
21091,5,598,train
21092,495,75,test
21093,238,709,test
21094,361,383,train
21095,395,219,test
21096,287,554,train
21097,270,20,train
21098,402,321,test
21099,704,290,test
21100,540,599,train
21101,740,724,train
21102,140,745,train
21103,8,424,train
21104,752,385,train
21105,698,628,train
21106,784,584,train
21107,181,170,train
21108,31,350,train
21109,681,397,train
21110,677,667,test
21111,51,230,test
21112,210,787,train
21113,444,335,train
21114,129,273,train
21115,197,678,train
21116,648,600,train
21117,534,427,train
21118,529,74,train
21119,693,474,train
21120,299,644,train
21121,720,578,train
21122,250,675,train
21123,120,462,train
21124,608,535,train
21125,480,94,train
21126,779,179,train
21127,189,679,train
21128,225,174,train
21129,400,87,test
21130,130,545,train
21131,327,91,train
21132,653,204,test
21133,309,491,train
21134,502,38,train
21135,565,153,train
21136,137,63,train
21137,369,641,train
21138,487,313,train
21139,691,396,train
21140,639,555,test
21141,484,9,test
21142,321,558,train
21143,356,725,train
21144,689,555,test
21145,60,438,test
21146,60,626,train
21147,611,268,train
21148,120,438,train
21149,741,607,test
21150,208,615,train
21151,89,623,train
21152,487,331,train
21153,157,331,train
21154,203,254,test
21155,474,716,train
21156,675,770,train
21157,727,265,train
21158,333,637,train
21159,210,43,train
21160,333,119,test
21161,727,453,train
21162,475,239,train
21163,228,29,test
21164,747,243,train
21165,14,175,train
21166,390,58,test
21167,586,516,test
21168,353,605,train
21169,168,147,train
21170,289,747,train
21171,661,21,train
21172,76,426,train
21173,646,137,test
21174,377,48,train
21175,710,680,train
21176,665,318,train
21177,588,553,train
21178,726,410,train
21179,430,231,test
21180,198,698,train
21181,150,712,train
21182,462,770,train
21183,445,716,train
21184,47,494,test
21185,653,630,train
21186,239,559,test
21187,731,344,train
21188,407,271,train
21189,792,672,test
21190,82,483,train
21191,157,675,test
21192,733,148,train
21193,195,121,train
21194,146,468,train
21195,690,458,train
21196,381,605,train
21197,515,286,train
21198,376,721,train
21199,141,421,train
21200,365,65,train
21201,447,399,train
21202,60,647,train
21203,319,648,train
21204,673,473,train
21205,483,458,train
21206,186,481,train
21207,534,756,train
21208,794,310,train
21209,638,460,train
21210,694,486,train
21211,414,321,train
21212,695,511,train
21213,431,248,train
21214,613,567,train
21215,62,632,train
21216,389,460,test
21217,408,253,test
21218,665,537,train
21219,134,730,train
21220,576,471,train
21221,433,622,train
21222,35,192,test
21223,677,241,train
21224,770,627,train
21225,510,727,train
21226,103,570,train
21227,292,542,train
21228,684,661,train
21229,768,756,train
21230,485,527,train
21231,59,424,train
21232,484,56,train
21233,681,450,train
21234,306,400,train
21235,160,152,train
21236,597,477,train
21237,696,617,train
21238,775,304,train
21239,554,435,train
21240,519,297,test
21241,222,693,train
21242,3,545,train
21243,379,570,train
21244,225,510,train
21245,277,504,train
21246,494,119,train
21247,260,639,train
21248,264,23,train
21249,16,785,train
21250,506,754,test
21251,196,34,train
21252,799,60,train
21253,82,487,train
21254,611,194,train
21255,242,371,train
21256,169,175,train
21257,229,173,train
21258,23,704,train
21259,581,58,train
21260,88,315,test
21261,357,737,train
21262,599,92,test
21263,736,798,train
21264,611,531,train
21265,107,484,train
21266,491,532,test
21267,657,200,train
21268,261,546,test
21269,506,746,train
21270,686,796,train
21271,314,435,train
21272,147,741,train
21273,245,743,train
21274,153,157,train
21275,684,425,test
21276,61,136,test
21277,53,716,test
21278,753,538,train
21279,332,324,train
21280,203,252,train
21281,456,150,train
21282,550,415,train
21283,28,670,test
21284,261,670,train
21285,589,330,train
21286,327,105,train
21287,346,409,train
21288,710,219,train
21289,451,756,train
21290,19,222,train
21291,152,141,test
21292,408,75,train
21293,142,300,test
21294,311,570,train
21295,680,611,train
21296,482,461,test
21297,77,705,test
21298,65,201,test
21299,598,454,test
21300,139,248,train
21301,560,240,train
21302,109,513,train
21303,220,258,test
21304,508,54,train
21305,717,568,train
21306,441,565,train
21307,149,677,train
21308,463,405,train
21309,711,422,train
21310,74,611,train
21311,172,376,train
21312,80,336,train
21313,45,120,train
21314,619,105,train
21315,177,738,train
21316,659,394,train
21317,22,366,train
21318,286,653,train
21319,229,476,train
21320,286,92,test
21321,486,614,train
21322,587,285,train
21323,328,488,train
21324,674,504,train
21325,334,232,train
21326,632,358,train
21327,409,490,test
21328,563,692,train
21329,187,288,train
21330,527,294,train
21331,110,738,train
21332,152,420,train
21333,785,64,train
21334,427,153,train
21335,623,490,test
21336,56,632,train
21337,330,153,test
21338,583,2,test
21339,321,67,train
21340,328,103,test
21341,89,616,train
21342,768,692,train
21343,720,184,test
21344,500,763,train
21345,323,362,train
21346,671,88,train
21347,237,255,train
21348,179,792,train
21349,353,405,train
21350,702,389,train
21351,340,102,test
21352,468,406,train
21353,649,528,train
21354,148,675,test
21355,734,109,train
21356,197,694,train
21357,683,393,train
21358,412,203,train
21359,189,140,train
21360,344,382,train
21361,153,428,train
21362,296,299,train
21363,600,171,train
21364,499,579,train
21365,350,26,test
21366,324,636,test
21367,255,708,train
21368,55,720,train
21369,361,631,train
21370,786,508,train
21371,742,408,train
21372,368,664,train
21373,123,512,train
21374,731,591,train
21375,759,157,train
21376,770,121,train
21377,260,425,train
21378,30,103,train
21379,276,733,test
21380,392,165,train
21381,665,143,test
21382,393,106,train
21383,708,330,test
21384,728,662,test
21385,772,109,train
21386,354,59,test
21387,678,11,test
21388,355,707,train
21389,333,529,test
21390,604,535,train
21391,722,264,train
21392,543,269,train
21393,751,386,train
21394,553,714,train
21395,156,661,train
21396,605,140,train
21397,432,32,train
21398,73,265,test
21399,247,662,test
21400,459,329,train
21401,55,170,train
21402,15,248,test
21403,583,6,test
21404,679,674,train
21405,202,52,test
21406,714,685,train
21407,412,138,train
21408,418,778,train
21409,565,70,test
21410,156,169,test
21411,654,678,train
21412,502,204,train
21413,486,49,test
21414,675,203,train
21415,248,194,train
21416,364,382,train
21417,335,584,train
21418,529,630,test
21419,437,766,train
21420,244,489,train
21421,309,325,train
21422,274,286,train
21423,330,590,train
21424,580,447,test
21425,172,441,test
21426,775,65,train
21427,317,25,train
21428,11,243,train
21429,602,739,train
21430,645,307,test
21431,490,196,test
21432,632,539,train
21433,247,438,train
21434,247,792,test
21435,237,602,test
21436,316,711,train
21437,563,304,train
21438,404,747,train
21439,87,202,train
21440,665,114,train
21441,511,338,train
21442,219,551,train
21443,435,227,train
21444,245,318,train
21445,710,575,train
21446,226,616,train
21447,462,376,test
21448,743,452,test
21449,517,475,test
21450,420,510,train
21451,613,467,train
21452,297,756,train
21453,222,473,train
21454,695,229,train
21455,634,353,train
21456,511,218,train
21457,678,20,train
21458,274,626,train
21459,166,432,train
21460,778,286,train
21461,148,723,test
21462,761,800,train
21463,463,354,train
21464,159,28,train
21465,373,298,train
21466,356,323,test
21467,62,538,train
21468,312,48,train
21469,727,623,train
21470,53,797,train
21471,643,661,train
21472,541,182,train
21473,734,372,train
21474,590,355,train
21475,299,265,train
21476,321,143,train
21477,581,704,train
21478,17,430,train
21479,749,135,test
21480,197,604,train
21481,632,615,train
21482,207,774,train
21483,234,677,test
21484,495,139,test
21485,257,412,train
21486,436,748,train
21487,558,610,test
21488,775,340,train
21489,173,386,train
21490,720,512,train
21491,536,541,train
21492,799,272,train
21493,664,716,train
21494,138,729,test
21495,404,669,train
21496,105,332,train
21497,25,558,train
21498,417,723,train
21499,262,196,test
21500,444,478,train
21501,344,630,train
21502,279,290,test
21503,378,640,train
21504,547,84,train
21505,318,360,train
21506,62,374,train
21507,633,332,test
21508,584,351,train
21509,100,147,test
21510,503,177,train
21511,310,717,train
21512,156,368,train
21513,363,703,test
21514,778,290,train
21515,783,332,train
21516,616,136,train
21517,527,736,train
21518,190,79,train
21519,101,235,train
21520,173,162,train
21521,449,389,train
21522,703,320,train
21523,724,125,train
21524,34,527,train
21525,39,333,test
21526,599,549,train
21527,731,332,train
21528,220,19,test
21529,27,298,train
21530,501,358,test
21531,297,328,train
21532,224,173,train
21533,147,294,test
21534,137,558,test
21535,182,499,test
21536,540,213,train
21537,644,61,train
21538,523,592,train
21539,427,165,test
21540,606,680,train
21541,177,380,train
21542,116,161,test
21543,616,198,train
21544,434,18,train
21545,43,137,train
21546,481,697,train
21547,645,676,train
21548,175,293,train
21549,44,511,train
21550,502,300,train
21551,592,4,train
21552,356,59,test
21553,80,769,train
21554,708,450,train
21555,766,539,train
21556,587,621,train
21557,772,553,train
21558,649,519,test
21559,446,520,train
21560,129,726,test
21561,546,752,train
21562,213,764,train
21563,702,181,train
21564,174,580,train
21565,376,292,test
21566,147,571,test
21567,530,194,test
21568,187,241,test
21569,550,223,test
21570,310,574,train
21571,663,250,train
21572,36,629,train
21573,197,191,train
21574,499,194,train
21575,269,632,train
21576,56,364,train
21577,119,104,train
21578,75,798,test
21579,695,429,train
21580,796,63,train
21581,415,332,train
21582,735,270,train
21583,560,324,train
21584,677,426,train
21585,675,163,test
21586,333,774,train
21587,292,79,train
21588,62,712,train
21589,336,435,test
21590,83,491,train
21591,570,252,train
21592,234,228,test
21593,214,586,train
21594,433,771,train
21595,415,162,train
21596,77,688,train
21597,578,678,train
21598,207,292,train
21599,751,271,train
21600,88,256,train
21601,467,727,train
21602,204,726,train
21603,572,739,test
21604,509,68,train
21605,425,82,train
21606,259,28,test
21607,724,735,train
21608,87,746,train
21609,124,595,train
21610,767,681,train
21611,527,196,test
21612,394,38,train
21613,778,557,train
21614,304,374,train
21615,386,60,train
21616,444,275,test
21617,710,497,train
21618,753,793,train
21619,331,469,train
21620,432,150,train
21621,490,698,train
21622,140,443,train
21623,25,48,train
21624,20,532,train
21625,124,527,train
21626,44,311,train
21627,342,192,train
21628,651,588,train
21629,120,368,train
21630,114,103,train
21631,500,742,test
21632,9,177,train
21633,189,668,train
21634,590,227,train
21635,36,346,train
21636,21,135,test
21637,363,625,train
21638,741,311,train
21639,97,672,train
21640,555,210,test
21641,256,103,train
21642,50,408,train
21643,71,39,train
21644,292,277,train
21645,705,375,train
21646,260,670,train
21647,288,6,train
21648,156,725,train
21649,651,766,test
21650,360,696,train
21651,595,233,train
21652,694,427,train
21653,439,510,train
21654,4,226,train
21655,624,748,train
21656,7,80,test
21657,126,31,train
21658,191,685,test
21659,431,288,train
21660,511,326,test
21661,446,680,train
21662,588,95,test
21663,493,323,train
21664,133,461,train
21665,299,73,test
21666,176,554,train
21667,256,291,train
21668,695,172,train
21669,435,420,train
21670,154,95,train
21671,277,749,train
21672,150,251,train
21673,366,686,train
21674,117,788,train
21675,637,364,train
21676,174,661,test
21677,425,276,train
21678,758,245,train
21679,710,435,train
21680,475,370,train
21681,161,589,train
21682,343,354,train
21683,177,128,train
21684,478,61,train
21685,709,526,train
21686,644,350,train
21687,525,662,test
21688,299,790,train
21689,5,278,test
21690,761,627,train
21691,221,173,test
21692,625,461,train
21693,569,309,test
21694,366,530,train
21695,572,395,test
21696,361,790,train
21697,798,373,train
21698,468,195,train
21699,346,265,test
21700,385,493,train
21701,485,441,train
21702,546,531,train
21703,401,275,train
21704,736,223,train
21705,189,451,train
21706,758,527,train
21707,273,501,train
21708,1,714,test
21709,683,189,train
21710,191,539,train
21711,713,750,train
21712,623,284,train
21713,344,264,test
21714,307,320,test
21715,474,483,train
21716,581,603,train
21717,470,292,train
21718,591,149,train
21719,391,394,test
21720,579,689,train
21721,493,699,train
21722,771,723,train
21723,693,387,test
21724,732,750,test
21725,417,377,train
21726,540,702,train
21727,766,353,train
21728,692,738,train
21729,154,408,train
21730,245,231,train
21731,189,307,train
21732,429,244,train
21733,469,622,train
21734,208,145,test
21735,201,619,train
21736,567,395,test
21737,542,679,train
21738,166,237,train
21739,732,502,test
21740,732,27,test
21741,395,439,train
21742,674,41,train
21743,317,216,test
21744,582,289,train
21745,221,448,train
21746,308,110,train
21747,356,574,train
21748,101,675,train
21749,528,86,train
21750,434,10,train
21751,369,312,train
21752,573,228,train
21753,305,638,test
21754,85,339,train
21755,665,217,train
21756,465,1,train
21757,143,18,test
21758,303,436,train
21759,785,380,train
21760,732,599,test
21761,352,597,train
21762,526,676,train
21763,572,769,train
21764,87,601,train
21765,709,215,test
21766,357,748,train
21767,404,516,train
21768,139,688,train
21769,330,592,train
21770,568,432,train
21771,201,476,train
21772,311,735,train
21773,518,178,train
21774,513,141,train
21775,246,506,train
21776,45,524,train
21777,309,83,train
21778,210,750,train
21779,590,302,train
21780,382,588,train
21781,379,127,test
21782,305,246,train
21783,462,779,train
21784,243,51,train
21785,131,568,train
21786,384,719,train
21787,123,30,train
21788,8,728,test
21789,326,669,train
21790,775,113,train
21791,446,471,train
21792,470,527,train
21793,377,430,train
21794,764,217,train
21795,549,564,train
21796,129,321,train
21797,349,752,train
21798,213,5,test
21799,512,187,train
21800,786,335,test
21801,68,563,test
21802,191,539,train
21803,459,687,train
21804,134,70,train
21805,262,714,train
21806,331,85,train
21807,689,432,train
21808,357,590,train
21809,213,168,test
21810,360,560,train
21811,762,20,train
21812,212,363,train
21813,309,498,train
21814,38,566,train
21815,32,263,test
21816,503,651,train
21817,267,780,test
21818,177,134,train
21819,257,779,test
21820,692,393,test
21821,84,714,train
21822,224,21,train
21823,230,161,train
21824,208,310,train
21825,212,270,train
21826,153,58,train
21827,763,514,train
21828,724,401,train
21829,636,607,test
21830,224,467,train
21831,6,722,train
21832,212,792,train
21833,656,469,test
21834,666,526,train
21835,162,55,train
21836,263,463,train
21837,570,459,train
21838,104,592,train
21839,54,186,train
21840,516,309,train
21841,685,627,train
21842,341,633,train
21843,151,105,test
21844,385,200,train
21845,74,350,train
21846,648,570,test
21847,285,786,train
21848,477,195,train
21849,237,767,train
21850,278,264,test
21851,781,500,train
21852,264,596,train
21853,107,500,train
21854,119,158,train
21855,338,92,train
21856,738,651,train
21857,539,185,train
21858,788,645,train
21859,428,640,test
21860,309,429,train
21861,334,693,test
21862,65,293,train
21863,443,121,train
21864,169,691,train
21865,289,543,train
21866,572,93,test
21867,646,761,train
21868,539,365,train
21869,559,337,train
21870,353,389,train
21871,443,210,test
21872,4,634,train
21873,296,126,test
21874,272,411,train
21875,135,778,train
21876,250,430,train
21877,600,734,train
21878,624,8,train
21879,678,586,train
21880,214,473,train
21881,199,377,train
21882,91,360,train
21883,656,708,train
21884,579,193,train
21885,301,262,train
21886,460,656,train
21887,310,623,train
21888,312,739,test
21889,639,396,train
21890,297,129,train
21891,678,210,test
21892,685,416,train
21893,561,172,train
21894,26,107,train
21895,207,694,train
21896,69,554,train
21897,622,184,train
21898,234,600,train
21899,785,8,train
21900,498,489,train
21901,43,396,train
21902,769,520,train
21903,369,218,train
21904,639,104,test
21905,231,39,train
21906,511,23,train
21907,500,558,train
21908,608,115,test
21909,705,699,train
21910,610,540,train
21911,116,775,test
21912,492,708,test
21913,626,127,train
21914,738,573,train
21915,636,412,train
21916,363,70,train
21917,423,697,train
21918,50,259,train
21919,537,332,train
21920,85,446,train
21921,790,310,test
21922,493,568,train
21923,442,477,test
21924,796,713,test
21925,108,246,test
21926,50,549,test
21927,226,385,train
21928,344,96,train
21929,314,778,train
21930,61,245,test
21931,363,260,train
21932,208,504,train
21933,657,56,train
21934,268,440,test
21935,75,760,train
21936,732,317,train
21937,187,642,test
21938,508,293,train
21939,643,732,train
21940,569,615,train
21941,149,764,train
21942,254,323,test
21943,370,675,train
21944,697,124,test
21945,320,510,test
21946,649,313,train
21947,273,23,train
21948,718,423,train
21949,686,217,train
21950,182,433,train
21951,393,118,train
21952,447,214,train
21953,743,130,train
21954,447,172,test
21955,343,193,test
21956,301,423,train
21957,179,155,train
21958,422,109,train
21959,796,113,test
21960,553,232,test
21961,124,26,test
21962,177,793,test
21963,718,429,train
21964,746,245,train
21965,247,558,train
21966,702,491,train
21967,74,346,train
21968,781,198,train
21969,345,436,train
21970,270,451,train
21971,495,89,train
21972,197,572,train
21973,240,541,train
21974,592,393,train
21975,411,152,train
21976,410,779,train
21977,527,745,test
21978,372,583,train
21979,608,512,train
21980,123,752,test
21981,719,73,train
21982,328,71,test
21983,244,123,train
21984,399,354,train
21985,593,559,train
21986,491,471,test
21987,528,454,train
21988,657,478,train
21989,374,701,train
21990,86,608,test
21991,405,416,train
21992,87,509,train
21993,444,109,train
21994,445,690,train
21995,282,3,train
21996,488,22,test
21997,505,283,train
21998,13,205,test
21999,710,533,test
22000,280,423,train
22001,673,651,train
22002,508,528,test
22003,606,253,train
22004,380,715,train
22005,450,721,train
22006,682,518,train
22007,457,800,train
22008,407,153,train
22009,437,477,test
22010,709,781,train
22011,207,95,test
22012,176,15,train
22013,1,162,train
22014,164,552,train
22015,231,609,train
22016,459,310,train
22017,105,366,train
22018,642,399,train
22019,624,13,train
22020,550,116,train
22021,159,275,train
22022,457,362,train
22023,91,80,train
22024,439,422,test
22025,439,217,train
22026,739,681,train
22027,512,517,train
22028,80,363,train
22029,88,122,test
22030,723,615,train
22031,216,734,train
22032,199,650,train
22033,360,426,train
22034,7,614,test
22035,460,658,train
22036,476,208,train
22037,355,588,test
22038,404,391,train
22039,554,557,train
22040,402,16,test
22041,309,288,train
22042,467,521,train
22043,707,211,train
22044,160,641,train
22045,548,579,train
22046,428,293,train
22047,331,99,train
22048,590,93,train
22049,715,121,train
22050,157,478,train
22051,120,136,train
22052,441,113,test
22053,275,486,test
22054,360,558,test
22055,724,85,train
22056,739,149,test
22057,75,771,test
22058,376,663,train
22059,208,289,train
22060,522,129,train
22061,52,612,test
22062,787,37,train
22063,242,653,train
22064,63,800,train
22065,135,157,train
22066,446,138,train
22067,696,151,train
22068,166,588,train
22069,680,36,train
22070,325,738,train
22071,741,544,train
22072,687,91,train
22073,791,22,test
22074,311,314,train
22075,537,418,train
22076,679,614,train
22077,527,357,train
22078,637,546,train
22079,235,713,train
22080,272,765,train
22081,628,383,train
22082,571,324,train
22083,537,443,train
22084,516,418,train
22085,405,507,train
22086,477,367,train
22087,344,348,test
22088,64,81,train
22089,623,51,train
22090,34,64,train
22091,602,355,train
22092,235,308,test
22093,591,738,test
22094,719,581,train
22095,606,4,train
22096,301,632,train
22097,512,729,train
22098,213,540,train
22099,549,776,train
22100,471,256,test
22101,694,778,test
22102,260,71,train
22103,392,149,train
22104,480,61,train
22105,665,485,train
22106,95,331,train
22107,278,161,train
22108,621,671,train
22109,662,390,test
22110,38,524,test
22111,712,235,train
22112,232,764,train
22113,140,428,train
22114,789,592,test
22115,242,125,train
22116,385,691,train
22117,259,527,train
22118,483,493,test
22119,550,482,train
22120,487,780,train
22121,593,716,train
22122,365,338,train
22123,695,622,train
22124,564,350,train
22125,518,693,test
22126,377,396,train
22127,133,415,train
22128,555,656,train
22129,716,257,train
22130,794,456,train
22131,104,165,train
22132,426,515,train
22133,614,242,train
22134,2,398,train
22135,67,235,train
22136,783,392,train
22137,395,301,train
22138,262,426,train
22139,617,663,train
22140,517,327,train
22141,612,301,train
22142,760,662,test
22143,232,525,train
22144,16,702,train
22145,415,274,train
22146,532,743,train
22147,697,386,test
22148,745,36,train
22149,38,483,train
22150,629,457,train
22151,142,750,train
22152,285,647,train
22153,320,721,train
22154,796,753,train
22155,607,173,test
22156,380,309,test
22157,646,387,train
22158,131,404,train
22159,607,761,test
22160,314,175,train
22161,331,206,train
22162,111,646,test
22163,598,377,train
22164,211,210,train
22165,731,194,train
22166,130,265,train
22167,110,768,train
22168,527,168,test
22169,522,111,train
22170,640,233,train
22171,561,550,train
22172,471,765,train
22173,149,221,train
22174,653,215,train
22175,11,385,train
22176,101,366,train
22177,86,225,train
22178,704,609,train
22179,775,469,train
22180,635,64,train
22181,40,364,train
22182,85,179,test
22183,651,411,train
22184,187,222,train
22185,161,786,train
22186,656,123,train
22187,20,93,test
22188,544,265,test
22189,465,224,train
22190,289,242,train
22191,455,174,train
22192,792,161,train
22193,435,543,train
22194,741,129,train
22195,515,727,train
22196,411,129,test
22197,617,378,train
22198,260,679,train
22199,438,47,train
22200,482,544,train
22201,623,684,train
22202,405,687,test
22203,50,717,test
22204,439,127,train
22205,153,623,train
22206,598,48,train
22207,579,128,train
22208,123,565,train
22209,474,609,train
22210,326,451,train
22211,645,438,train
22212,61,713,train
22213,304,235,train
22214,205,288,train
22215,490,528,train
22216,368,651,train
22217,418,661,train
22218,677,330,train
22219,608,605,train
22220,768,733,train
22221,660,106,train
22222,85,244,train
22223,427,444,train
22224,736,478,test
22225,351,259,test
22226,792,222,test
22227,736,100,train
22228,752,715,train
22229,579,578,train
22230,277,362,test
22231,681,449,train
22232,647,212,train
22233,617,385,train
22234,717,209,train
22235,493,88,train
22236,387,702,train
22237,284,686,train
22238,250,701,test
22239,360,747,test
22240,709,194,train
22241,255,571,train
22242,188,377,train
22243,615,783,train
22244,300,244,train
22245,781,522,train
22246,330,17,test
22247,194,380,train
22248,560,45,train
22249,154,160,train
22250,218,296,test
22251,191,543,train
22252,646,7,train
22253,384,406,train
22254,102,114,train
22255,293,198,train
22256,796,337,train
22257,82,629,train
22258,434,132,train
22259,30,501,train
22260,476,568,train
22261,497,368,train
22262,595,529,train
22263,497,598,train
22264,496,160,train
22265,264,172,train
22266,392,56,test
22267,783,624,train
22268,569,26,test
22269,619,561,train
22270,135,759,train
22271,510,474,train
22272,786,483,train
22273,605,686,train
22274,418,524,train
22275,395,523,train
22276,559,565,train
22277,505,726,test
22278,207,500,train
22279,2,289,train
22280,489,326,test
22281,788,641,train
22282,391,226,train
22283,104,333,train
22284,22,691,train
22285,456,664,train
22286,50,768,train
22287,590,794,train
22288,521,179,train
22289,228,502,train
22290,199,58,train
22291,678,161,train
22292,345,610,train
22293,136,646,train
22294,638,545,train
22295,643,558,train
22296,599,86,train
22297,132,105,test
22298,693,401,train
22299,154,630,train
22300,754,723,train
22301,51,591,train
22302,384,44,train
22303,591,423,train
22304,226,502,train
22305,722,646,train
22306,416,26,train
22307,285,770,train
22308,540,16,train
22309,95,425,test
22310,384,737,train
22311,81,189,train
22312,348,800,train
22313,489,372,train
22314,506,74,train
22315,691,7,train
22316,154,349,train
22317,102,149,test
22318,352,486,train
22319,204,406,test
22320,432,248,train
22321,11,180,train
22322,458,706,test
22323,720,567,test
22324,399,151,test
22325,163,142,train
22326,630,354,test
22327,691,512,train
22328,792,48,train
22329,72,469,train
22330,418,40,train
22331,606,180,test
22332,448,297,train
22333,471,518,test
22334,472,182,train
22335,498,133,train
22336,52,787,test
22337,699,34,test
22338,60,738,train
22339,79,424,train
22340,571,254,train
22341,137,435,train
22342,348,580,test
22343,490,170,train
22344,73,671,train
22345,138,16,train
22346,606,406,train
22347,764,589,train
22348,228,161,train
22349,773,218,train
22350,335,222,train
22351,93,695,test
22352,9,230,train
22353,125,379,train
22354,1,513,train
22355,201,328,train
22356,112,406,train
22357,391,767,train
22358,58,294,train
22359,321,25,train
22360,103,665,train
22361,293,695,test
22362,314,565,train
22363,756,442,test
22364,329,137,train
22365,739,536,train
22366,572,387,train
22367,633,65,train
22368,110,9,train
22369,542,234,train
22370,408,126,train
22371,115,97,train
22372,716,83,train
22373,4,344,train
22374,311,498,test
22375,103,531,train
22376,23,651,train
22377,191,616,train
22378,126,384,train
22379,577,409,train
22380,113,642,train
22381,594,243,test
22382,504,297,train
22383,568,708,train
22384,346,323,train
22385,213,486,train
22386,92,799,train
22387,641,96,train
22388,82,647,train
22389,407,607,train
22390,650,576,train
22391,488,441,test
22392,425,110,train
22393,504,514,train
22394,792,400,train
22395,213,518,test
22396,614,269,train
22397,653,722,train
22398,498,368,train
22399,609,405,train
22400,565,94,train
22401,286,549,train
22402,282,299,train
22403,596,515,train
22404,689,505,test
22405,610,688,train
22406,403,185,train
22407,415,581,train
22408,490,471,train
22409,62,514,train
22410,682,668,train
22411,349,464,train
22412,654,154,train
22413,769,296,test
22414,20,493,train
22415,142,781,train
22416,486,674,train
22417,223,714,train
22418,496,720,train
22419,463,529,train
22420,775,249,train
22421,601,667,train
22422,83,623,train
22423,293,545,train
22424,287,791,train
22425,85,420,test
22426,482,354,train
22427,449,626,train
22428,272,277,train
22429,714,271,train
22430,178,760,train
22431,503,569,train
22432,470,608,train
22433,136,235,train
22434,775,667,train
22435,70,381,train
22436,194,724,train
22437,197,342,train
22438,459,146,train
22439,379,345,train
22440,428,785,train
22441,705,751,test
22442,59,397,train
22443,766,628,train
22444,385,238,train
22445,647,494,train
22446,747,732,train
22447,209,303,train
22448,730,554,test
22449,438,447,train
22450,202,765,train
22451,516,352,train
22452,700,200,train
22453,513,776,train
22454,140,258,train
22455,796,634,test
22456,160,131,train
22457,574,675,train
22458,665,497,train
22459,541,352,train
22460,779,418,test
22461,679,401,train
22462,75,25,test
22463,611,778,train
22464,184,709,train
22465,103,768,train
22466,490,681,test
22467,117,280,test
22468,783,764,train
22469,469,293,train
22470,683,772,test
22471,446,478,train
22472,263,387,train
22473,699,225,train
22474,364,750,test
22475,67,780,test
22476,751,222,train
22477,219,202,train
22478,112,797,train
22479,146,525,train
22480,51,16,train
22481,391,86,test
22482,28,653,test
22483,664,256,train
22484,233,121,train
22485,737,177,train
22486,334,404,train
22487,609,754,train
22488,641,667,train
22489,658,459,train
22490,150,332,train
22491,21,440,test
22492,361,67,train
22493,381,587,train
22494,645,172,train
22495,341,620,test
22496,622,55,train
22497,77,462,train
22498,511,684,train
22499,230,726,test
22500,383,185,train
22501,104,335,test
22502,404,341,train
22503,55,353,train
22504,544,780,train
22505,650,612,train
22506,363,226,train
22507,282,531,test
22508,699,447,train
22509,512,7,train
22510,257,255,test
22511,395,656,train
22512,486,204,train
22513,483,11,train
22514,272,173,train
22515,389,536,train
22516,553,468,train
22517,480,125,train
22518,127,661,train
22519,696,481,train
22520,505,96,train
22521,474,429,test
22522,113,43,train
22523,536,585,train
22524,310,70,train
22525,38,485,train
22526,792,223,test
22527,404,346,test
22528,35,456,train
22529,433,368,train
22530,21,26,train
22531,81,520,train
22532,154,59,test
22533,487,631,test
22534,151,652,train
22535,68,674,test
22536,678,672,test
22537,11,436,train
22538,770,642,train
22539,15,548,train
22540,191,97,test
22541,435,405,train
22542,380,332,train
22543,166,468,train
22544,426,311,train
22545,118,563,train
22546,552,147,train
22547,37,534,test
22548,300,669,train
22549,776,525,train
22550,45,456,train
22551,499,732,train
22552,305,452,test
22553,441,368,train
22554,315,651,train
22555,200,505,train
22556,695,603,test
22557,700,302,train
22558,108,123,train
22559,488,18,train
22560,794,778,train
22561,771,431,train
22562,369,670,train
22563,453,253,test
22564,557,570,train
22565,490,628,train
22566,625,464,train
22567,122,392,train
22568,669,528,train
22569,129,593,train
22570,25,435,train
22571,356,422,train
22572,37,64,train
22573,577,434,train
22574,368,230,train
22575,19,522,train
22576,760,793,train
22577,114,452,train
22578,520,458,test
22579,344,140,train
22580,305,426,train
22581,492,216,train
22582,498,142,train
22583,60,271,train
22584,205,309,train
22585,446,379,test
22586,4,143,train
22587,72,161,test
22588,164,113,train
22589,295,579,train
22590,374,502,train
22591,397,709,train
22592,741,88,train
22593,447,222,train
22594,189,29,train
22595,67,489,train
22596,402,431,train
22597,642,306,train
22598,722,599,train
22599,633,776,test
22600,718,38,test
22601,384,784,train
22602,474,626,train
22603,134,724,train
22604,638,30,train
22605,47,336,train
22606,226,150,train
22607,59,13,train
22608,629,498,train
22609,243,109,train
22610,248,752,train
22611,736,442,test
22612,580,624,train
22613,176,99,test
22614,340,667,test
22615,117,264,train
22616,151,26,train
22617,331,667,train
22618,50,645,train
22619,298,640,test
22620,365,665,train
22621,715,140,train
22622,170,752,train
22623,111,433,test
22624,347,254,train
22625,779,290,train
22626,697,431,train
22627,200,222,train
22628,396,472,train
22629,386,632,train
22630,544,632,train
22631,469,286,train
22632,434,670,train
22633,404,293,train
22634,27,41,test
22635,49,15,train
22636,685,759,test
22637,319,792,train
22638,536,246,train
22639,132,279,train
22640,760,391,train
22641,286,156,train
22642,683,344,train
22643,519,335,test
22644,372,386,train
22645,482,116,test
22646,612,389,test
22647,679,399,train
22648,228,417,train
22649,121,288,train
22650,310,361,train
22651,206,424,train
22652,323,1,train
22653,188,440,test
22654,507,142,train
22655,502,605,test
22656,656,374,train
22657,631,751,train
22658,150,559,train
22659,551,146,train
22660,616,18,train
22661,536,154,train
22662,13,799,test
22663,779,502,train
22664,786,57,train
22665,246,245,test
22666,659,522,train
22667,362,697,train
22668,550,112,train
22669,566,171,train
22670,648,605,test
22671,246,788,test
22672,695,631,train
22673,575,760,train
22674,180,680,train
22675,335,534,train
22676,364,800,test
22677,73,579,test
22678,465,450,train
22679,662,648,train
22680,166,723,train
22681,171,213,test
22682,472,463,train
22683,616,679,train
22684,636,477,train
22685,653,562,train
22686,7,10,test
22687,288,149,train
22688,9,592,train
22689,697,26,test
22690,525,490,train
22691,420,715,train
22692,285,615,test
22693,477,597,train
22694,76,744,test
22695,303,434,train
22696,409,676,train
22697,590,726,train
22698,263,545,test
22699,370,394,train
22700,260,370,train
22701,533,18,train
22702,142,312,test
22703,751,783,train
22704,155,43,train
22705,469,125,train
22706,669,559,train
22707,662,455,train
22708,234,659,train
22709,217,596,train
22710,228,426,test
22711,155,414,train
22712,713,592,train
22713,692,165,test
22714,610,737,train
22715,119,281,train
22716,108,181,test
22717,277,502,train
22718,668,561,train
22719,323,233,test
22720,468,59,train
22721,361,463,test
22722,573,434,train
22723,424,641,train
22724,717,161,train
22725,278,559,train
22726,203,769,train
22727,738,97,test
22728,409,728,train
22729,617,363,train
22730,522,433,train
22731,207,762,test
22732,616,662,train
22733,354,564,test
22734,269,623,train
22735,448,336,train
22736,705,199,train
22737,795,460,train
22738,311,599,train
22739,208,104,test
22740,410,227,train
22741,281,424,train
22742,701,397,train
22743,451,454,train
22744,290,412,train
22745,568,750,train
22746,681,594,test
22747,472,273,train
22748,207,392,train
22749,182,45,train
22750,246,320,train
22751,324,82,train
22752,550,343,train
22753,430,545,test
22754,607,561,train
22755,688,723,test
22756,203,617,train
22757,473,270,train
22758,143,254,train
22759,510,64,train
22760,132,171,test
22761,433,68,train
22762,175,674,train
22763,25,383,train
22764,738,526,train
22765,619,480,train
22766,168,702,test
22767,42,434,train
22768,455,255,train
22769,171,563,train
22770,342,406,train
22771,584,725,train
22772,54,338,train
22773,312,587,test
22774,472,154,test
22775,70,566,train
22776,471,126,train
22777,718,487,test
22778,239,685,train
22779,635,206,train
22780,185,414,train
22781,36,119,train
22782,705,454,train
22783,579,284,train
22784,141,92,train
22785,786,165,train
22786,137,548,train
22787,79,133,train
22788,360,88,train
22789,11,429,train
22790,239,422,test
22791,315,254,train
22792,211,304,train
22793,291,468,train
22794,735,715,train
22795,75,8,train
22796,543,693,test
22797,757,567,train
22798,683,555,train
22799,43,121,train
22800,798,722,train
22801,412,775,train
22802,120,641,train
22803,222,100,train
22804,142,469,train
22805,277,311,train
22806,598,42,train
22807,406,726,test
22808,784,501,test
22809,730,686,train
22810,241,212,train
22811,333,336,train
22812,230,541,test
22813,461,522,train
22814,761,85,train
22815,612,45,train
22816,307,766,test
22817,594,26,train
22818,35,104,train
22819,198,412,test
22820,157,296,test
22821,792,170,train
22822,780,79,train
22823,212,669,test
22824,238,220,train
22825,436,197,test
22826,447,702,train
22827,329,198,train
22828,340,226,test
22829,146,664,train
22830,288,10,train
22831,789,267,train
22832,222,736,train
22833,654,293,test
22834,760,386,train
22835,472,106,train
22836,332,598,train
22837,266,492,train
22838,289,785,train
22839,407,335,test
22840,411,790,train
22841,675,426,train
22842,347,408,train
22843,442,260,train
22844,58,357,train
22845,447,189,train
22846,734,296,train
22847,241,65,train
22848,461,676,train
22849,224,92,train
22850,552,719,train
22851,375,259,train
22852,553,95,train
22853,103,561,train
22854,249,600,train
22855,116,151,train
22856,639,245,train
22857,495,623,train
22858,682,422,train
22859,397,710,train
22860,96,229,test
22861,423,359,train
22862,259,51,train
22863,534,402,train
22864,3,44,train
22865,194,594,train
22866,305,348,train
22867,421,442,train
22868,643,220,train
22869,489,22,train
22870,544,509,test
22871,51,763,train
22872,305,492,test
22873,467,727,train
22874,530,343,train
22875,380,706,train
22876,112,283,train
22877,148,675,test
22878,444,184,test
22879,636,502,train
22880,108,781,train
22881,717,247,train
22882,344,63,train
22883,323,498,test
22884,374,589,train
22885,211,390,train
22886,560,30,train
22887,356,107,test
22888,795,122,train
22889,342,366,train
22890,695,577,train
22891,741,531,train
22892,343,235,train
22893,437,526,train
22894,357,296,train
22895,302,577,train
22896,270,141,train
22897,80,430,test
22898,190,131,train
22899,93,516,test
22900,110,759,train
22901,400,221,train
22902,763,76,train
22903,590,106,train
22904,680,198,train
22905,163,220,train
22906,219,697,train
22907,210,71,train
22908,249,609,test
22909,746,568,train
22910,797,426,train
22911,685,471,train
22912,58,536,train
22913,228,596,train
22914,683,601,train
22915,693,264,train
22916,140,47,train
22917,666,579,test
22918,206,263,train
22919,610,342,train
22920,472,291,train
22921,34,197,train
22922,455,204,train
22923,616,149,train
22924,318,312,train
22925,513,440,train
22926,738,787,train
22927,145,447,train
22928,604,758,train
22929,717,508,train
22930,317,43,train
22931,464,551,train
22932,613,531,train
22933,442,778,test
22934,249,417,train
22935,702,36,train
22936,348,56,train
22937,217,394,train
22938,297,409,test
22939,592,508,train
22940,186,753,train
22941,299,80,train
22942,205,604,train
22943,443,446,train
22944,333,638,train
22945,426,679,train
22946,537,38,train
22947,786,572,train
22948,242,296,train
22949,273,249,train
22950,694,648,test
22951,84,159,test
22952,344,349,train
22953,565,87,train
22954,725,788,train
22955,79,548,train
22956,438,673,train
22957,137,567,train
22958,116,412,train
22959,102,685,train
22960,5,268,train
22961,139,376,train
22962,199,414,train
22963,113,437,test
22964,453,249,train
22965,354,192,train
22966,326,244,train
22967,615,36,train
22968,734,161,train
22969,98,84,train
22970,784,401,train
22971,494,283,train
22972,414,42,test
22973,302,215,train
22974,671,24,train
22975,767,418,train
22976,392,757,train
22977,730,169,train
22978,331,542,train
22979,559,4,train
22980,92,348,train
22981,679,733,train
22982,765,97,train
22983,490,71,train
22984,492,574,train
22985,326,786,train
22986,344,173,train
22987,568,698,train
22988,95,774,train
22989,324,555,test
22990,608,763,train
22991,266,196,train
22992,430,658,train
22993,716,766,train
22994,205,396,test
22995,502,324,train
22996,25,299,train
22997,26,463,test
22998,279,714,test
22999,182,360,train
23000,141,635,train
23001,730,443,train
23002,469,586,train
23003,68,222,train
23004,785,199,train
23005,134,749,test
23006,101,421,train
23007,68,118,train
23008,781,297,train
23009,693,714,train
23010,606,436,train
23011,409,163,train
23012,71,591,train
23013,470,111,train
23014,172,219,train
23015,20,638,train
23016,342,766,train
23017,356,660,train
23018,515,566,train
23019,380,554,train
23020,526,216,train
23021,629,290,train
23022,600,544,train
23023,132,732,train
23024,586,417,train
23025,689,465,test
23026,83,465,test
23027,690,627,train
23028,141,657,train
23029,496,308,train
23030,477,783,train
23031,593,331,train
23032,667,59,train
23033,689,455,train
23034,260,206,train
23035,397,198,train
23036,573,137,train
23037,785,439,train
23038,137,391,test
23039,709,376,train
23040,239,497,train
23041,553,190,train
23042,518,402,train
23043,62,8,train
23044,452,736,train
23045,156,32,test
23046,557,222,train
23047,99,544,train
23048,216,480,test
23049,152,199,train
23050,191,349,train
23051,451,352,test
23052,7,55,train
23053,169,41,train
23054,409,725,train
23055,91,746,test
23056,626,722,test
23057,279,7,train
23058,732,81,train
23059,212,697,train
23060,629,622,test
23061,585,310,train
23062,569,567,train
23063,468,415,train
23064,693,603,train
23065,18,783,train
23066,498,729,train
23067,391,186,train
23068,625,301,train
23069,558,276,test
23070,271,50,train
23071,92,35,train
23072,405,217,train
23073,288,392,train
23074,330,475,train
23075,631,725,test
23076,125,430,train
23077,162,113,test
23078,27,401,train
23079,124,751,train
23080,87,641,train
23081,231,230,test
23082,304,451,train
23083,208,697,train
23084,98,385,train
23085,786,154,train
23086,112,798,train
23087,80,665,train
23088,518,741,train
23089,786,171,train
23090,442,513,train
23091,29,167,train
23092,719,197,test
23093,632,295,test
23094,77,246,test
23095,544,602,train
23096,160,179,train
23097,301,255,train
23098,634,612,train
23099,546,325,train
23100,430,593,train
23101,326,685,test
23102,235,304,train
23103,474,302,train
23104,96,567,test
23105,513,274,train
23106,148,184,train
23107,347,539,test
23108,54,653,train
23109,761,70,train
23110,524,747,train
23111,280,389,train
23112,125,415,test
23113,166,546,train
23114,8,631,train
23115,245,310,test
23116,588,543,test
23117,797,464,train
23118,299,764,train
23119,105,163,test
23120,247,731,test
23121,47,99,test
23122,259,380,train
23123,582,787,test
23124,675,719,train
23125,607,70,train
23126,574,127,train
23127,128,340,train
23128,447,541,train
23129,26,251,test
23130,489,550,train
23131,436,373,train
23132,420,477,train
23133,505,595,train
23134,684,402,train
23135,198,514,test
23136,317,41,train
23137,430,480,train
23138,53,281,train
23139,113,744,train
23140,783,552,train
23141,68,430,train
23142,526,230,train
23143,695,603,test
23144,501,371,train
23145,591,74,test
23146,61,246,train
23147,184,23,test
23148,157,462,train
23149,129,298,train
23150,98,653,train
23151,250,284,train
23152,800,451,train
23153,764,267,train
23154,313,758,train
23155,42,487,train
23156,146,610,train
23157,150,44,train
23158,688,800,train
23159,503,392,train
23160,615,79,train
23161,651,181,train
23162,623,482,train
23163,574,348,test
23164,196,159,train
23165,37,636,test
23166,299,635,train
23167,515,579,train
23168,775,152,train
23169,54,445,train
23170,421,460,test
23171,415,406,train
23172,241,369,train
23173,257,62,train
23174,150,247,train
23175,288,396,train
23176,529,769,train
23177,14,579,train
23178,660,549,test
23179,135,316,test
23180,700,652,train
23181,646,321,train
23182,142,279,train
23183,468,530,train
23184,610,570,train
23185,677,362,train
23186,45,257,train
23187,416,248,train
23188,231,218,train
23189,651,385,train
23190,194,217,train
23191,148,294,train
23192,285,195,test
23193,620,770,train
23194,292,276,train
23195,425,506,train
23196,569,272,train
23197,727,472,train
23198,13,610,train
23199,475,257,train
23200,753,117,train
23201,461,467,train
23202,587,672,test
23203,705,799,train
23204,651,730,train
23205,780,470,train
23206,331,332,train
23207,696,273,train
23208,58,596,test
23209,398,220,train
23210,201,626,test
23211,798,145,test
23212,243,30,test
23213,593,768,train
23214,445,28,train
23215,82,438,train
23216,386,567,train
23217,442,206,train
23218,516,24,test
23219,642,86,test
23220,546,125,train
23221,720,669,train
23222,140,118,test
23223,165,4,train
23224,753,89,test
23225,651,182,train
23226,647,87,test
23227,523,774,train
23228,89,27,test
23229,752,289,train
23230,379,676,train
23231,147,8,train
23232,213,700,train
23233,112,285,train
23234,20,61,train
23235,470,453,test
23236,327,111,train
23237,633,152,train
23238,50,654,train
23239,456,411,train
23240,592,609,train
23241,734,624,train
23242,759,140,train
23243,372,83,train
23244,150,40,train
23245,21,265,train
23246,521,237,train
23247,608,551,train
23248,268,584,train
23249,319,224,test
23250,378,45,train
23251,785,463,test
23252,584,180,train
23253,79,73,train
23254,151,540,train
23255,382,411,train
23256,95,224,test
23257,772,535,train
23258,454,665,train
23259,166,109,train
23260,258,575,test
23261,670,62,train
23262,525,152,train
23263,173,620,train
23264,3,53,train
23265,503,180,test
23266,547,773,train
23267,119,77,train
23268,708,153,test
23269,472,454,train
23270,191,106,train
23271,116,650,train
23272,735,646,train
23273,423,39,train
23274,627,626,test
23275,30,613,test
23276,591,32,train
23277,355,201,train
23278,605,762,test
23279,211,201,train
23280,489,170,train
23281,749,741,train
23282,566,186,train
23283,769,21,train
23284,427,40,train
23285,703,358,train
23286,380,627,train
23287,201,444,train
23288,364,281,test
23289,119,439,train
23290,569,609,train
23291,759,672,test
23292,441,74,train
23293,781,159,train
23294,181,669,train
23295,181,354,train
23296,527,471,train
23297,551,416,train
23298,748,676,train
23299,14,216,train
23300,588,752,train
23301,630,341,train
23302,783,317,test
23303,354,470,test
23304,319,31,train
23305,192,260,train
23306,162,485,train
23307,588,771,test
23308,458,320,train
23309,399,214,train
23310,196,461,test
23311,699,228,test
23312,694,560,train
23313,216,400,train
23314,234,785,train
23315,320,278,train
23316,250,630,test
23317,799,709,test
23318,239,191,train
23319,715,526,train
23320,503,210,test
23321,189,352,train
23322,389,726,train
23323,246,152,train
23324,115,31,train
23325,614,415,train
23326,344,122,train
23327,369,134,train
23328,766,80,test
23329,91,279,train
23330,800,762,train
23331,732,543,train
23332,47,74,train
23333,698,541,test
23334,760,173,train
23335,750,741,train
23336,281,436,train
23337,158,16,test
23338,241,713,train
23339,650,115,train
23340,684,119,train
23341,129,259,train
23342,224,350,test
23343,500,118,train
23344,507,626,test
23345,690,751,train
23346,117,159,train
23347,43,705,train
23348,602,562,train
23349,493,468,test
23350,289,34,train
23351,416,331,train
23352,790,784,train
23353,749,581,train
23354,292,631,train
23355,31,761,train
23356,402,444,test
23357,500,103,train
23358,166,561,train
23359,140,201,train
23360,143,591,train
23361,392,145,train
23362,553,250,train
23363,683,617,test
23364,798,452,test
23365,432,395,train
23366,637,763,train
23367,75,28,train
23368,85,315,train
23369,275,238,train
23370,95,202,train
23371,541,224,train
23372,99,326,train
23373,268,214,train
23374,143,202,test
23375,50,704,train
23376,338,130,train
23377,531,208,train
23378,396,202,test
23379,495,439,test
23380,674,676,train
23381,17,290,train
23382,152,650,train
23383,49,689,train
23384,408,713,train
23385,470,208,train
23386,433,473,test
23387,374,1,train
23388,223,621,train
23389,578,111,train
23390,671,50,train
23391,193,568,train
23392,10,131,train
23393,429,497,test
23394,150,707,train
23395,358,148,train
23396,326,530,train
23397,496,205,train
23398,514,473,train
23399,755,682,train
23400,581,393,train
23401,438,56,train
23402,26,273,train
23403,543,92,train
23404,764,439,train
23405,344,259,train
23406,53,511,test
23407,713,607,train
23408,101,520,train
23409,238,422,test
23410,593,685,test
23411,152,549,train
23412,648,220,test
23413,778,35,train
23414,639,646,train
23415,17,149,train
23416,218,88,train
23417,281,24,train
23418,221,232,train
23419,571,607,train
23420,24,403,test
23421,337,239,train
23422,794,793,train
23423,430,513,train
23424,22,654,train
23425,295,502,train
23426,619,586,train
23427,104,682,train
23428,417,416,train
23429,726,382,train
23430,433,414,train
23431,707,642,test
23432,164,446,train
23433,21,355,train
23434,329,97,train
23435,484,125,train
23436,321,395,train
23437,369,211,train
23438,476,118,train
23439,312,208,train
23440,217,797,train
23441,353,157,train
23442,669,269,train
23443,357,82,train
23444,607,742,train
23445,776,534,train
23446,288,240,test
23447,466,689,test
23448,146,71,test
23449,792,19,train
23450,40,795,train
23451,139,400,train
23452,565,293,train
23453,143,306,train
23454,142,544,train
23455,166,527,train
23456,259,524,train
23457,376,45,train
23458,418,304,train
23459,225,97,test
23460,316,140,train
23461,463,343,test
23462,488,624,test
23463,61,389,train
23464,288,429,train
23465,338,117,train
23466,647,352,train
23467,185,428,test
23468,270,128,train
23469,442,508,train
23470,484,672,train
23471,681,159,train
23472,403,645,train
23473,179,665,test
23474,59,18,train
23475,575,123,train
23476,787,643,train
23477,510,615,train
23478,647,8,train
23479,403,87,train
23480,321,127,train
23481,732,55,train
23482,128,795,train
23483,171,600,train
23484,159,84,test
23485,697,591,train
23486,357,542,train
23487,423,524,train
23488,239,113,train
23489,761,461,train
23490,189,336,train
23491,396,586,train
23492,696,393,train
23493,681,552,test
23494,516,261,train
23495,295,637,train
23496,261,768,train
23497,709,715,train
23498,151,290,train
23499,561,251,train
23500,483,388,train
23501,150,585,train
23502,335,212,train
23503,601,652,train
23504,164,195,test
23505,730,269,train
23506,126,499,train
23507,732,88,train
23508,170,308,train
23509,194,206,train
23510,551,719,train
23511,528,367,train
23512,317,663,train
23513,640,580,train
23514,115,109,train
23515,515,151,train
23516,347,722,train
23517,7,174,test
23518,710,627,train
23519,414,157,train
23520,329,775,test
23521,140,276,train
23522,243,762,test
23523,755,734,train
23524,590,199,train
23525,8,63,test
23526,360,59,train
23527,745,450,test
23528,460,753,train
23529,779,739,train
23530,589,147,train
23531,770,216,train
23532,680,559,test
23533,226,512,test
23534,223,27,train
23535,632,22,train
23536,116,654,train
23537,666,624,train
23538,571,388,train
23539,82,61,test
23540,396,233,test
23541,571,721,test
23542,129,543,test
23543,452,134,train
23544,289,93,train
23545,278,793,train
23546,665,343,train
23547,370,757,test
23548,77,200,train
23549,712,798,test
23550,555,317,train
23551,773,128,train
23552,520,466,train
23553,468,693,train
23554,210,550,train
23555,676,538,test
23556,759,230,test
23557,208,504,train
23558,427,320,train
23559,163,15,test
23560,529,760,train
23561,83,693,train
23562,582,318,train
23563,554,283,train
23564,789,424,train
23565,22,320,test
23566,498,591,train
23567,27,710,train
23568,740,660,train
23569,294,229,train
23570,156,134,test
23571,367,343,train
23572,630,573,train
23573,789,318,test
23574,268,477,test
23575,71,503,train
23576,306,452,train
23577,675,735,train
23578,58,764,train
23579,392,405,test
23580,657,527,train
23581,221,140,test
23582,557,692,test
23583,202,13,train
23584,174,350,train
23585,132,360,test
23586,389,229,train
23587,584,2,test
23588,54,472,train
23589,650,609,test
23590,268,467,train
23591,606,100,train
23592,109,602,train
23593,422,282,test
23594,640,93,train
23595,213,710,test
23596,343,621,test
23597,541,36,train
23598,57,480,train
23599,253,620,train
23600,535,384,train
23601,534,454,train
23602,722,7,train
23603,466,637,train
23604,608,308,train
23605,791,777,train
23606,383,207,train
23607,134,315,train
23608,507,234,train
23609,705,667,test
23610,460,354,train
23611,704,311,train
23612,471,685,train
23613,750,35,test
23614,132,20,train
23615,506,426,train
23616,308,683,train
23617,37,789,train
23618,498,62,train
23619,519,514,train
23620,664,710,train
23621,52,86,train
23622,31,602,train
23623,714,182,train
23624,459,611,train
23625,41,446,train
23626,649,498,test
23627,712,106,train
23628,381,370,train
23629,541,227,train
23630,323,617,train
23631,718,102,test
23632,555,690,train
23633,352,4,train
23634,788,170,train
23635,486,631,train
23636,388,245,train
23637,281,410,train
23638,462,447,train
23639,601,656,train
23640,204,705,train
23641,612,72,test
23642,486,140,train
23643,745,196,train
23644,525,465,train
23645,295,193,train
23646,391,318,train
23647,416,206,train
23648,643,719,test
23649,685,431,test
23650,112,80,test
23651,428,614,train
23652,708,282,train
23653,125,641,train
23654,767,661,train
23655,416,184,train
23656,508,187,train
23657,398,516,train
23658,387,714,train
23659,608,619,train
23660,667,239,train
23661,751,757,train
23662,693,123,train
23663,658,391,train
23664,332,746,test
23665,52,792,train
23666,710,701,test
23667,403,451,test
23668,573,457,train
23669,660,401,train
23670,40,25,test
23671,143,553,train
23672,728,35,train
23673,240,8,train
23674,619,89,train
23675,645,101,train
23676,415,205,test
23677,547,517,test
23678,330,478,train
23679,597,44,test
23680,82,187,train
23681,526,520,train
23682,310,68,train
23683,122,359,train
23684,86,235,train
23685,613,711,train
23686,450,691,train
23687,381,217,train
23688,146,605,train
23689,707,571,train
23690,185,53,train
23691,370,228,train
23692,411,687,train
23693,6,47,train
23694,233,572,train
23695,683,412,train
23696,768,597,train
23697,221,177,train
23698,760,224,train
23699,581,287,train
23700,445,441,train
23701,166,93,train
23702,693,764,train
23703,431,57,train
23704,593,583,train
23705,186,135,train
23706,549,390,train
23707,392,125,train
23708,769,788,train
23709,162,164,train
23710,148,169,train
23711,580,375,train
23712,758,502,test
23713,763,684,train
23714,406,219,train
23715,375,56,train
23716,644,697,train
23717,223,510,train
23718,790,768,test
23719,537,338,train
23720,323,721,train
23721,553,344,train
23722,155,412,train
23723,264,597,train
23724,435,409,train
23725,209,180,train
23726,80,118,test
23727,342,20,train
23728,748,791,train
23729,60,459,train
23730,86,736,train
23731,88,622,test
23732,80,625,train
23733,176,647,train
23734,13,253,train
23735,357,562,train
23736,757,199,train
23737,426,560,test
23738,410,226,train
23739,649,573,train
23740,21,620,train
23741,768,148,train
23742,38,113,train
23743,764,74,test
23744,507,730,train
23745,238,84,test
23746,692,485,train
23747,639,291,train
23748,473,771,train
23749,99,639,test
23750,594,714,test
23751,538,82,test
23752,185,765,train
23753,171,679,test
23754,611,266,train
23755,522,45,train
23756,126,376,test
23757,413,279,train
23758,613,644,train
23759,530,678,train
23760,321,551,train
23761,139,150,train
23762,491,512,test
23763,378,152,train
23764,565,455,train
23765,111,320,train
23766,305,265,test
23767,539,269,train
23768,620,617,train
23769,475,513,train
23770,453,581,train
23771,61,445,train
23772,531,313,train
23773,400,401,train
23774,186,715,train
23775,119,380,train
23776,79,155,train
23777,51,463,train
23778,367,89,train
23779,194,450,train
23780,17,395,train
23781,586,538,train
23782,143,729,train
23783,267,532,train
23784,234,299,test
23785,770,581,test
23786,275,445,train
23787,333,508,train
23788,91,351,train
23789,133,455,train
23790,773,36,train
23791,671,329,test
23792,766,245,test
23793,595,291,train
23794,1,249,test
23795,215,125,train
23796,286,350,test
23797,449,260,train
23798,258,564,train
23799,177,644,train
23800,310,437,train
23801,18,436,train
23802,251,261,train
23803,791,515,train
23804,69,229,train
23805,222,151,test
23806,342,104,train
23807,721,135,train
23808,367,268,train
23809,332,622,train
23810,503,338,train
23811,219,267,train
23812,208,4,train
23813,303,753,train
23814,480,85,train
23815,258,444,train
23816,563,455,test
23817,137,526,test
23818,520,47,train
23819,691,549,train
23820,581,277,train
23821,276,768,train
23822,472,726,test
23823,451,309,train
23824,735,174,train
23825,637,91,train
23826,48,429,train
23827,14,206,train
23828,668,147,train
23829,657,79,train
23830,570,348,train
23831,279,730,test
23832,467,535,train
23833,157,426,train
23834,449,70,train
23835,394,553,train
23836,99,628,train
23837,596,644,train
23838,297,394,train
23839,558,133,train
23840,578,466,test
23841,152,357,train
23842,785,93,train
23843,437,388,train
23844,93,26,train
23845,512,87,train
23846,649,659,test
23847,255,672,train
23848,597,416,train
23849,288,696,train
23850,562,666,train
23851,75,602,test
23852,129,156,train
23853,522,219,train
23854,310,331,train
23855,271,160,train
23856,88,658,train
23857,98,218,test
23858,427,269,train
23859,729,47,test
23860,794,373,train
23861,58,89,train
23862,777,250,train
23863,787,798,train
23864,781,763,train
23865,174,753,train
23866,259,507,train
23867,21,723,train
23868,415,753,train
23869,315,729,train
23870,178,193,train
23871,544,350,test
23872,176,376,train
23873,75,634,train
23874,390,458,train
23875,300,69,test
23876,68,163,train
23877,541,52,train
23878,225,560,train
23879,425,443,train
23880,417,286,test
23881,166,583,test
23882,416,759,train
23883,688,408,train
23884,534,13,train
23885,117,334,train
23886,210,711,train
23887,354,343,train
23888,261,420,train
23889,368,229,train
23890,510,409,train
23891,453,339,train
23892,127,635,train
23893,505,548,train
23894,175,627,train
23895,624,262,test
23896,20,546,train
23897,88,260,train
23898,733,743,test
23899,41,44,train
23900,512,541,test
23901,367,518,train
23902,474,182,train
23903,357,417,train
23904,193,661,train
23905,498,5,train
23906,138,3,train
23907,254,580,test
23908,659,592,train
23909,295,418,train
23910,253,172,test
23911,756,668,test
23912,456,155,train
23913,773,351,train
23914,228,475,test
23915,635,148,train
23916,290,319,train
23917,25,216,train
23918,554,379,train
23919,86,589,train
23920,629,443,train
23921,757,190,train
23922,297,639,test
23923,72,456,test
23924,375,107,train
23925,723,435,train
23926,96,140,test
23927,413,87,test
23928,468,38,train
23929,502,797,train
23930,397,211,test
23931,359,676,train
23932,523,633,train
23933,286,543,train
23934,109,220,train
23935,399,45,train
23936,573,89,train
23937,257,698,test
23938,531,116,test
23939,520,129,train
23940,628,281,train
23941,188,318,train
23942,350,300,train
23943,604,339,train
23944,534,646,train
23945,740,65,train
23946,47,380,train
23947,797,123,train
23948,177,440,train
23949,9,56,train
23950,292,682,test
23951,294,211,train
23952,134,102,train
23953,41,79,test
23954,145,682,train
23955,628,688,train
23956,546,115,train
23957,756,430,train
23958,725,309,train
23959,60,532,train
23960,793,258,train
23961,710,468,train
23962,24,281,train
23963,749,154,test
23964,107,113,train
23965,108,336,train
23966,625,572,train
23967,203,469,train
23968,2,756,train
23969,69,441,train
23970,278,620,train
23971,473,141,train
23972,418,665,train
23973,284,109,train
23974,71,359,train
23975,412,14,train
23976,625,67,train
23977,703,446,train
23978,171,294,train
23979,507,184,train
23980,264,579,train
23981,752,233,test
23982,2,214,train
23983,565,361,train
23984,535,785,test
23985,575,703,train
23986,678,188,train
23987,747,228,train
23988,332,565,train
23989,528,532,train
23990,57,543,train
23991,248,255,test
23992,775,723,train
23993,151,582,train
23994,476,340,train
23995,488,734,test
23996,349,71,train
23997,427,743,train
23998,9,649,train
23999,314,612,train
24000,590,570,test
24001,488,329,train
24002,119,591,test
24003,335,531,train
24004,389,165,train
24005,243,361,train
24006,337,301,test
24007,562,596,train
24008,382,457,train
24009,379,470,test
24010,535,81,train
24011,464,700,train
24012,680,697,train
24013,240,77,train
24014,475,200,train
24015,740,394,train
24016,689,527,train
24017,191,629,train
24018,243,288,train
24019,291,222,train
24020,506,167,train
24021,768,105,train
24022,574,504,train
24023,428,737,train
24024,585,443,train
24025,600,350,test
24026,662,2,train
24027,769,105,train
24028,405,64,test
24029,737,198,train
24030,405,559,train
24031,530,605,test
24032,214,694,train
24033,524,774,train
24034,494,468,train
24035,527,306,train
24036,528,665,train
24037,180,175,train
24038,750,2,train
24039,151,314,train
24040,154,189,train
24041,624,30,train
24042,400,405,train
24043,211,712,test
24044,745,754,train
24045,640,573,train
24046,321,635,test
24047,775,670,train
24048,684,760,train
24049,505,487,train
24050,488,249,train
24051,666,402,train
24052,43,161,train
24053,413,725,train
24054,716,491,train
24055,799,666,test
24056,216,623,test
24057,102,310,train
24058,735,279,train
24059,594,511,test
24060,273,602,train
24061,670,544,train
24062,327,182,train
24063,462,537,train
24064,281,109,train
24065,277,73,train
24066,420,793,train
24067,247,397,train
24068,137,671,train
24069,753,275,train
24070,47,669,train
24071,264,250,train
24072,573,612,test
24073,394,408,train
24074,346,657,train
24075,31,234,train
24076,54,99,train
24077,251,505,train
24078,298,73,train
24079,800,227,train
24080,730,291,train
24081,683,619,test
24082,75,376,train
24083,251,601,train
24084,442,206,train
24085,491,733,train
24086,435,646,test
24087,170,774,test
24088,394,2,train
24089,312,384,train
24090,239,751,train
24091,97,349,test
24092,751,677,train
24093,291,203,test
24094,242,100,train
24095,784,364,train
24096,77,114,test
24097,654,746,test
24098,686,163,train
24099,353,692,train
24100,620,445,train
24101,754,185,train
24102,326,554,train
24103,151,20,train
24104,26,364,train
24105,429,582,train
24106,768,282,train
24107,710,500,test
24108,92,773,train
24109,776,334,train
24110,26,591,train
24111,787,544,train
24112,728,184,train
24113,312,53,train
24114,311,84,train
24115,250,294,train
24116,306,237,train
24117,174,623,train
24118,176,767,test
24119,143,113,train
24120,404,690,train
24121,48,600,test
24122,267,141,test
24123,493,603,train
24124,529,788,test
24125,83,130,train
24126,51,20,train
24127,364,114,test
24128,224,778,train
24129,180,118,train
24130,424,748,test
24131,221,280,train
24132,180,669,train
24133,685,238,test
24134,311,343,train
24135,474,107,train
24136,278,208,train
24137,266,665,train
24138,123,506,test
24139,343,23,test
24140,54,673,train
24141,56,173,train
24142,159,649,train
24143,408,38,train
24144,10,796,train
24145,147,483,test
24146,530,132,train
24147,319,596,train
24148,283,451,train
24149,242,190,test
24150,276,98,train
24151,436,692,train
24152,293,346,test
24153,243,282,test
24154,463,455,train
24155,250,744,train
24156,776,800,train
24157,335,664,train
24158,681,595,train
24159,439,110,train
24160,319,715,train
24161,400,224,train
24162,521,19,train
24163,21,115,train
24164,198,18,train
24165,779,47,train
24166,472,119,train
24167,403,530,test
24168,242,106,train
24169,691,672,train
24170,636,751,train
24171,755,348,train
24172,106,418,train
24173,588,116,test
24174,82,674,train
24175,35,603,train
24176,93,627,train
24177,652,798,train
24178,302,85,train
24179,483,473,test
24180,629,354,train
24181,128,733,train
24182,179,227,train
24183,728,563,train
24184,704,720,train
24185,524,338,test
24186,38,708,train
24187,656,370,train
24188,110,729,train
24189,480,499,test
24190,483,222,train
24191,195,358,train
24192,521,70,train
24193,154,325,train
24194,497,458,train
24195,590,567,test
24196,548,677,train
24197,221,722,test
24198,529,142,test
24199,356,458,train
24200,299,482,train
24201,451,372,train
24202,290,30,test
24203,642,711,train
24204,249,569,train
24205,559,99,train
24206,119,485,train
24207,706,713,train
24208,681,230,train
24209,622,223,train
24210,510,771,train
24211,528,794,train
24212,241,202,train
24213,328,744,train
24214,418,396,train
24215,264,377,test
24216,24,763,test
24217,367,770,test
24218,720,549,train
24219,791,673,train
24220,96,24,train
24221,524,26,train
24222,442,142,test
24223,759,749,train
24224,495,765,train
24225,104,463,train
24226,200,128,test
24227,623,755,train
24228,337,308,test
24229,133,94,train
24230,313,606,train
24231,651,762,train
24232,156,590,train
24233,222,409,train
24234,330,457,train
24235,173,231,train
24236,193,719,train
24237,477,754,test
24238,481,321,train
24239,54,376,test
24240,251,317,test
24241,366,50,test
24242,152,605,train
24243,225,665,test
24244,205,194,train
24245,81,96,train
24246,321,27,test
24247,625,36,train
24248,573,310,train
24249,789,226,train
24250,400,19,train
24251,166,468,train
24252,588,318,train
24253,585,483,train
24254,771,136,train
24255,371,295,train
24256,124,293,train
24257,737,695,train
24258,505,156,train
24259,320,774,train
24260,783,358,train
24261,303,339,train
24262,511,364,train
24263,507,189,train
24264,278,697,train
24265,745,433,train
24266,515,37,test
24267,401,412,test
24268,609,736,train
24269,516,150,train
24270,13,198,test
24271,659,477,train
24272,217,728,train
24273,747,112,test
24274,147,630,train
24275,469,538,train
24276,99,611,test
24277,255,138,train
24278,250,365,train
24279,104,251,test
24280,369,34,train
24281,524,787,train
24282,122,571,train
24283,564,240,train
24284,121,525,train
24285,567,575,train
24286,599,360,train
24287,700,82,train
24288,431,754,train
24289,443,592,train
24290,564,120,train
24291,551,459,train
24292,43,710,train
24293,369,8,train
24294,415,544,train
24295,519,305,train
24296,636,4,train
24297,468,679,train
24298,475,527,train
24299,103,344,train
24300,758,202,train
24301,774,349,test
24302,60,587,train
24303,180,56,train
24304,350,326,train
24305,57,653,train
24306,74,36,train
24307,428,349,train
24308,211,695,train
24309,580,691,train
24310,572,382,train
24311,89,539,train
24312,692,499,train
24313,308,320,train
24314,410,763,train
24315,117,453,train
24316,577,277,test
24317,466,453,train
24318,468,716,train
24319,305,221,train
24320,691,36,train
24321,143,346,train
24322,774,715,train
24323,193,466,train
24324,567,194,train
24325,247,515,train
24326,79,610,test
24327,537,22,train
24328,162,743,train
24329,768,583,test
24330,676,127,train
24331,795,198,train
24332,499,428,test
24333,632,82,test
24334,246,789,train
24335,55,26,train
24336,306,606,test
24337,63,47,test
24338,220,509,train
24339,795,363,train
24340,26,15,test
24341,57,572,train
24342,496,343,train
24343,555,227,train
24344,341,36,train
24345,760,680,train
24346,97,48,test
24347,595,726,train
24348,29,212,test
24349,761,562,train
24350,487,325,train
24351,515,427,train
24352,749,282,train
24353,405,667,test
24354,160,408,train
24355,567,529,test
24356,456,531,test
24357,94,678,train
24358,229,74,train
24359,168,631,train
24360,783,61,train
24361,314,180,train
24362,602,473,train
24363,497,260,test
24364,324,408,train
24365,464,741,train
24366,109,282,train
24367,694,673,train
24368,747,96,train
24369,628,228,train
24370,478,533,train
24371,380,365,train
24372,472,129,train
24373,527,326,train
24374,219,95,train
24375,758,192,test
24376,37,677,test
24377,646,472,test
24378,103,317,train
24379,275,401,train
24380,624,756,test
24381,321,526,train
24382,180,196,train
24383,247,178,train
24384,266,49,train
24385,32,529,test
24386,340,321,train
24387,319,206,train
24388,548,25,train
24389,504,657,train
24390,380,579,train
24391,464,734,train
24392,109,792,train
24393,28,612,train
24394,85,367,test
24395,215,718,test
24396,227,340,train
24397,776,393,train
24398,447,181,train
24399,599,137,train
24400,627,267,test
24401,664,779,train
24402,507,284,train
24403,519,740,train
24404,199,128,test
24405,722,16,test
24406,83,683,train
24407,290,55,train
24408,40,740,train
24409,233,635,test
24410,558,477,train
24411,791,170,train
24412,159,241,train
24413,280,123,train
24414,748,148,test
24415,125,622,test
24416,773,180,train
24417,601,88,test
24418,274,70,train
24419,668,394,test
24420,80,478,train
24421,791,781,train
24422,468,533,train
24423,543,355,train
24424,89,561,test
24425,426,248,test
24426,694,528,test
24427,747,452,train
24428,282,793,train
24429,44,51,train
24430,683,734,train
24431,123,745,train
24432,517,146,train
24433,31,84,train
24434,154,677,train
24435,693,668,train
24436,308,100,train
24437,512,778,test
24438,251,488,test
24439,376,200,train
24440,517,195,train
24441,376,717,test
24442,58,132,train
24443,205,218,train
24444,521,109,train
24445,53,701,train
24446,424,356,test
24447,620,721,test
24448,661,693,train
24449,372,32,train
24450,356,21,train
24451,697,169,test
24452,565,631,train
24453,596,692,train
24454,329,43,test
24455,48,150,train
24456,116,494,train
24457,142,392,train
24458,786,673,train
24459,612,766,test
24460,332,89,train
24461,623,128,train
24462,640,572,test
24463,68,467,train
24464,757,639,train
24465,15,163,test
24466,799,271,test
24467,250,69,train
24468,116,363,train
24469,439,393,train
24470,416,790,train
24471,387,591,train
24472,60,379,train
24473,434,628,train
24474,325,276,train
24475,586,757,train
24476,75,333,test
24477,569,306,train
24478,198,453,train
24479,107,739,train
24480,477,133,train
24481,354,582,test
24482,787,319,train
24483,486,9,test
24484,222,538,train
24485,511,375,test
24486,581,101,test
24487,371,726,train
24488,767,697,train
24489,63,591,test
24490,107,258,train
24491,595,534,train
24492,79,171,test
24493,49,215,train
24494,407,416,test
24495,205,441,train
24496,336,222,train
24497,418,47,train
24498,416,546,train
24499,18,95,train
24500,34,87,train
24501,188,435,train
24502,486,619,train
24503,654,99,train
24504,6,375,train
24505,534,759,test
24506,403,784,train
24507,687,425,train
24508,692,137,train
24509,126,509,train
24510,134,541,train
24511,88,546,train
24512,449,225,train
24513,643,276,train
24514,327,155,test
24515,777,428,train
24516,341,713,train
24517,509,697,train
24518,290,81,train
24519,362,589,train
24520,590,254,train
24521,696,163,test
24522,578,18,train
24523,471,656,train
24524,691,118,train
24525,247,51,train
24526,38,184,test
24527,653,709,test
24528,226,309,train
24529,5,153,train
24530,659,578,train
24531,515,586,train
24532,549,521,test
24533,91,51,train
24534,748,413,test
24535,485,456,train
24536,326,212,test
24537,218,177,train
24538,10,746,train
24539,676,449,train
24540,302,218,train
24541,404,398,test
24542,70,196,test
24543,202,13,train
24544,647,545,test
24545,473,435,train
24546,458,794,train
24547,294,778,train
24548,616,141,train
24549,499,457,train
24550,515,545,train
24551,169,187,train
24552,768,222,train
24553,103,704,train
24554,560,28,test
24555,539,653,train
24556,682,8,train
24557,149,741,train
24558,641,576,train
24559,279,650,train
24560,75,349,train
24561,601,474,train
24562,774,232,train
24563,570,205,train
24564,709,774,test
24565,389,384,train
24566,174,438,train
24567,630,462,train
24568,776,113,train
24569,554,296,train
24570,80,55,train
24571,766,243,train
24572,684,73,train
24573,397,86,train
24574,580,494,train
24575,432,742,train
24576,762,411,train
24577,319,369,train
24578,643,22,train
24579,671,420,test
24580,369,233,train
24581,217,677,train
24582,373,694,train
24583,600,301,train
24584,429,536,train
24585,168,705,train
24586,224,578,train
24587,448,793,train
24588,682,43,train
24589,58,437,train
24590,388,511,train
24591,611,604,train
24592,553,489,train
24593,713,642,train
24594,297,215,train
24595,520,303,train
24596,473,606,train
24597,107,470,train
24598,723,170,train
24599,81,609,train
24600,713,109,test
24601,703,120,train
24602,485,174,train
24603,120,259,train
24604,391,776,train
24605,273,284,test
24606,257,324,train
24607,41,44,train
24608,727,754,train
24609,32,212,train
24610,97,592,train
24611,769,658,train
24612,123,377,test
24613,788,334,train
24614,150,483,test
24615,543,604,train
24616,25,584,train
24617,368,717,train
24618,424,747,train
24619,436,502,test
24620,507,10,test
24621,205,123,train
24622,86,539,train
24623,465,197,train
24624,683,418,train
24625,198,567,train
24626,521,796,train
24627,79,426,train
24628,497,469,train
24629,369,250,train
24630,444,681,train
24631,269,512,test
24632,496,264,train
24633,223,80,train
24634,131,680,train
24635,527,208,train
24636,67,317,train
24637,545,151,test
24638,98,17,train
24639,548,624,train
24640,761,800,train
24641,188,6,train
24642,582,367,train
24643,752,690,train
24644,209,542,train
24645,507,67,train
24646,296,729,train
24647,673,1,train
24648,361,730,train
24649,222,693,train
24650,496,418,test
24651,278,2,train
24652,27,590,train
24653,560,167,train
24654,181,424,train
24655,709,20,test
24656,141,755,train
24657,164,662,train
24658,519,695,train
24659,47,720,train
24660,277,516,test
24661,20,11,train
24662,755,76,train
24663,406,5,train
24664,640,774,train
24665,104,442,train
24666,738,341,train
24667,490,53,train
24668,424,349,train
24669,669,130,train
24670,293,644,train
24671,56,535,train
24672,223,747,test
24673,184,241,test
24674,610,504,test
24675,656,24,train
24676,333,114,train
24677,733,467,train
24678,463,789,train
24679,70,736,test
24680,293,351,train
24681,799,343,test
24682,790,615,train
24683,392,681,train
24684,150,108,train
24685,629,396,train
24686,55,284,train
24687,794,780,train
24688,768,366,train
24689,463,31,train
24690,18,444,train
24691,53,368,train
24692,299,250,train
24693,525,768,test
24694,321,559,train
24695,504,786,train
24696,660,677,train
24697,617,501,train
24698,306,310,train
24699,662,791,train
24700,539,671,train
24701,608,376,train
24702,686,466,train
24703,34,214,train
24704,169,170,train
24705,11,372,test
24706,730,84,train
24707,49,666,test
24708,513,615,train
24709,527,477,train
24710,345,223,train
24711,673,582,train
24712,511,310,train
24713,576,502,train
24714,424,678,train
24715,579,254,train
24716,402,182,train
24717,140,241,train
24718,81,319,train
24719,123,492,train
24720,119,522,test
24721,200,624,train
24722,224,611,train
24723,653,340,test
24724,202,538,train
24725,365,663,train
24726,485,101,train
24727,606,187,test
24728,347,344,train
24729,635,694,train
24730,533,368,train
24731,467,150,train
24732,628,57,test
24733,17,775,train
24734,441,401,train
24735,299,43,train
24736,6,318,train
24737,50,498,train
24738,600,652,train
24739,167,171,test
24740,786,376,train
24741,365,643,train
24742,146,560,train
24743,376,113,train
24744,747,310,test
24745,173,745,train
24746,113,548,train
24747,456,45,train
24748,443,367,train
24749,568,59,train
24750,354,776,train
24751,311,259,train
24752,698,242,train
24753,362,352,train
24754,405,676,train
24755,572,660,test
24756,739,609,train
24757,248,36,test
24758,780,752,train
24759,406,94,train
24760,761,142,train
24761,458,506,train
24762,581,504,train
24763,558,375,train
24764,163,779,train
24765,698,449,train
24766,499,337,train
24767,788,613,train
24768,418,745,test
24769,607,277,train
24770,714,693,train
24771,227,92,test
24772,267,632,train
24773,675,412,train
24774,182,34,train
24775,1,75,train
24776,266,607,test
24777,575,690,test
24778,535,315,train
24779,248,780,train
24780,640,37,train
24781,377,734,train
24782,124,192,train
24783,39,517,train
24784,752,702,train
24785,605,728,train
24786,100,328,train
24787,607,466,train
24788,108,578,test
24789,308,399,train
24790,258,368,train
24791,427,369,train
24792,554,281,train
24793,328,214,train
24794,101,513,test
24795,564,226,train
24796,288,8,train
24797,520,797,train
24798,718,260,train
24799,750,585,train
24800,734,585,train
24801,714,616,test
24802,434,473,train
24803,779,117,train
24804,463,251,train
24805,118,517,train
24806,216,756,train
24807,130,147,train
24808,277,115,test
24809,743,104,train
24810,514,162,test
24811,350,716,train
24812,521,493,test
24813,646,92,test
24814,547,388,train
24815,485,584,train
24816,326,579,train
24817,482,650,test
24818,593,739,train
24819,513,470,train
24820,56,681,train
24821,366,39,train
24822,133,237,train
24823,526,87,train
24824,194,510,train
24825,278,527,train
24826,284,36,test
24827,150,461,train
24828,310,83,train
24829,88,577,train
24830,19,206,train
24831,656,152,train
24832,448,609,test
24833,136,410,test
24834,772,629,test
24835,477,758,test
24836,234,580,train
24837,449,166,test
24838,386,350,train
24839,745,476,test
24840,749,270,train
24841,758,139,train
24842,14,592,train
24843,193,611,train
24844,612,127,train
24845,604,211,test
24846,505,753,test
24847,705,242,test
24848,250,688,test
24849,691,240,train
24850,341,428,train
24851,26,686,train
24852,155,61,train
24853,789,388,test
24854,588,599,train
24855,391,266,train
24856,351,116,train
24857,564,542,test
24858,525,19,train
24859,102,751,train
24860,546,179,train
24861,699,767,test
24862,537,717,train
24863,698,281,train
24864,715,568,train
24865,157,286,train
24866,727,103,train
24867,172,262,train
24868,154,487,train
24869,201,208,test
24870,391,683,test
24871,420,377,test
24872,121,696,test
24873,208,563,train
24874,335,582,train
24875,301,465,train
24876,179,105,train
24877,520,677,train
24878,282,180,train
24879,404,69,train
24880,574,70,train
24881,367,277,test
24882,406,636,train
24883,683,354,train
24884,557,331,test
24885,14,169,train
24886,265,159,train
24887,150,546,train
24888,736,626,train
24889,478,471,train
24890,440,541,test
24891,659,204,train
24892,580,686,train
24893,298,117,train
24894,126,107,train
24895,643,445,train
24896,64,286,train
24897,117,67,train
24898,124,116,train
24899,627,95,test
24900,282,403,train
24901,506,477,train
24902,413,257,train
24903,47,435,train
24904,132,142,train
24905,607,248,train
24906,29,173,test
24907,510,415,train
24908,15,464,train
24909,416,606,train
24910,446,620,train
24911,61,610,train
24912,327,102,train
24913,123,389,train
24914,337,255,train
24915,447,221,train
24916,337,368,train
24917,70,731,train
24918,774,549,test
24919,728,29,train
24920,687,750,test
24921,169,351,test
24922,487,660,train
24923,297,537,train
24924,433,61,test
24925,278,404,train
24926,408,411,train
24927,274,540,train
24928,137,7,test
24929,391,726,train
24930,360,117,train
24931,55,664,test
24932,203,640,train
24933,279,716,test
24934,336,664,train
24935,265,651,train
24936,615,495,train
24937,455,667,train
24938,638,400,test
24939,252,629,train
24940,126,94,train
24941,161,258,train
24942,400,416,train
24943,5,639,test
24944,213,68,train
24945,83,771,train
24946,449,98,train
24947,707,528,test
24948,490,396,test
24949,723,759,test
24950,634,306,test
24951,156,174,train
24952,353,751,train
24953,29,63,train
24954,318,700,train
24955,629,75,test
24956,572,714,test
24957,702,602,train
24958,67,98,train
24959,86,233,train
24960,403,271,train
24961,321,289,train
24962,383,488,test
24963,342,47,train
24964,29,271,train
24965,214,665,train
24966,407,287,train
24967,311,666,train
24968,268,208,train
24969,563,716,train
24970,381,319,train
24971,127,735,train
24972,380,483,train
24973,6,111,test
24974,764,169,train
24975,43,45,train
24976,472,619,test
24977,596,195,test
24978,713,434,train
24979,276,565,train
24980,30,381,train
24981,114,451,train
24982,298,495,test
24983,229,496,test
24984,10,344,train
24985,247,29,train
24986,148,41,train
24987,623,677,train
24988,775,657,train
24989,266,165,train
24990,664,795,train
24991,657,794,train
24992,362,698,train
24993,9,729,train
24994,19,486,train
24995,665,584,test
24996,319,369,train
24997,135,460,train
24998,469,794,test
24999,267,203,train
25000,283,525,train
25001,741,406,train
25002,683,497,train
25003,752,527,train
25004,676,732,train
25005,779,366,train
25006,262,593,train
25007,766,646,train
25008,233,397,train
25009,310,786,train
25010,416,282,train
25011,647,77,train
25012,237,551,train
25013,409,749,train
25014,656,327,train
25015,173,441,train
25016,77,660,train
25017,543,323,train
25018,294,432,test
25019,257,735,test
25020,486,762,train
25021,603,752,train
25022,405,576,train
25023,675,132,train
25024,462,178,train
25025,205,451,train
25026,32,341,train
25027,622,566,train
25028,777,787,train
25029,717,735,train
25030,401,658,test
25031,113,764,train
25032,763,74,train
25033,301,685,train
25034,694,179,train
25035,707,506,test
25036,404,420,train
25037,286,122,test
25038,550,615,train
25039,224,634,train
25040,649,231,train
25041,21,244,test
25042,252,277,train
25043,88,400,train
25044,739,240,train
25045,128,417,train
25046,389,380,train
25047,517,353,train
25048,761,742,train
25049,229,290,train
25050,756,281,train
25051,751,314,train
25052,644,697,train
25053,76,95,train
25054,784,174,train
25055,45,276,train
25056,777,595,test
25057,326,280,train
25058,387,482,train
25059,349,190,test
25060,88,727,train
25061,390,510,train
25062,205,796,train
25063,484,445,test
25064,511,774,train
25065,279,365,train
25066,699,207,train
25067,799,80,train
25068,93,86,train
25069,752,54,train
25070,39,342,train
25071,652,152,train
25072,385,172,train
25073,418,98,train
25074,95,199,train
25075,674,206,train
25076,306,333,train
25077,567,106,test
25078,489,351,train
25079,107,143,train
25080,18,530,test
25081,96,283,train
25082,273,323,train
25083,615,229,train
25084,648,146,train
25085,200,589,train
25086,742,271,test
25087,531,366,train
25088,151,783,train
25089,308,725,train
25090,82,483,train
25091,321,314,test
25092,770,189,train
25093,435,415,train
25094,385,497,test
25095,514,705,train
25096,230,522,test
25097,670,784,train
25098,464,505,train
25099,367,395,train
25100,357,517,train
25101,363,5,test
25102,260,571,train
25103,758,194,train
25104,784,693,train
25105,555,700,train
25106,667,212,train
25107,95,669,train
25108,39,43,train
25109,413,20,train
25110,45,255,train
25111,205,23,train
25112,660,171,train
25113,533,27,test
25114,703,239,train
25115,546,795,train
25116,421,732,train
25117,300,6,test
25118,13,592,train
25119,657,222,train
25120,109,466,train
25121,490,201,train
25122,426,542,train
25123,48,142,train
25124,34,260,train
25125,702,466,train
25126,202,520,train
25127,498,515,train
25128,81,52,train
25129,661,740,train
25130,336,164,train
25131,336,484,train
25132,475,600,train
25133,174,80,train
25134,668,400,train
25135,511,428,train
25136,6,682,test
25137,26,139,test
25138,194,28,train
25139,17,759,train
25140,365,518,train
25141,318,211,train
25142,180,645,train
25143,254,538,train
25144,340,383,train
25145,486,493,train
25146,524,137,train
25147,51,289,test
25148,225,176,train
25149,314,437,train
25150,309,726,test
25151,16,612,train
25152,460,55,test
25153,520,747,test
25154,559,653,train
25155,92,687,train
25156,74,171,train
25157,584,226,test
25158,156,243,test
25159,133,249,test
25160,234,692,test
25161,38,504,test
25162,654,49,test
25163,656,788,train
25164,260,241,train
25165,123,472,train
25166,447,5,train
25167,357,717,train
25168,442,482,test
25169,566,208,train
25170,514,528,train
25171,3,335,train
25172,289,452,train
25173,780,568,train
25174,768,612,train
25175,658,582,train
25176,716,319,train
25177,545,573,train
25178,134,800,train
25179,316,607,train
25180,147,242,train
25181,116,730,train
25182,537,47,train
25183,319,595,test
25184,186,447,train
25185,354,252,train
25186,281,70,train
25187,409,726,test
25188,628,507,train
25189,215,777,train
25190,526,749,test
25191,497,714,train
25192,240,160,train
25193,590,151,test
25194,634,687,train
25195,546,731,train
25196,391,630,train
25197,397,550,train
25198,568,185,test
25199,466,713,train
25200,450,389,train
25201,45,298,train
25202,294,14,train
25203,411,368,train
25204,520,396,test
25205,537,531,train
25206,179,694,train
25207,197,379,train
25208,743,10,train
25209,405,129,train
25210,700,34,train
25211,752,384,train
25212,75,554,test
25213,346,82,train
25214,435,116,train
25215,199,426,test
25216,297,123,test
25217,51,617,test
25218,538,165,train
25219,520,626,train
25220,342,799,test
25221,228,197,train
25222,305,763,test
25223,757,443,train
25224,794,554,train
25225,559,296,train
25226,36,217,train
25227,417,225,train
25228,334,295,test
25229,468,230,train
25230,680,662,train
25231,298,161,train
25232,601,357,test
25233,200,310,test
25234,6,743,train
25235,335,309,train
25236,551,564,test
25237,272,297,train
25238,521,384,train
25239,72,709,train
25240,111,304,train
25241,316,758,test
25242,288,324,train
25243,729,269,train
25244,222,176,train
25245,6,265,train
25246,739,411,train
25247,87,314,train
25248,527,333,train
25249,478,225,train
25250,712,261,train
25251,571,449,test
25252,80,688,train
25253,138,395,train
25254,730,220,train
25255,717,368,train
25256,114,587,test
25257,256,238,test
25258,403,28,train
25259,716,111,train
25260,120,773,train
25261,601,527,train
25262,391,27,train
25263,95,310,train
25264,323,477,test
25265,7,303,train
25266,574,257,train
25267,300,779,train
25268,449,74,train
25269,109,509,train
25270,150,691,train
25271,59,36,test
25272,244,17,train
25273,244,358,train
25274,2,142,train
25275,600,505,train
25276,249,696,train
25277,486,215,train
25278,407,108,train
25279,667,429,train
25280,691,739,train
25281,222,121,train
25282,378,318,test
25283,386,153,train
25284,228,32,train
25285,632,524,train
25286,507,557,train
25287,64,1,train
25288,157,10,train
25289,376,540,train
25290,529,275,train
25291,277,414,train
25292,249,546,train
25293,611,358,train
25294,472,545,train
25295,648,435,train
25296,201,446,train
25297,431,151,train
25298,377,606,train
25299,728,657,train
25300,431,270,train
25301,526,307,train
25302,800,758,train
25303,707,65,train
25304,172,204,test
25305,241,531,train
25306,731,788,train
25307,286,56,train
25308,750,79,train
25309,564,7,test
25310,48,566,train
25311,243,461,train
25312,167,113,train
25313,651,53,train
25314,363,113,train
25315,110,752,train
25316,527,65,train
25317,657,269,train
25318,455,431,train
25319,474,203,train
25320,577,260,train
25321,362,390,train
25322,454,640,train
25323,470,445,test
25324,534,175,train
25325,119,539,test
25326,163,123,test
25327,189,39,train
25328,93,170,train
25329,475,91,test
25330,469,147,train
25331,551,436,test
25332,505,267,train
25333,325,497,train
25334,283,150,train
25335,689,153,train
25336,756,220,test
25337,673,344,train
25338,539,593,test
25339,565,62,train
25340,424,61,train
25341,107,363,train
25342,756,673,train
25343,473,707,test
25344,295,798,train
25345,649,538,train
25346,203,470,train
25347,373,216,test
25348,450,627,train
25349,677,136,train
25350,8,583,test
25351,565,420,train
25352,189,136,train
25353,114,585,train
25354,118,340,train
25355,44,681,train
25356,254,532,test
25357,738,303,test
25358,584,412,train
25359,491,601,train
25360,284,549,train
25361,422,82,train
25362,192,570,train
25363,61,393,train
25364,39,162,train
25365,605,630,train
25366,755,744,train
25367,431,211,train
25368,373,110,train
25369,516,660,train
25370,385,122,test
25371,51,741,train
25372,179,552,train
25373,282,187,test
25374,649,352,test
25375,323,238,train
25376,672,360,test
25377,214,121,train
25378,609,690,test
25379,77,638,train
25380,196,220,train
25381,570,670,train
25382,588,379,test
25383,205,775,train
25384,684,576,train
25385,515,687,train
25386,40,673,train
25387,512,178,train
25388,591,487,train
25389,308,760,train
25390,416,319,train
25391,232,779,test
25392,344,535,train
25393,331,218,test
25394,209,703,train
25395,182,449,test
25396,257,735,test
25397,288,779,train
25398,341,214,train
25399,613,752,test
25400,795,698,train
25401,106,788,train
25402,579,610,train
25403,581,135,test
25404,748,526,train
25405,272,82,train
25406,444,498,train
25407,759,155,train
25408,708,729,test
25409,619,391,train
25410,55,795,test
25411,646,425,train
25412,383,346,train
25413,185,126,test
25414,643,422,train
25415,217,393,test
25416,235,228,test
25417,329,65,train
25418,110,283,test
25419,664,720,test
25420,639,459,train
25421,185,666,test
25422,377,578,train
25423,713,593,test
25424,519,99,train
25425,713,625,test
25426,157,263,train
25427,159,240,train
25428,96,567,test
25429,87,375,train
25430,569,607,train
25431,35,448,train
25432,76,762,train
25433,143,22,train
25434,535,793,train
25435,541,616,train
25436,769,161,train
25437,28,447,test
25438,7,474,train
25439,143,8,train
25440,592,217,train
25441,429,565,train
25442,134,413,train
25443,21,435,test
25444,521,77,train
25445,126,39,train
25446,44,168,train
25447,138,58,train
25448,91,557,train
25449,653,107,train
25450,344,605,train
25451,425,763,train
25452,405,2,train
25453,602,547,train
25454,579,494,train
25455,616,194,train
25456,470,565,train
25457,141,123,test
25458,431,62,train
25459,542,291,train
25460,352,433,train
25461,335,22,train
25462,490,647,train
25463,278,615,test
25464,155,565,train
25465,65,452,train
25466,213,319,train
25467,326,446,test
25468,604,488,train
25469,282,234,test
25470,213,177,train
25471,20,507,train
25472,680,588,train
25473,544,631,test
25474,113,321,train
25475,428,29,train
25476,534,784,train
25477,773,187,train
25478,329,29,test
25479,409,508,train
25480,426,158,train
25481,199,742,train
25482,407,181,test
25483,267,124,train
25484,18,792,train
25485,293,389,train
25486,274,131,train
25487,647,268,train
25488,216,431,train
25489,31,79,test
25490,246,441,test
25491,673,234,train
25492,471,379,train
25493,594,619,train
25494,671,767,train
25495,668,515,train
25496,393,530,train
25497,222,652,train
25498,754,610,train
25499,278,106,test
25500,649,172,train
25501,22,425,test
25502,633,175,train
25503,134,210,train
25504,352,70,test
25505,447,140,train
25506,674,306,train
25507,282,467,train
25508,553,506,train
25509,540,55,train
25510,382,1,train
25511,529,727,train
25512,160,87,train
25513,155,421,train
25514,37,179,train
25515,743,660,train
25516,15,94,train
25517,728,328,train
25518,356,197,test
25519,623,628,train
25520,293,305,train
25521,437,712,train
25522,129,346,test
25523,179,433,test
25524,36,292,train
25525,610,219,train
25526,575,191,train
25527,264,100,train
25528,134,138,train
25529,225,114,train
25530,156,426,test
25531,350,159,train
25532,415,790,train
25533,499,768,train
25534,765,684,train
25535,314,726,train
25536,511,375,test
25537,617,89,test
25538,191,125,train
25539,376,619,test
25540,794,253,train
25541,177,445,train
25542,684,92,train
25543,87,312,train
25544,140,99,train
25545,430,18,train
25546,41,490,train
25547,513,690,train
25548,173,676,train
25549,602,727,train
25550,623,718,train
25551,671,338,train
25552,747,677,train
25553,111,152,train
25554,774,228,train
25555,304,278,train
25556,300,650,train
25557,533,13,train
25558,660,92,test
25559,703,222,train
25560,647,506,test
25561,521,370,test
25562,232,732,test
25563,601,387,train
25564,411,766,train
25565,394,703,train
25566,326,531,train
25567,410,349,train
25568,45,288,train
25569,41,261,train
25570,268,347,train
25571,38,327,train
25572,72,376,train
25573,133,73,train
25574,743,60,train
25575,542,523,train
25576,270,625,train
25577,157,627,train
25578,30,120,train
25579,50,428,train
25580,213,54,train
25581,130,51,train
25582,475,345,train
25583,13,760,train
25584,291,469,train
25585,198,182,train
25586,152,267,train
25587,515,104,train
25588,82,409,train
25589,261,524,train
25590,88,639,train
25591,785,374,train
25592,514,289,train
25593,607,349,train
25594,514,751,train
25595,124,167,train
25596,77,666,test
25597,115,680,train
25598,690,319,test
25599,264,525,train
25600,281,522,train
25601,332,681,train
25602,780,167,test
25603,82,6,train
25604,613,311,train
25605,213,134,train
25606,237,497,train
25607,172,350,train
25608,340,416,train
25609,72,189,train
25610,494,192,train
25611,231,141,train
25612,300,208,train
25613,341,120,test
25614,40,34,train
25615,738,758,train
25616,550,771,train
25617,145,305,train
25618,653,601,train
25619,128,255,test
25620,623,107,train
25621,540,595,train
25622,496,494,train
25623,616,120,train
25624,522,105,train
25625,438,330,train
25626,659,193,train
25627,323,96,train
25628,553,510,train
25629,682,643,test
25630,169,768,train
25631,169,513,train
25632,147,3,train
25633,672,289,test
25634,496,182,train
25635,574,647,train
25636,245,267,train
25637,361,283,test
25638,117,711,train
25639,85,466,train
25640,570,673,train
25641,227,141,train
25642,512,750,train
25643,722,486,train
25644,261,381,train
25645,379,773,train
25646,111,476,train
25647,274,672,train
25648,76,540,test
25649,214,649,train
25650,755,680,test
25651,403,335,train
25652,307,788,train
25653,626,642,train
25654,363,358,train
25655,791,610,train
25656,519,483,test
25657,586,164,test
25658,3,234,train
25659,129,710,train
25660,253,773,test
25661,426,69,train
25662,462,84,train
25663,241,497,train
25664,4,249,train
25665,254,256,train
25666,131,766,train
25667,442,407,train
25668,181,365,train
25669,67,493,test
25670,376,384,train
25671,252,480,train
25672,630,27,test
25673,8,326,train
25674,786,204,train
25675,174,570,train
25676,349,203,train
25677,661,51,train
25678,716,405,train
25679,589,53,train
25680,143,710,test
25681,261,783,train
25682,430,727,test
25683,220,612,train
25684,509,592,train
25685,365,675,train
25686,557,325,train
25687,247,421,train
25688,748,678,train
25689,342,186,train
25690,235,746,train
25691,325,76,test
25692,763,490,train
25693,799,517,train
25694,671,667,train
25695,753,281,train
25696,186,209,train
25697,506,180,train
25698,593,579,train
25699,692,32,train
25700,142,184,train
25701,561,327,train
25702,377,390,test
25703,233,93,test
25704,141,354,test
25705,71,778,test
25706,728,406,train
25707,494,224,train
25708,230,604,train
25709,645,458,train
25710,248,117,train
25711,198,527,train
25712,346,167,train
25713,528,730,test
25714,733,665,test
25715,436,406,train
25716,551,612,train
25717,172,364,train
25718,558,623,train
25719,780,317,test
25720,222,320,train
25721,241,766,train
25722,750,284,train
25723,118,562,train
25724,357,771,train
25725,763,666,train
25726,91,352,train
25727,519,563,test
25728,540,27,test
25729,324,426,test
25730,300,287,train
25731,517,706,train
25732,339,590,train
25733,624,437,test
25734,127,414,train
25735,302,401,train
25736,430,724,test
25737,701,83,test
25738,734,539,test
25739,245,296,train
25740,513,225,train
25741,608,302,train
25742,522,659,train
25743,452,763,train
25744,748,188,train
25745,249,527,train
25746,358,575,train
25747,395,628,train
25748,683,68,train
25749,75,178,train
25750,283,266,train
25751,491,316,train
25752,596,702,train
25753,143,440,train
25754,682,457,train
25755,107,222,train
25756,559,311,train
25757,713,385,train
25758,536,793,train
25759,234,689,train
25760,399,543,test
25761,34,560,train
25762,626,551,train
25763,475,81,train
25764,155,573,train
25765,731,746,train
25766,361,680,train
25767,555,127,train
25768,22,635,train
25769,517,696,train
25770,107,43,train
25771,27,459,train
25772,65,428,train
25773,394,402,train
25774,15,667,train
25775,26,411,test
25776,762,797,train
25777,204,739,test
25778,799,759,train
25779,695,201,train
25780,761,325,test
25781,758,278,test
25782,490,214,train
25783,717,353,train
25784,557,740,train
25785,36,169,train
25786,3,282,train
25787,190,522,train
25788,39,590,train
25789,700,800,train
25790,661,787,test
25791,441,55,train
25792,773,313,train
25793,798,525,train
25794,395,543,train
25795,29,376,test
25796,353,692,train
25797,160,727,train
25798,758,342,train
25799,726,181,train
25800,67,57,train
25801,658,692,test
25802,571,159,train
25803,390,166,train
25804,749,651,train
25805,635,544,train
25806,166,130,test
25807,27,603,train
25808,546,378,train
25809,297,529,train
25810,315,132,train
25811,269,191,test
25812,651,38,train
25813,261,765,train
25814,279,745,train
25815,251,89,test
25816,776,768,test
25817,89,25,train
25818,488,659,train
25819,400,51,train
25820,660,179,train
25821,152,654,train
25822,103,358,train
25823,532,485,train
25824,194,574,train
25825,335,543,test
25826,601,306,train
25827,539,774,test
25828,478,10,train
25829,292,629,train
25830,450,331,train
25831,122,486,train
25832,182,554,train
25833,80,239,train
25834,415,167,train
25835,634,602,train
25836,127,285,train
25837,195,542,train
25838,125,683,test
25839,576,352,train
25840,390,301,train
25841,103,16,train
25842,702,578,train
25843,751,366,train
25844,771,735,train
25845,756,722,test
25846,65,243,test
25847,147,138,test
25848,164,521,train
25849,538,502,train
25850,521,124,train
25851,25,799,train
25852,731,441,test
25853,635,241,test
25854,713,364,train
25855,387,26,test
25856,776,225,test
25857,301,743,train
25858,673,588,train
25859,727,661,train
25860,545,464,train
25861,619,225,test
25862,180,549,train
25863,82,83,train
25864,359,771,train
25865,118,622,train
25866,608,22,test
25867,394,270,train
25868,374,261,train
25869,336,18,train
25870,524,723,test
25871,325,206,train
25872,249,130,train
25873,252,524,test
25874,497,231,train
25875,11,311,train
25876,608,380,train
25877,172,247,train
25878,222,39,train
25879,654,540,train
25880,166,548,train
25881,573,774,test
25882,59,120,train
25883,276,268,train
25884,147,313,test
25885,624,645,train
25886,635,798,train
25887,252,645,train
25888,26,465,train
25889,704,724,train
25890,607,694,train
25891,405,404,train
25892,590,557,test
25893,190,36,train
25894,742,542,train
25895,192,244,train
25896,384,182,train
25897,96,39,train
25898,239,121,train
25899,362,100,train
25900,377,721,train
25901,106,47,train
25902,104,434,train
25903,527,702,train
25904,383,363,train
25905,741,253,test
25906,591,644,train
25907,23,566,test
25908,515,606,test
25909,735,214,train
25910,591,720,train
25911,287,731,test
25912,767,771,train
25913,312,30,train
25914,561,552,train
25915,764,338,train
25916,352,785,train
25917,224,366,train
25918,53,786,test
25919,228,383,train
25920,647,632,train
25921,542,261,train
25922,425,332,train
25923,260,672,test
25924,145,626,train
25925,93,654,train
25926,706,534,train
25927,696,138,train
25928,88,251,train
25929,156,475,train
25930,551,132,test
25931,8,721,train
25932,260,598,train
25933,596,681,train
25934,337,98,train
25935,93,276,train
25936,468,332,train
25937,659,673,test
25938,317,169,train
25939,631,206,train
25940,231,496,train
25941,775,271,train
25942,308,599,test
25943,463,598,train
25944,673,304,train
25945,81,417,train
25946,347,250,train
25947,658,688,train
25948,459,756,train
25949,23,194,train
25950,591,488,test
25951,553,275,test
25952,416,143,train
25953,239,338,train
25954,344,771,train
25955,105,530,train
25956,740,436,test
25957,555,329,train
25958,610,583,train
25959,593,767,test
25960,399,80,train
25961,226,510,train
25962,456,101,train
25963,152,218,train
25964,240,788,train
25965,463,219,train
25966,429,568,train
25967,326,198,train
25968,725,561,train
25969,67,280,train
25970,431,196,train
25971,624,745,train
25972,637,546,train
25973,764,206,test
25974,28,501,train
25975,581,548,test
25976,730,754,train
25977,237,259,train
25978,446,747,train
25979,336,241,train
25980,354,160,train
25981,19,45,train
25982,272,789,train
25983,476,319,train
25984,530,401,train
25985,686,680,train
25986,375,547,train
25987,223,382,train
25988,687,517,test
25989,720,263,train
25990,698,697,train
25991,108,109,train
25992,182,787,train
25993,516,441,train
25994,766,517,train
25995,38,140,train
25996,97,529,train
25997,254,335,train
25998,279,762,test
25999,681,649,train
26000,180,214,train
26001,536,769,train
26002,283,444,train
26003,325,391,train
26004,584,649,test
26005,189,687,test
26006,193,482,train
26007,595,591,train
26008,639,749,test
26009,677,404,train
26010,269,527,test
26011,209,274,train
26012,119,465,train
26013,184,679,train
26014,368,274,test
26015,529,473,train
26016,757,421,train
26017,427,767,train
26018,184,501,train
26019,320,241,train
26020,739,111,test
26021,228,311,train
26022,396,187,train
26023,290,707,test
26024,526,340,train
26025,312,301,train
26026,191,19,train
26027,643,230,test
26028,63,691,test
26029,58,642,train
26030,299,408,train
26031,630,92,train
26032,67,718,test
26033,169,554,train
26034,720,379,train
26035,406,493,train
26036,626,670,train
26037,251,28,test
26038,506,369,test
26039,439,601,train
26040,709,781,train
26041,640,108,train
26042,391,538,train
26043,667,94,train
26044,665,255,train
26045,683,172,train
26046,17,112,train
26047,729,426,train
26048,740,662,train
26049,252,649,test
26050,560,19,train
26051,74,52,train
26052,512,558,train
26053,423,497,train
26054,457,240,test
26055,415,198,train
26056,431,70,train
26057,354,456,test
26058,671,38,test
26059,280,461,test
26060,293,136,train
26061,117,10,train
26062,418,486,train
26063,314,393,train
26064,511,68,train
26065,351,591,train
26066,566,289,train
26067,26,464,test
26068,57,79,train
26069,536,54,train
26070,700,370,test
26071,8,147,train
26072,64,761,train
26073,573,453,train
26074,506,328,train
26075,67,650,test
26076,458,158,test
26077,93,41,test
26078,108,10,train
26079,369,654,train
26080,751,63,train
26081,645,296,train
26082,567,155,train
26083,286,376,train
26084,572,211,test
26085,721,622,train
26086,594,196,train
26087,627,365,train
26088,25,508,test
26089,354,278,train
26090,280,713,train
26091,211,710,train
26092,493,303,test
26093,778,508,test
26094,106,220,train
26095,82,526,train
26096,457,769,train
26097,396,667,train
26098,443,198,test
26099,400,658,test
26100,301,643,train
26101,97,96,test
26102,389,598,train
26103,558,28,test
26104,496,70,test
26105,792,542,train
26106,1,219,train
26107,367,292,train
26108,104,682,train
26109,706,326,train
26110,220,18,train
26111,727,194,train
26112,402,689,test
26113,734,42,train
26114,253,494,train
26115,560,519,train
26116,735,132,train
26117,335,708,train
26118,375,643,train
26119,381,395,train
26120,676,56,test
26121,730,383,train
26122,261,122,train
26123,653,495,test
26124,499,423,train
26125,194,117,test
26126,288,772,test
26127,646,717,train
26128,119,547,train
26129,570,291,train
26130,667,279,train
26131,120,596,train
26132,799,255,train
26133,235,686,test
26134,551,292,test
26135,796,173,train
26136,324,499,train
26137,97,176,test
26138,224,380,train
26139,175,241,train
26140,65,453,train
26141,241,338,test
26142,41,273,train
26143,318,219,train
26144,718,730,train
26145,729,92,train
26146,384,762,train
26147,731,670,train
26148,220,492,test
26149,531,529,train
26150,6,493,test
26151,434,156,train
26152,750,145,train
26153,465,590,test
26154,387,423,test
26155,414,394,train
26156,795,149,train
26157,518,14,train
26158,672,128,train
26159,49,209,test
26160,102,648,train
26161,198,498,train
26162,117,302,train
26163,739,492,train
26164,507,458,train
26165,531,67,train
26166,346,192,test
26167,226,706,train
26168,498,750,train
26169,616,658,train
26170,155,351,train
26171,699,48,train
26172,82,16,train
26173,633,406,train
26174,599,438,test
26175,105,169,train
26176,6,209,train
26177,791,593,train
26178,327,177,train
26179,76,677,train
26180,766,382,train
26181,354,694,test
26182,16,478,train
26183,340,473,train
26184,478,266,train
26185,639,68,train
26186,718,736,train
26187,132,247,train
26188,163,120,test
26189,715,392,train
26190,767,514,train
26191,83,363,train
26192,609,656,train
26193,120,664,train
26194,680,422,train
26195,157,99,train
26196,702,545,test
26197,706,384,train
26198,392,273,train
26199,416,6,train
26200,49,131,train
26201,623,225,train
26202,461,271,train
26203,331,615,train
26204,158,283,test
26205,233,274,train
26206,95,369,train
26207,386,158,train
26208,5,246,train
26209,661,622,test
26210,278,226,train
26211,740,124,train
26212,409,758,train
26213,20,188,test
26214,577,706,train
26215,369,583,train
26216,102,669,train
26217,357,558,test
26218,717,89,train
26219,104,519,train
26220,421,468,train
26221,480,299,train
26222,624,688,train
26223,95,259,train
26224,436,261,train
26225,596,650,test
26226,185,200,train
26227,119,132,train
26228,646,14,test
26229,185,64,train
26230,583,633,train
26231,498,155,train
26232,666,259,train
26233,766,699,train
26234,689,511,train
26235,522,780,train
26236,380,125,train
26237,454,387,train
26238,220,170,train
26239,427,743,train
26240,130,514,train
26241,507,769,test
26242,200,28,train
26243,267,397,test
26244,692,578,train
26245,323,393,train
26246,396,230,train
26247,703,340,train
26248,107,741,train
26249,717,761,train
26250,95,120,train
26251,433,1,train
26252,767,178,train
26253,678,511,test
26254,741,252,train
26255,651,81,train
26256,2,97,train
26257,270,45,train
26258,162,190,train
26259,197,596,train
26260,382,361,test
26261,435,184,train
26262,318,415,train
26263,535,543,train
26264,373,482,train
26265,59,537,train
26266,142,326,train
26267,53,22,train
26268,45,450,train
26269,113,44,train
26270,719,170,train
26271,249,244,train
26272,695,168,train
26273,532,650,train
26274,259,349,test
26275,72,74,train
26276,613,40,train
26277,581,508,train
26278,799,569,train
26279,124,774,train
26280,579,251,train
26281,110,296,train
26282,199,119,train
26283,551,405,train
26284,224,412,train
26285,770,515,test
26286,134,468,train
26287,512,649,train
26288,530,394,train
26289,609,123,train
26290,429,764,test
26291,247,394,train
26292,122,279,train
26293,610,275,test
26294,591,72,train
26295,54,351,test
26296,555,543,train
26297,332,109,train
26298,31,117,test
26299,318,690,test
26300,744,466,test
26301,723,612,train
26302,470,727,train
26303,544,516,train
26304,351,230,test
26305,79,669,train
26306,521,600,train
26307,671,539,train
26308,328,447,train
26309,696,32,train
26310,55,517,train
26311,731,177,train
26312,257,335,train
26313,601,735,train
26314,58,551,train
26315,35,458,train
26316,302,541,train
26317,769,333,train
26318,696,735,train
26319,379,267,test
26320,344,578,train
26321,194,418,train
26322,326,14,test
26323,497,67,train
26324,147,679,train
26325,681,82,train
26326,509,711,train
26327,551,679,test
26328,697,480,train
26329,74,705,train
26330,374,679,train
26331,607,540,train
26332,124,534,test
26333,732,781,train
26334,637,488,test
26335,27,513,test
26336,402,519,train
26337,260,652,train
26338,2,457,train
26339,621,747,train
26340,567,448,train
26341,399,646,train
26342,29,74,test
26343,567,16,train
26344,197,502,train
26345,276,79,train
26346,339,262,train
26347,578,430,train
26348,689,347,test
26349,737,470,train
26350,737,254,test
26351,524,106,train
26352,58,367,train
26353,30,543,train
26354,125,157,train
26355,563,31,train
26356,177,102,test
26357,396,245,train
26358,605,533,train
26359,612,10,train
26360,140,148,train
26361,597,158,train
26362,584,302,train
26363,39,468,train
26364,214,672,train
26365,41,76,train
26366,408,729,train
26367,454,395,train
26368,327,104,train
26369,788,42,test
26370,111,428,train
26371,153,753,train
26372,658,437,train
26373,671,437,train
26374,600,73,train
26375,64,359,train
26376,352,385,test
26377,607,101,test
26378,761,24,train
26379,691,206,train
26380,455,258,test
26381,143,658,train
26382,47,384,train
26383,119,256,train
26384,784,473,test
26385,790,80,train
26386,650,138,train
26387,491,788,train
26388,441,733,test
26389,348,176,train
26390,654,390,train
26391,627,45,test
26392,587,523,train
26393,188,212,train
26394,616,552,train
26395,573,305,test
26396,646,377,train
26397,128,188,test
26398,408,403,train
26399,523,150,train
26400,255,511,train
26401,273,220,train
26402,333,132,train
26403,239,571,train
26404,8,474,test
26405,579,174,train
26406,585,427,train
26407,494,292,train
26408,760,675,train
26409,251,411,train
26410,507,522,train
26411,466,661,train
26412,505,542,train
26413,88,105,test
26414,277,44,train
26415,753,142,train
26416,50,73,train
26417,544,432,train
26418,407,504,train
26419,99,233,train
26420,269,647,train
26421,256,244,train
26422,417,629,train
26423,360,570,train
26424,289,385,train
26425,473,352,train
26426,669,201,train
26427,187,92,train
26428,653,16,train
26429,664,569,train
26430,608,109,train
26431,515,624,train
26432,575,274,train
26433,39,441,train
26434,433,11,train
26435,50,394,train
26436,466,661,train
26437,321,58,train
26438,103,92,train
26439,207,424,train
26440,745,205,test
26441,161,348,train
26442,87,761,train
26443,55,21,train
26444,281,294,train
26445,600,719,train
26446,284,487,train
26447,643,345,train
26448,407,724,train
26449,211,440,train
26450,680,605,train
26451,89,518,train
26452,333,93,train
26453,238,58,test
26454,457,258,test
26455,67,227,train
26456,540,611,train
26457,271,489,train
26458,65,728,train
26459,71,605,train
26460,691,206,train
26461,651,53,train
26462,640,36,train
26463,282,319,train
26464,684,694,train
26465,705,10,test
26466,788,420,test
26467,698,132,train
26468,348,552,train
26469,739,432,test
26470,621,272,train
26471,596,629,train
26472,475,372,train
26473,786,32,train
26474,711,748,test
26475,381,602,train
26476,694,422,train
26477,608,468,train
26478,537,213,train
26479,40,283,train
26480,331,226,train
26481,668,239,train
26482,225,439,train
26483,383,160,train
26484,590,530,train
26485,527,356,train
26486,444,175,train
26487,99,129,train
26488,627,799,train
26489,176,700,train
26490,711,660,train
26491,449,170,test
26492,406,471,train
26493,382,97,train
26494,315,263,train
26495,58,245,test
26496,99,746,train
26497,769,229,train
26498,688,487,test
26499,5,410,train
26500,759,533,train
26501,147,149,train
26502,612,570,train
26503,661,541,train
26504,716,481,train
26505,774,119,train
26506,508,496,train
26507,376,241,train
26508,72,431,train
26509,643,84,train
26510,425,112,train
26511,246,515,train
26512,688,202,train
26513,172,360,train
26514,549,72,test
26515,77,211,test
26516,147,229,train
26517,491,704,train
26518,513,17,train
26519,403,583,train
26520,57,253,train
26521,50,209,train
26522,4,735,train
26523,562,616,train
26524,642,738,train
26525,563,51,train
26526,292,335,train
26527,716,553,train
26528,148,388,test
26529,634,338,test
26530,737,667,train
26531,297,131,train
26532,191,616,train
26533,175,119,train
26534,721,729,test
26535,538,754,test
26536,745,739,train
26537,504,582,train
26538,195,551,test
26539,83,635,test
26540,602,316,test
26541,348,211,train
26542,777,352,train
26543,65,290,train
26544,361,215,train
26545,362,186,test
26546,330,522,train
26547,636,306,train
26548,150,241,test
26549,670,126,train
26550,165,45,train
26551,83,730,train
26552,532,481,train
26553,480,610,train
26554,71,122,train
26555,340,11,train
26556,286,4,train
26557,270,792,train
26558,470,748,train
26559,798,325,train
26560,676,232,train
26561,660,734,train
26562,204,714,train
26563,44,68,train
26564,701,56,train
26565,633,182,test
26566,768,616,train
26567,494,693,train
26568,310,601,train
26569,327,712,train
26570,386,644,train
26571,213,546,train
26572,309,667,train
26573,430,276,train
26574,330,644,train
26575,256,682,train
26576,464,177,test
26577,470,328,train
26578,665,643,train
26579,708,553,train
26580,537,483,test
26581,2,173,test
26582,783,346,train
26583,603,627,test
26584,311,7,train
26585,612,9,train
26586,769,262,train
26587,510,186,train
26588,59,335,train
26589,95,148,test
26590,350,477,test
26591,525,344,train
26592,24,491,train
26593,268,152,train
26594,159,666,train
26595,783,400,train
26596,536,606,test
26597,110,703,train
26598,219,319,train
26599,163,332,train
26600,541,709,train
26601,114,6,test
26602,31,688,train
26603,736,286,train
26604,158,136,test
26605,150,356,train
26606,350,437,train
26607,170,642,test
26608,672,632,train
26609,212,5,train
26610,273,145,train
26611,188,179,train
26612,422,497,test
26613,512,15,train
26614,749,211,test
26615,564,744,train
26616,292,800,train
26617,281,107,train
26618,699,736,train
26619,232,11,train
26620,10,81,train
26621,769,79,train
26622,174,124,train
26623,465,567,train
26624,130,525,train
26625,162,484,train
26626,274,582,train
26627,450,409,train
26628,88,537,train
26629,631,242,train
26630,44,666,train
26631,36,681,train
26632,163,482,train
26633,548,740,train
26634,401,571,train
26635,31,151,train
26636,330,735,train
26637,645,207,train
26638,531,231,train
26639,349,681,train
26640,329,319,train
26641,793,329,test
26642,741,336,test
26643,725,421,train
26644,334,428,train
26645,280,369,train
26646,84,730,train
26647,712,372,train
26648,262,438,train
26649,163,301,train
26650,50,224,train
26651,754,468,train
26652,16,311,test
26653,191,131,train
26654,631,494,test
26655,605,574,test
26656,405,557,train
26657,521,383,train
26658,168,447,train
26659,8,81,test
26660,303,571,test
26661,22,213,train
26662,616,692,test
26663,547,653,train
26664,739,385,train
26665,239,631,train
26666,244,81,train
26667,429,274,train
26668,732,257,test
26669,352,375,train
26670,637,240,test
26671,800,11,train
26672,120,572,train
26673,28,270,train
26674,319,104,train
26675,519,624,train
26676,703,186,train
26677,462,467,train
26678,561,163,test
26679,581,586,train
26680,214,762,train
26681,415,450,train
26682,310,63,train
26683,762,660,test
26684,13,463,train
26685,80,202,train
26686,187,669,train
26687,545,93,train
26688,670,191,train
26689,69,491,test
26690,665,581,test
26691,409,771,train
26692,692,629,test
26693,592,59,train
26694,27,758,test
26695,181,458,train
26696,756,662,train
26697,756,429,train
26698,122,310,train
26699,626,749,train
26700,247,527,train
26701,1,337,test
26702,258,334,train
26703,791,589,train
26704,468,766,train
26705,356,85,train
26706,727,4,train
26707,629,596,train
26708,369,565,test
26709,420,583,train
26710,481,670,test
26711,345,441,train
26712,595,673,train
26713,683,405,train
26714,120,461,train
26715,166,726,train
26716,88,674,test
26717,560,100,train
26718,79,91,train
26719,620,444,train
26720,50,487,test
26721,672,196,train
26722,785,498,train
26723,727,214,train
26724,475,569,test
26725,230,648,train
26726,473,677,train
26727,412,432,train
26728,32,536,train
26729,733,787,train
26730,212,237,train
26731,238,533,train
26732,355,13,train
26733,723,739,train
26734,58,303,train
26735,751,94,test
26736,531,116,test
26737,447,565,test
26738,87,447,train
26739,25,632,test
26740,521,15,train
26741,303,425,test
26742,283,211,train
26743,342,387,train
26744,101,515,train
26745,783,781,train
26746,19,506,train
26747,37,345,train
26748,497,251,test
26749,752,198,train
26750,557,379,test
26751,477,255,train
26752,55,614,test
26753,9,219,train
26754,586,231,train
26755,481,580,train
26756,195,307,train
26757,539,430,train
26758,772,224,train
26759,693,247,test
26760,405,472,test
26761,172,611,train
26762,314,565,train
26763,523,640,train
26764,794,162,train
26765,150,557,train
26766,446,313,train
26767,508,210,train
26768,477,600,train
26769,696,152,test
26770,247,546,train
26771,105,746,train
26772,456,473,train
26773,649,526,train
26774,797,583,test
26775,706,269,test
26776,299,259,train
26777,302,418,test
26778,559,62,train
26779,575,797,train
26780,730,484,train
26781,176,658,train
26782,393,151,train
26783,649,112,train
26784,323,740,train
26785,50,501,train
26786,21,157,train
26787,108,705,train
26788,463,763,train
26789,762,190,train
26790,161,727,train
26791,525,670,train
26792,544,22,train
26793,138,181,train
26794,168,558,train
26795,660,99,train
26796,396,243,train
26797,640,344,test
26798,409,62,train
26799,649,279,test
26800,76,375,train
26801,599,314,test
26802,227,496,train
26803,338,777,train
26804,463,158,train
26805,264,216,train
26806,468,454,train
26807,106,697,train
26808,274,291,train
26809,252,767,train
26810,64,611,train
26811,596,234,train
26812,269,528,train
26813,626,111,train
26814,543,571,test
26815,470,745,train
26816,68,756,test
26817,654,47,train
26818,214,406,test
26819,259,486,train
26820,196,645,train
26821,94,660,train
26822,662,135,train
26823,430,399,test
26824,250,300,train
26825,142,8,train
26826,258,741,test
26827,34,412,train
26828,64,368,train
26829,125,10,train
26830,768,491,train
26831,735,153,train
26832,284,624,test
26833,474,539,test
26834,662,261,train
26835,634,102,test
26836,402,713,train
26837,392,572,test
26838,70,688,train
26839,645,98,train
26840,9,726,test
26841,218,17,train
26842,412,548,test
26843,456,382,test
26844,6,280,train
26845,173,580,train
26846,7,344,test
26847,521,99,train
26848,38,197,train
26849,42,314,train
26850,468,204,train
26851,685,756,train
26852,599,110,train
26853,27,430,train
26854,128,769,train
26855,113,500,train
26856,741,194,train
26857,712,49,train
26858,522,379,train
26859,639,64,train
26860,533,644,train
26861,704,142,train
26862,694,632,train
26863,511,81,train
26864,379,325,train
26865,546,414,train
26866,484,382,train
26867,527,227,train
26868,378,485,train
26869,669,166,train
26870,682,559,train
26871,442,38,train
26872,352,212,train
26873,387,713,train
26874,569,254,train
26875,471,20,test
26876,787,762,train
26877,211,235,train
26878,219,411,train
26879,632,776,test
26880,538,636,train
26881,208,254,train
26882,568,189,train
26883,18,149,train
26884,296,14,train
26885,220,406,train
26886,157,486,train
26887,412,313,train
26888,304,395,train
26889,632,186,train
26890,385,449,train
26891,574,700,train
26892,140,427,train
26893,708,435,train
26894,301,455,train
26895,334,331,train
26896,105,116,train
26897,197,463,train
26898,593,551,train
26899,408,683,train
26900,303,266,train
26901,601,584,train
26902,687,212,test
26903,629,375,test
26904,666,56,train
26905,155,321,test
26906,266,214,train
26907,188,170,train
26908,2,143,train
26909,55,488,train
26910,70,696,test
26911,380,458,test
26912,308,458,train
26913,182,547,test
26914,292,391,train
26915,373,576,train
26916,617,283,train
26917,489,761,train
26918,101,583,train
26919,282,717,train
26920,56,218,train
26921,484,19,train
26922,348,87,train
26923,332,676,train
26924,616,653,test
26925,99,262,train
26926,326,594,train
26927,305,412,train
26928,712,663,train
26929,507,68,train
26930,785,761,test
26931,352,461,train
26932,473,626,train
26933,527,603,train
26934,134,642,train
26935,41,619,train
26936,727,590,train
26937,678,607,test
26938,229,515,train
26939,194,373,test
26940,677,168,train
26941,467,548,train
26942,443,199,test
26943,523,221,test
26944,159,515,train
26945,593,270,train
26946,248,549,test
26947,187,423,test
26948,606,497,train
26949,147,423,train
26950,621,209,train
26951,476,77,test
26952,765,145,train
26953,96,785,train
26954,120,349,test
26955,362,631,train
26956,775,105,train
26957,424,3,train
26958,345,357,train
26959,467,608,train
26960,766,62,train
26961,312,280,train
26962,98,85,test
26963,420,649,train
26964,198,154,train
26965,469,41,train
26966,771,724,train
26967,332,139,train
26968,317,291,train
26969,323,690,train
26970,99,680,train
26971,213,212,train
26972,653,447,test
26973,627,786,test
26974,333,751,train
26975,379,577,test
26976,531,532,train
26977,5,271,test
26978,301,787,train
26979,581,694,test
26980,130,565,train
26981,706,340,train
26982,456,727,train
26983,431,257,test
26984,598,764,train
26985,77,7,train
26986,533,287,train
26987,207,388,train
26988,310,188,test
26989,509,317,train
26990,461,521,train
26991,424,564,test
26992,27,61,test
26993,353,20,train
26994,534,332,test
26995,413,112,train
26996,760,623,test
26997,716,105,train
26998,764,473,train
26999,212,768,train
27000,716,305,train
27001,77,95,train
27002,48,184,train
27003,42,181,test
27004,800,107,train
27005,788,477,train
27006,619,174,test
27007,456,427,train
27008,373,212,test
27009,694,790,test
27010,688,27,train
27011,525,757,train
27012,512,389,train
27013,773,204,train
27014,288,220,test
27015,542,392,train
27016,318,459,train
27017,341,791,train
27018,8,318,test
27019,140,591,train
27020,72,548,test
27021,218,32,train
27022,676,190,train
27023,600,481,test
27024,228,412,train
27025,676,470,test
27026,448,412,train
27027,798,341,test
27028,693,412,train
27029,249,161,train
27030,749,171,test
27031,511,632,train
27032,48,79,train
27033,333,252,test
27034,412,470,test
27035,497,748,train
27036,759,796,train
27037,4,321,test
27038,54,395,train
27039,57,184,train
27040,226,596,train
27041,366,693,train
27042,439,581,test
27043,773,774,train
27044,377,361,train
27045,471,676,train
27046,69,698,train
27047,559,119,train
27048,503,361,test
27049,178,205,train
27050,130,393,train
27051,656,536,train
27052,408,418,train
27053,401,557,test
27054,639,181,train
27055,487,390,test
27056,669,444,train
27057,97,272,train
27058,410,539,train
27059,642,163,train
27060,591,111,train
27061,333,426,train
27062,538,260,train
27063,205,776,train
27064,605,226,train
27065,191,215,train
27066,174,492,train
27067,164,349,test
27068,177,301,train
27069,105,380,train
27070,351,417,train
27071,466,371,test
27072,526,418,train
27073,682,286,train
27074,446,478,train
27075,445,350,train
27076,115,730,train
27077,138,596,test
27078,536,52,train
27079,395,210,train
27080,186,16,test
27081,787,128,train
27082,4,320,test
27083,240,475,train
27084,387,32,test
27085,189,634,test
27086,527,299,train
27087,432,306,train
27088,732,643,train
27089,751,504,train
27090,647,592,train
27091,508,669,test
27092,169,673,train
27093,227,748,test
27094,509,162,train
27095,513,430,train
27096,197,207,train
27097,7,29,train
27098,44,204,test
27099,127,393,train
27100,256,605,train
27101,458,720,test
27102,135,311,train
27103,764,199,test
27104,388,569,train
27105,317,351,train
27106,628,448,train
27107,761,80,train
27108,304,248,train
27109,406,234,test
27110,190,743,train
27111,742,650,train
27112,754,545,train
27113,684,100,train
27114,264,398,test
27115,462,3,train
27116,217,229,train
27117,255,762,test
27118,742,16,test
27119,542,738,train
27120,359,131,train
27121,45,270,train
27122,650,689,test
27123,432,532,train
27124,242,251,train
27125,207,215,train
27126,611,365,train
27127,742,369,train
27128,422,26,train
27129,262,660,train
27130,4,393,train
27131,685,550,train
27132,667,269,train
27133,535,159,train
27134,116,498,test
27135,642,369,test
27136,208,441,train
27137,755,453,train
27138,304,571,train
27139,771,717,train
27140,205,59,train
27141,424,641,train
27142,29,371,train
27143,72,669,train
27144,437,169,train
27145,390,409,train
27146,212,504,train
27147,67,108,train
27148,446,247,train
27149,338,749,train
27150,502,620,train
27151,337,593,test
27152,335,213,train
27153,154,485,train
27154,152,394,train
27155,529,521,test
27156,644,609,train
27157,385,433,test
27158,663,713,train
27159,240,481,train
27160,687,455,train
27161,238,498,train
27162,658,28,train
27163,594,516,test
27164,641,738,train
27165,578,93,train
27166,249,677,train
27167,728,39,train
27168,700,757,train
27169,308,710,test
27170,719,55,test
27171,517,457,train
27172,395,501,test
27173,651,328,train
27174,764,8,train
27175,159,381,test
27176,243,87,train
27177,376,670,train
27178,781,224,train
27179,590,91,train
27180,654,604,test
27181,281,170,train
27182,631,204,train
27183,613,121,train
27184,663,298,train
27185,431,785,test
27186,562,603,train
27187,691,429,train
27188,670,308,train
27189,316,92,train
27190,242,174,train
27191,275,243,train
27192,535,550,test
27193,438,613,train
27194,690,798,train
27195,632,214,test
27196,9,578,test
27197,201,174,train
27198,467,271,train
27199,420,581,train
27200,445,156,train
27201,198,554,train
27202,671,31,test
27203,26,162,train
27204,698,688,train
27205,674,140,test
27206,317,598,train
27207,442,525,train
27208,353,706,train
27209,416,342,train
27210,429,128,test
27211,247,518,train
27212,600,391,train
27213,746,108,test
27214,111,223,train
27215,264,559,train
27216,546,480,test
27217,170,328,train
27218,773,455,test
27219,631,561,train
27220,783,408,train
27221,134,398,train
27222,441,112,train
27223,91,60,train
27224,768,256,train
27225,40,682,train
27226,107,51,train
27227,636,175,train
27228,40,738,train
27229,71,369,train
27230,196,94,train
27231,457,767,train
27232,218,500,train
27233,780,181,train
27234,423,557,train
27235,564,339,train
27236,578,396,train
27237,282,338,train
27238,377,176,test
27239,610,528,train
27240,163,118,train
27241,234,110,train
27242,99,584,train
27243,544,662,train
27244,451,721,train
27245,503,263,train
27246,523,309,train
27247,277,402,train
27248,538,410,train
27249,461,487,train
27250,1,252,train
27251,463,213,test
27252,666,625,train
27253,318,677,train
27254,250,213,train
27255,348,749,train
27256,192,484,test
27257,770,797,train
27258,603,265,train
27259,356,218,train
27260,117,42,train
27261,133,455,train
27262,674,669,train
27263,95,717,train
27264,255,410,train
27265,271,646,test
27266,465,510,train
27267,779,411,test
27268,453,107,train
27269,723,541,train
27270,68,224,train
27271,246,353,train
27272,193,36,train
27273,541,209,train
27274,225,571,train
27275,368,796,test
27276,600,320,train
27277,337,697,train
27278,410,247,train
27279,529,660,train
27280,458,418,train
27281,682,641,train
27282,593,728,train
27283,255,478,train
27284,636,458,train
27285,765,62,train
27286,355,394,train
27287,562,7,train
27288,614,620,train
27289,672,711,train
27290,131,636,train
27291,476,573,train
27292,392,65,test
27293,628,40,train
27294,24,499,train
27295,239,791,train
27296,18,777,train
27297,344,702,train
27298,690,772,train
27299,131,722,train
27300,278,300,train
27301,710,566,train
27302,275,523,test
27303,367,389,train
27304,342,657,train
27305,32,687,train
27306,619,637,train
27307,189,416,train
27308,359,414,train
27309,61,406,train
27310,761,362,train
27311,168,680,train
27312,565,595,train
27313,565,529,test
27314,171,626,train
27315,311,787,train
27316,306,553,train
27317,596,373,test
27318,383,237,train
27319,726,509,train
27320,153,334,train
27321,769,485,test
27322,343,254,train
27323,707,744,train
27324,270,569,train
27325,307,303,train
27326,262,245,train
27327,407,417,train
27328,93,246,test
27329,536,769,train
27330,637,229,test
27331,109,267,test
27332,378,223,train
27333,685,155,train
27334,167,189,train
27335,179,225,train
27336,131,668,train
27337,3,398,train
27338,783,173,train
27339,738,13,train
27340,155,338,train
27341,623,43,train
27342,289,616,train
27343,64,516,train
27344,600,440,train
27345,151,520,train
27346,35,707,train
27347,272,512,train
27348,640,344,test
27349,376,209,train
27350,592,626,train
27351,111,627,train
27352,332,271,train
27353,752,634,train
27354,468,133,train
27355,470,516,train
27356,1,302,train
27357,673,218,train
27358,344,181,train
27359,430,433,test
27360,153,471,train
27361,747,557,train
27362,749,287,train
27363,449,767,train
27364,621,738,train
27365,444,600,train
27366,429,278,test
27367,547,710,train
27368,225,414,test
27369,789,316,train
27370,763,35,train
27371,584,494,train
27372,370,546,train
27373,790,62,test
27374,485,473,train
27375,501,481,test
27376,443,43,test
27377,375,48,train
27378,11,449,train
27379,698,776,train
27380,294,477,test
27381,694,55,train
27382,17,648,train
27383,370,443,train
27384,731,240,test
27385,688,227,test
27386,723,105,train
27387,663,132,train
27388,182,350,train
27389,128,163,train
27390,762,429,test
27391,110,461,test
27392,316,199,train
27393,693,151,train
27394,15,488,train
27395,367,730,train
27396,613,718,train
27397,625,15,train
27398,620,483,train
27399,431,268,train
27400,197,208,test
27401,498,110,test
27402,388,165,test
27403,216,569,train
27404,366,604,test
27405,499,441,train
27406,755,153,train
27407,511,515,train
27408,534,354,train
27409,424,558,train
27410,609,420,train
27411,71,133,test
27412,523,210,train
27413,174,540,train
27414,207,682,train
27415,617,571,train
27416,274,745,train
27417,316,474,train
27418,358,105,train
27419,612,145,train
27420,425,800,train
27421,619,193,train
27422,540,295,train
27423,494,211,test
27424,145,437,train
27425,511,372,train
27426,456,95,train
27427,332,301,test
27428,594,118,train
27429,487,119,train
27430,458,609,train
27431,629,692,test
27432,220,514,train
27433,306,505,train
27434,470,5,train
27435,765,76,test
27436,150,146,train
27437,455,477,train
27438,692,194,train
27439,319,84,train
27440,297,303,train
27441,72,57,train
27442,690,386,train
27443,421,566,train
27444,302,336,train
27445,625,299,train
27446,28,84,train
27447,24,429,train
27448,793,197,train
27449,386,391,test
27450,216,657,test
27451,511,379,test
27452,103,64,train
27453,50,1,test
27454,151,256,train
27455,522,280,train
27456,19,432,train
27457,651,406,train
27458,269,650,train
27459,310,101,train
27460,162,572,test
27461,503,28,train
27462,543,106,train
27463,169,785,train
27464,72,86,train
27465,248,13,test
27466,592,248,train
27467,606,697,train
27468,282,102,test
27469,758,761,train
27470,324,294,test
27471,762,345,train
27472,478,310,train
27473,567,301,train
27474,280,290,train
27475,81,390,train
27476,345,298,train
27477,121,157,test
27478,159,442,train
27479,389,717,train
27480,793,543,train
27481,339,89,train
27482,25,37,train
27483,773,230,train
27484,295,780,train
27485,702,626,train
27486,517,402,train
27487,111,727,train
27488,780,366,test
27489,763,794,train
27490,570,537,train
27491,514,697,train
27492,728,676,test
27493,345,661,train
27494,338,40,test
27495,523,543,test
27496,677,289,train
27497,442,476,train
27498,454,523,train
27499,134,680,train
27500,753,696,train
27501,604,338,train
27502,698,471,train
27503,428,305,test
27504,415,26,train
27505,114,724,train
27506,475,711,train
27507,201,511,train
27508,237,571,train
27509,274,761,train
27510,702,681,train
27511,275,665,train
27512,71,337,train
27513,502,147,train
27514,11,517,test
27515,59,175,train
27516,65,491,train
27517,51,54,train
27518,452,533,train
27519,369,440,train
27520,374,490,test
27521,81,184,train
27522,520,777,train
27523,615,422,train
27524,778,118,train
27525,560,555,train
27526,331,590,train
27527,58,153,train
27528,355,617,train
27529,763,200,train
27530,369,311,train
27531,209,42,train
27532,750,214,test
27533,654,212,test
27534,169,87,train
27535,677,696,test
27536,186,537,train
27537,170,161,train
27538,143,251,train
27539,256,772,test
27540,206,484,train
27541,315,235,train
27542,257,166,train
27543,546,425,train
27544,590,583,train
27545,36,475,test
27546,483,412,train
27547,413,788,test
27548,298,257,train
27549,598,526,train
27550,706,764,test
27551,154,524,train
27552,139,663,test
27553,428,516,train
27554,585,121,train
27555,548,667,train
27556,26,537,train
27557,701,542,train
27558,554,333,train
27559,718,429,train
27560,426,157,train
27561,243,42,test
27562,693,366,train
27563,689,680,test
27564,774,222,train
27565,160,646,train
27566,420,792,train
27567,571,186,train
27568,1,26,train
27569,347,348,test
27570,704,360,train
27571,63,620,train
27572,455,165,train
27573,312,736,train
27574,140,608,train
27575,416,704,train
27576,184,294,train
27577,239,678,train
27578,563,145,train
27579,316,425,train
27580,100,205,train
27581,772,181,train
27582,512,242,train
27583,286,73,train
27584,718,640,train
27585,483,92,test
27586,631,740,train
27587,231,21,test
27588,547,25,train
27589,459,590,test
27590,783,577,train
27591,351,3,train
27592,301,290,test
27593,537,301,train
27594,474,31,train
27595,231,695,train
27596,124,221,train
27597,17,38,train
27598,88,156,train
27599,253,512,train
27600,313,660,train
27601,179,130,train
27602,225,73,train
27603,316,242,train
27604,605,599,train
27605,686,614,test
27606,585,159,train
27607,482,378,train
27608,21,270,train
27609,539,524,test
27610,390,564,train
27611,700,379,train
27612,112,155,train
27613,545,71,train
27614,452,595,train
27615,274,721,train
27616,100,499,train
27617,688,107,train
27618,172,176,train
27619,523,211,train
27620,123,740,train
27621,537,195,train
27622,728,166,train
27623,105,156,train
27624,730,621,test
27625,297,449,train
27626,467,610,test
27627,519,428,train
27628,56,508,train
27629,195,136,test
27630,758,406,train
27631,582,463,test
27632,193,615,train
27633,642,444,train
27634,489,408,test
27635,607,256,train
27636,22,656,train
27637,350,26,test
27638,97,679,test
27639,581,184,train
27640,457,175,train
27641,205,30,train
27642,633,34,train
27643,150,646,train
27644,484,395,train
27645,310,369,test
27646,740,484,train
27647,732,724,train
27648,373,648,train
27649,793,773,test
27650,615,136,train
27651,476,507,train
27652,266,471,test
27653,726,39,test
27654,199,68,train
27655,785,440,train
27656,680,102,test
27657,402,67,test
27658,463,748,train
27659,487,676,train
27660,408,228,train
27661,16,706,test
27662,86,692,train
27663,564,725,train
27664,561,271,train
27665,175,305,train
27666,116,378,train
27667,429,135,train
27668,291,339,train
27669,615,432,train
27670,278,65,train
27671,76,199,train
27672,781,613,train
27673,100,485,test
27674,85,238,train
27675,764,771,train
27676,657,690,train
27677,171,310,train
27678,441,295,train
27679,92,483,test
27680,574,399,train
27681,766,4,test
27682,544,178,test
27683,268,362,train
27684,392,423,test
27685,44,709,train
27686,299,222,train
27687,393,143,train
27688,278,444,train
27689,696,502,train
27690,371,452,train
27691,19,741,train
27692,344,255,train
27693,531,693,train
27694,1,506,train
27695,772,745,test
27696,295,780,train
27697,592,552,train
27698,478,766,train
27699,398,145,train
27700,296,500,train
27701,389,524,train
27702,324,379,train
27703,584,542,test
27704,64,392,train
27705,514,266,train
27706,410,708,train
27707,548,350,train
27708,559,766,train
27709,648,245,train
27710,367,668,train
27711,291,603,train
27712,220,343,train
27713,744,437,train
27714,639,297,test
27715,257,735,test
27716,139,365,train
27717,551,734,train
27718,566,733,train
27719,653,423,train
27720,56,151,train
27721,702,309,train
27722,230,47,train
27723,606,111,train
27724,230,615,train
27725,211,299,train
27726,520,424,train
27727,340,372,train
27728,353,701,train
27729,738,148,train
27730,149,213,train
27731,622,182,train
27732,6,330,test
27733,47,416,train
27734,414,157,train
27735,161,304,train
27736,790,328,train
27737,162,437,train
27738,671,47,train
27739,488,70,train
27740,705,609,train
27741,669,72,train
27742,118,373,train
27743,507,491,train
27744,517,544,test
27745,8,643,train
27746,85,607,train
27747,359,715,train
27748,703,628,train
27749,148,348,train
27750,52,396,train
27751,694,725,train
27752,119,758,train
27753,70,790,train
27754,148,55,test
27755,443,404,train
27756,242,507,train
27757,267,530,train
27758,329,103,test
27759,93,796,train
27760,59,399,train
27761,768,665,test
27762,413,749,train
27763,233,329,train
27764,140,156,test
27765,464,187,train
27766,98,651,train
27767,581,342,train
27768,246,329,test
27769,228,335,train
27770,639,208,train
27771,413,563,train
27772,248,36,test
27773,486,775,train
27774,85,738,train
27775,69,637,train
27776,469,640,test
27777,490,199,train
27778,660,235,train
27779,69,717,train
27780,344,665,train
27781,644,672,train
27782,461,431,train
27783,368,107,train
27784,222,267,train
27785,442,107,train
27786,336,249,train
27787,678,784,train
27788,508,627,train
27789,772,624,train
27790,711,369,train
27791,18,273,train
27792,10,697,train
27793,229,566,test
27794,623,647,train
27795,153,97,test
27796,652,280,test
27797,249,469,train
27798,206,76,train
27799,425,757,test
27800,750,375,train
27801,278,757,train
27802,165,720,test
27803,173,579,train
27804,237,705,train
27805,702,342,train
27806,546,292,train
27807,6,471,train
27808,256,385,train
27809,568,511,train
27810,36,451,train
27811,392,672,train
27812,221,104,train
27813,235,363,test
27814,791,609,train
27815,354,746,test
27816,766,664,train
27817,657,241,test
27818,237,447,train
27819,42,771,train
27820,642,373,train
27821,679,355,train
27822,681,568,train
27823,227,511,train
27824,319,609,train
27825,753,772,train
27826,398,87,train
27827,291,389,train
27828,59,481,train
27829,269,671,train
27830,235,24,train
27831,652,430,train
27832,661,687,train
27833,348,423,train
27834,289,153,train
27835,600,793,train
27836,377,279,train
27837,175,635,train
27838,797,781,train
27839,648,619,train
27840,781,318,test
27841,503,672,train
27842,591,241,train
27843,182,493,test
27844,588,393,test
27845,273,341,train
27846,712,404,train
27847,615,704,train
27848,73,397,train
27849,341,82,train
27850,176,73,train
27851,435,576,train
27852,420,7,train
27853,533,369,test
27854,237,615,train
27855,20,403,train
27856,115,178,train
27857,726,773,train
27858,292,373,train
27859,197,599,train
27860,102,386,train
27861,560,386,train
27862,652,140,train
27863,524,488,train
27864,189,700,train
27865,367,369,train
27866,11,542,train
27867,381,126,train
27868,333,579,train
27869,680,598,train
27870,51,558,train
27871,765,277,train
27872,32,658,train
27873,242,136,train
27874,658,721,train
27875,537,523,train
27876,42,674,train
27877,246,748,train
27878,453,256,train
27879,16,654,train
27880,597,212,test
27881,695,798,train
27882,347,367,train
27883,636,110,train
27884,220,215,train
27885,395,439,train
27886,501,378,train
27887,563,373,train
27888,445,210,train
27889,433,512,train
27890,188,422,train
27891,755,650,test
27892,14,263,train
27893,264,275,train
27894,301,633,train
27895,271,175,train
27896,318,356,test
27897,632,548,train
27898,258,723,train
27899,156,116,train
27900,621,382,test
27901,76,371,train
27902,445,659,test
27903,345,276,train
27904,537,469,train
27905,608,405,train
27906,619,107,train
27907,136,660,train
27908,412,373,train
27909,500,150,train
27910,336,753,test
27911,429,637,train
27912,109,683,train
27913,401,138,train
27914,697,714,train
27915,649,285,test
27916,110,593,train
27917,328,448,train
27918,214,233,test
27919,684,594,train
27920,143,524,train
27921,233,696,train
27922,710,567,train
27923,463,574,train
27924,317,47,train
27925,536,98,train
27926,342,716,train
27927,176,189,train
27928,584,579,train
27929,9,135,train
27930,456,369,train
27931,538,750,test
27932,453,712,train
27933,582,636,train
27934,9,249,train
27935,441,359,train
27936,616,720,train
27937,668,554,test
27938,176,461,train
27939,117,201,train
27940,95,408,train
27941,731,593,train
27942,688,80,train
27943,670,171,train
27944,525,730,train
27945,126,226,train
27946,215,570,train
27947,779,203,train
27948,573,195,train
27949,44,623,train
27950,189,234,train
27951,744,542,train
27952,629,433,train
27953,529,491,train
27954,207,20,train
27955,100,667,test
27956,248,461,test
27957,642,107,train
27958,220,719,train
27959,592,113,train
27960,303,368,train
27961,379,561,train
27962,213,701,test
27963,512,400,train
27964,328,477,train
27965,610,775,train
27966,9,235,train
27967,601,495,train
27968,376,565,train
27969,417,522,train
27970,774,677,test
27971,662,316,train
27972,728,308,train
27973,99,504,train
27974,616,383,test
27975,476,596,test
27976,717,269,train
27977,297,351,train
27978,603,589,train
27979,278,374,train
27980,375,430,train
27981,181,330,train
27982,36,415,test
27983,644,153,test
27984,653,290,train
27985,71,410,test
27986,458,600,train
27987,635,436,test
27988,325,644,train
27989,285,658,train
27990,228,260,train
27991,667,589,train
27992,475,665,test
27993,634,748,train
27994,257,34,train
27995,156,493,train
27996,287,681,train
27997,372,335,train
27998,268,737,train
27999,385,324,train
28000,767,512,train
28001,107,605,train
28002,551,255,train
28003,789,636,train
28004,366,110,test
28005,789,81,test
28006,690,668,train
28007,748,45,train
28008,75,218,train
28009,596,267,train
28010,57,301,test
28011,636,542,train
28012,504,267,train
28013,60,437,train
28014,204,764,train
28015,773,175,train
28016,474,695,train
28017,679,471,train
28018,31,396,train
28019,591,646,train
28020,289,270,train
28021,131,317,test
28022,30,37,train
28023,110,505,train
28024,215,552,train
28025,500,36,train
28026,165,497,train
28027,421,542,train
28028,189,289,train
28029,797,488,train
28030,566,245,train
28031,604,471,train
28032,230,532,train
28033,627,690,train
28034,437,408,train
28035,581,756,train
28036,532,677,train
28037,75,47,train
28038,765,718,train
28039,491,151,train
28040,329,65,train
28041,630,633,train
28042,315,692,train
28043,256,502,train
28044,278,64,test
28045,374,153,test
28046,736,448,test
28047,134,412,train
28048,741,360,train
28049,154,694,train
28050,477,376,train
28051,411,241,train
28052,352,577,train
28053,50,566,train
28054,175,480,train
28055,560,237,train
28056,13,48,train
28057,242,602,test
28058,475,449,train
28059,673,594,train
28060,531,568,train
28061,727,302,test
28062,291,259,train
28063,705,318,train
28064,14,503,test
28065,679,337,test
28066,640,60,train
28067,454,493,test
28068,61,401,test
28069,17,208,train
28070,206,785,train
28071,776,453,train
28072,647,481,train
28073,364,186,train
28074,406,583,train
28075,255,134,train
28076,198,741,train
28077,437,539,test
28078,726,645,train
28079,77,773,train
28080,736,723,train
28081,279,682,train
28082,702,114,train
28083,744,333,train
28084,205,538,train
28085,646,39,train
28086,530,455,train
28087,240,59,train
28088,776,334,train
28089,587,413,train
28090,203,423,train
28091,500,181,train
28092,7,53,test
28093,394,578,train
28094,631,287,train
28095,607,640,train
28096,11,431,train
28097,670,383,train
28098,374,510,train
28099,200,516,test
28100,54,658,train
28101,573,240,train
28102,388,699,train
28103,511,95,train
28104,267,607,train
28105,745,505,train
28106,710,5,train
28107,493,177,train
28108,564,686,train
28109,404,184,train
28110,50,550,train
28111,546,543,test
28112,739,443,train
28113,8,605,train
28114,468,773,train
28115,79,596,train
28116,568,216,train
28117,154,756,train
28118,501,732,train
28119,316,430,train
28120,69,567,test
28121,223,544,train
28122,260,184,train
28123,632,547,test
28124,7,306,train
28125,55,317,test
28126,580,245,train
28127,158,758,test
28128,102,7,train
28129,81,362,train
28130,65,142,train
28131,465,247,train
28132,789,250,train
28133,224,249,train
28134,232,103,train
28135,727,44,train
28136,9,300,train
28137,76,331,train
28138,672,365,train
28139,587,735,train
28140,401,75,train
28141,320,482,train
28142,432,337,test
28143,498,385,train
28144,438,746,train
28145,693,5,train
28146,81,400,train
28147,300,438,train
28148,175,384,train
28149,286,308,train
28150,460,645,train
28151,68,768,test
28152,675,554,train
28153,49,54,train
28154,400,53,train
28155,215,1,train
28156,384,119,train
28157,530,654,test
28158,68,88,train
28159,619,22,train
28160,485,231,train
28161,743,462,test
28162,710,639,test
28163,560,4,train
28164,301,381,train
28165,548,187,train
28166,378,189,test
28167,92,415,train
28168,797,285,train
28169,471,538,test
28170,743,511,train
28171,49,671,train
28172,179,728,train
28173,481,571,train
28174,787,772,train
28175,771,669,train
28176,607,417,test
28177,493,797,train
28178,260,36,train
28179,29,111,train
28180,283,414,train
28181,331,135,train
28182,765,63,train
28183,185,332,test
28184,493,768,train
28185,751,636,train
28186,541,239,train
28187,60,268,test
28188,682,661,train
28189,301,313,train
28190,334,24,test
28191,536,714,test
28192,465,565,train
28193,175,470,train
28194,431,155,train
28195,710,167,test
28196,656,338,train
28197,72,237,test
28198,302,392,test
28199,421,103,train
28200,224,465,train
28201,389,287,test
28202,290,47,train
28203,710,271,train
28204,148,723,test
28205,137,193,train
28206,725,537,train
28207,54,345,test
28208,649,134,train
28209,442,130,train
28210,244,281,train
28211,521,142,train
28212,130,35,train
28213,113,504,test
28214,569,88,test
28215,579,475,train
28216,205,600,train
28217,355,173,train
28218,181,427,train
28219,436,292,train
28220,593,28,train
28221,40,367,train
28222,85,59,test
28223,368,75,train
28224,554,597,test
28225,617,173,test
28226,591,623,train
28227,35,360,train
28228,338,40,test
28229,625,573,train
28230,484,175,train
28231,30,119,train
28232,106,423,train
28233,377,704,train
28234,301,75,test
28235,671,701,train
28236,632,490,train
28237,566,221,train
28238,626,194,train
28239,310,336,train
28240,232,554,test
28241,19,352,train
28242,16,742,test
28243,481,469,train
28244,558,75,train
28245,612,415,test
28246,338,452,train
28247,505,155,train
28248,432,571,train
28249,363,10,train
28250,752,368,train
28251,473,100,train
28252,411,191,train
28253,521,692,train
28254,631,549,train
28255,269,206,train
28256,550,199,train
28257,457,382,train
28258,329,665,test
28259,83,470,train
28260,723,530,train
28261,790,293,train
28262,799,58,train
28263,124,748,test
28264,323,596,train
28265,667,290,train
28266,40,54,test
28267,154,707,train
28268,286,131,train
28269,800,91,test
28270,601,171,test
28271,750,551,train
28272,645,332,train
28273,620,625,test
28274,291,296,train
28275,38,309,train
28276,318,11,train
28277,330,735,train
28278,294,473,train
28279,466,187,train
28280,583,712,train
28281,224,207,train
28282,420,475,test
28283,363,466,test
28284,17,330,test
28285,577,464,train
28286,701,607,train
28287,428,762,test
28288,711,721,train
28289,279,21,test
28290,657,528,train
28291,475,702,train
28292,716,766,train
28293,765,207,train
28294,506,166,test
28295,147,34,train
28296,145,392,train
28297,576,312,train
28298,282,6,train
28299,18,255,train
28300,165,549,train
28301,444,40,test
28302,514,509,train
28303,583,522,train
28304,83,294,train
28305,39,703,test
28306,16,431,train
28307,674,171,train
28308,257,227,test
28309,67,271,train
28310,20,356,train
28311,265,526,train
28312,54,433,train
28313,669,359,train
28314,118,153,train
28315,369,542,train
28316,345,533,train
28317,699,223,train
28318,690,242,train
28319,261,179,train
28320,139,53,test
28321,701,457,train
28322,363,597,train
28323,400,659,train
28324,649,411,test
28325,446,519,train
28326,443,743,train
28327,547,565,train
28328,10,634,train
28329,552,735,train
28330,290,182,train
28331,547,127,test
28332,572,591,train
28333,347,298,test
28334,621,622,train
28335,654,362,test
28336,258,749,train
28337,68,451,train
28338,676,726,train
28339,505,514,train
28340,767,653,train
28341,625,119,train
28342,690,763,train
28343,798,519,train
28344,204,16,train
28345,309,195,train
28346,363,362,train
28347,526,105,train
28348,52,741,train
28349,177,482,train
28350,358,24,train
28351,587,325,train
28352,799,795,train
28353,259,590,test
28354,719,308,train
28355,551,427,train
28356,630,746,train
28357,57,607,test
28358,783,294,train
28359,20,765,train
28360,712,421,train
28361,71,358,train
28362,29,100,test
28363,585,387,train
28364,436,695,train
28365,615,282,test
28366,613,622,test
28367,260,267,train
28368,179,134,train
28369,9,534,train
28370,507,429,train
28371,547,443,test
28372,388,550,test
28373,530,527,train
28374,110,2,test
28375,1,240,train
28376,747,364,train
28377,763,724,train
28378,596,373,test
28379,490,227,test
28380,628,521,test
28381,82,288,train
28382,201,155,train
28383,594,632,train
28384,337,351,test
28385,587,485,train
28386,609,302,train
28387,174,85,train
28388,149,27,train
28389,429,510,train
28390,788,569,train
28391,152,221,train
28392,440,306,train
28393,527,310,train
28394,297,405,test
28395,199,165,train
28396,101,785,train
28397,523,274,test
28398,252,279,train
28399,447,634,test
28400,444,286,train
28401,467,123,train
28402,337,585,test
28403,678,246,test
28404,330,230,train
28405,481,542,train
28406,453,722,train
28407,596,342,train
28408,160,128,train
28409,323,111,test
28410,603,247,train
28411,579,459,train
28412,250,345,train
28413,244,789,train
28414,498,29,train
28415,445,740,train
28416,339,363,test
28417,400,798,train
28418,538,732,test
28419,341,684,train
28420,569,585,train
28421,219,243,train
28422,206,651,train
28423,348,683,train
28424,184,375,train
28425,462,397,test
28426,667,486,train
28427,757,28,test
28428,204,291,train
28429,101,127,test
28430,470,547,train
28431,77,363,test
28432,700,160,train
28433,130,227,train
28434,62,507,train
28435,450,570,train
28436,445,260,train
28437,368,505,train
28438,586,273,test
28439,368,750,train
28440,133,3,train
28441,686,663,train
28442,406,481,train
28443,539,387,train
28444,436,539,train
28445,789,704,train
28446,766,390,train
28447,498,325,test
28448,223,310,train
28449,518,81,train
28450,429,385,train
28451,188,143,train
28452,202,14,train
28453,360,582,train
28454,567,571,train
28455,510,425,train
28456,495,347,train
28457,321,521,train
28458,570,619,train
28459,639,355,train
28460,92,676,train
28461,284,513,train
28462,598,709,train
28463,740,440,train
28464,784,557,train
28465,327,513,train
28466,591,663,train
28467,126,780,train
28468,535,638,train
28469,587,744,train
28470,687,470,train
28471,359,379,train
28472,589,125,train
28473,793,663,train
28474,156,477,train
28475,18,92,train
28476,519,729,train
28477,754,186,train
28478,148,632,test
28479,81,738,train
28480,572,355,test
28481,53,460,train
28482,661,622,test
28483,73,361,train
28484,696,647,test
28485,453,311,train
28486,38,424,train
28487,754,502,test
28488,492,575,train
28489,340,116,train
28490,690,433,train
28491,21,715,train
28492,719,225,train
28493,599,253,train
28494,20,511,train
28495,573,550,train
28496,763,129,train
28497,392,459,train
28498,674,407,train
28499,347,200,test
28500,124,504,train
28501,543,195,train
28502,711,736,train
28503,2,702,train
28504,190,400,train
28505,525,109,test
28506,88,241,train
28507,348,360,test
28508,777,174,train
28509,47,127,test
28510,256,548,train
28511,335,163,train
28512,178,367,train
28513,571,745,train
28514,137,660,train
28515,586,763,train
28516,671,639,test
28517,412,741,train
28518,345,471,train
28519,466,757,train
28520,184,751,train
28521,771,584,test
28522,56,651,train
28523,501,273,train
28524,511,251,train
28525,491,691,train
28526,750,600,test
28527,765,692,train
28528,282,280,train
28529,176,650,train
28530,178,320,test
28531,481,142,train
28532,518,677,train
28533,65,532,train
28534,389,397,test
28535,286,410,train
28536,709,316,test
28537,196,620,train
28538,750,161,test
28539,334,771,train
28540,699,551,train
28541,543,611,train
28542,375,43,train
28543,177,437,train
28544,611,452,train
28545,751,484,train
28546,627,415,train
28547,675,139,train
28548,32,575,train
28549,477,285,train
28550,325,781,train
28551,432,553,train
28552,371,329,train
28553,683,309,train
28554,413,745,train
28555,111,626,train
28556,239,608,train
28557,599,191,train
28558,563,549,train
28559,327,308,train
28560,707,567,train
28561,505,568,test
28562,392,274,train
28563,536,341,train
28564,3,170,train
28565,791,385,train
28566,48,641,test
28567,562,662,train
28568,229,213,train
28569,212,451,train
28570,166,679,train
28571,773,327,train
28572,347,538,test
28573,535,455,train
28574,337,491,train
28575,611,669,train
28576,9,490,train
28577,86,764,train
28578,88,557,test
28579,410,602,train
28580,767,143,train
28581,95,307,train
28582,120,403,test
28583,791,760,train
28584,61,398,train
28585,597,319,train
28586,302,324,train
28587,344,107,test
28588,130,526,train
28589,668,359,train
28590,70,416,test
28591,148,737,train
28592,750,704,test
28593,116,535,train
28594,79,281,train
28595,590,467,train
28596,635,254,train
28597,572,107,train
28598,380,660,train
28599,154,67,train
28600,176,675,train
28601,164,18,train
28602,388,432,train
28603,40,665,test
28604,73,563,train
28605,790,678,train
28606,748,526,train
28607,82,246,train
28608,339,753,test
28609,198,484,test
28610,448,30,train
28611,184,145,train
28612,519,567,train
28613,682,93,train
28614,247,541,train
28615,583,497,train
28616,482,333,test
28617,164,546,train
28618,82,98,test
28619,506,298,test
28620,629,466,test
28621,151,274,train
28622,465,53,train
28623,677,44,train
28624,260,341,train
28625,505,370,test
28626,741,208,train
28627,411,13,train
28628,319,647,train
28629,661,609,train
28630,704,748,train
28631,598,678,train
28632,126,675,train
28633,331,92,train
28634,417,473,train
28635,115,576,train
28636,80,271,train
28637,545,565,test
28638,382,436,train
28639,338,223,train
28640,617,558,train
28641,18,187,test
28642,482,6,train
28643,641,779,train
28644,537,784,train
28645,359,670,test
28646,641,708,test
28647,181,142,train
28648,574,586,train
28649,585,151,train
28650,443,707,train
28651,123,571,train
28652,112,595,test
28653,723,338,test
28654,3,392,train
28655,45,762,train
28656,772,40,train
28657,381,147,train
28658,456,398,train
28659,427,510,train
28660,480,330,train
28661,17,559,train
28662,364,18,train
28663,63,494,train
28664,698,458,train
28665,683,572,train
28666,531,455,train
28667,22,160,train
28668,260,729,train
28669,304,155,train
28670,781,459,train
28671,88,44,train
28672,84,565,train
28673,255,386,train
28674,207,188,train
28675,214,143,train
28676,700,614,train
28677,552,115,test
28678,650,648,train
28679,266,18,train
28680,780,117,train
28681,631,282,train
28682,131,480,train
28683,531,561,test
28684,406,548,train
28685,84,307,train
28686,434,189,train
28687,291,602,train
28688,241,481,train
28689,173,176,train
28690,245,369,train
28691,11,790,train
28692,213,665,train
28693,331,317,train
28694,345,572,train
28695,290,295,train
28696,37,135,train
28697,641,98,train
28698,404,635,train
28699,347,35,train
28700,18,446,train
28701,271,47,train
28702,732,2,test
28703,431,586,train
28704,213,764,train
28705,456,700,train
28706,152,312,train
28707,429,572,train
28708,728,73,train
28709,254,155,train
28710,100,635,train
28711,49,422,test
28712,693,326,train
28713,725,492,train
28714,735,434,train
28715,402,757,train
28716,507,189,train
28717,356,685,train
28718,492,294,test
28719,609,376,train
28720,19,575,train
28721,524,685,train
28722,449,325,test
28723,616,370,train
28724,35,383,test
28725,332,62,test
28726,282,216,train
28727,277,364,train
28728,542,551,train
28729,615,494,train
28730,666,310,test
28731,35,155,train
28732,545,105,test
28733,560,127,test
28734,147,728,train
28735,74,52,train
28736,233,161,train
28737,231,274,train
28738,720,332,train
28739,468,146,train
28740,445,381,train
28741,433,45,train
28742,607,64,train
28743,757,587,train
28744,539,4,train
28745,480,701,train
28746,703,727,train
28747,264,92,train
28748,767,116,train
28749,794,71,test
28750,271,397,train
28751,180,752,train
28752,225,387,test
28753,191,152,train
28754,40,703,train
28755,723,789,train
28756,360,107,train
28757,102,281,train
28758,656,575,train
28759,716,327,train
28760,775,159,train
28761,543,47,test
28762,7,574,train
28763,645,234,test
28764,149,137,train
28765,414,64,train
28766,314,257,train
28767,629,698,train
28768,51,670,train
28769,505,724,train
28770,374,48,train
28771,622,185,test
28772,295,109,test
28773,720,791,train
28774,565,26,train
28775,493,311,train
28776,530,243,train
28777,305,683,train
28778,184,729,train
28779,418,304,train
28780,20,513,train
28781,409,139,train
28782,513,140,test
28783,190,650,train
28784,324,34,train
28785,231,94,train
28786,422,246,train
28787,498,316,train
28788,85,430,train
28789,356,583,train
28790,116,69,train
28791,504,514,train
28792,373,281,train
28793,180,475,train
28794,657,645,train
28795,491,701,train
28796,530,401,train
28797,344,697,train
28798,780,318,train
28799,140,512,train
28800,219,63,test
28801,406,265,train
28802,535,115,test
28803,329,274,train
28804,227,24,test
28805,199,398,train
28806,528,372,train
28807,559,359,train
28808,28,378,test
28809,182,348,train
28810,127,494,train
28811,448,269,train
28812,167,663,test
28813,79,129,train
28814,102,285,train
28815,590,440,train
28816,81,359,train
28817,253,678,test
28818,340,619,train
28819,725,645,train
28820,726,269,train
28821,195,785,train
28822,332,577,train
28823,375,77,train
28824,738,361,train
28825,280,639,test
28826,490,356,train
28827,459,745,train
28828,765,743,test
28829,589,552,test
28830,535,560,train
28831,131,573,train
28832,733,124,train
28833,522,319,train
28834,438,320,train
28835,233,650,train
28836,730,283,train
28837,752,339,train
28838,480,431,train
28839,146,610,train
28840,145,314,train
28841,683,190,test
28842,256,707,train
28843,485,306,train
28844,295,139,train
28845,107,440,train
28846,339,234,train
28847,389,335,train
28848,531,53,train
28849,31,368,train
28850,37,763,train
28851,422,595,train
28852,756,753,train
28853,488,205,train
28854,139,68,test
28855,466,369,train
28856,174,374,train
28857,699,750,train
28858,441,428,train
28859,621,695,train
28860,210,256,train
28861,573,21,train
28862,725,541,train
28863,602,372,train
28864,614,73,train
28865,581,462,test
28866,422,413,train
28867,269,690,train
28868,562,557,train
28869,99,716,train
28870,702,602,train
28871,471,115,train
28872,148,555,train
28873,671,539,train
28874,275,608,test
28875,44,635,train
28876,73,454,train
28877,226,398,train
28878,428,206,train
28879,291,185,test
28880,788,331,train
28881,742,218,train
28882,486,130,train
28883,122,255,train
28884,300,628,train
28885,7,140,train
28886,405,578,test
28887,668,142,test
28888,720,48,train
28889,385,171,train
28890,35,79,train
28891,657,649,train
28892,71,685,train
28893,387,390,train
28894,766,381,train
28895,319,401,train
28896,694,117,train
28897,200,336,train
28898,67,756,train
28899,380,702,train
28900,149,397,train
28901,173,210,train
28902,791,739,train
28903,752,313,train
28904,698,210,test
28905,495,560,train
28906,404,640,train
28907,184,404,train
28908,43,684,train
28909,388,94,train
28910,406,106,train
28911,741,283,train
28912,194,630,test
28913,351,551,train
28914,763,778,train
28915,395,208,train
28916,118,238,train
28917,503,62,train
28918,512,737,train
28919,777,357,train
28920,73,205,train
28921,762,212,train
28922,588,268,train
28923,120,65,train
28924,249,468,test
28925,444,174,train
28926,467,201,train
28927,76,561,train
28928,539,443,test
28929,498,404,train
28930,522,191,train
28931,738,237,train
28932,48,436,train
28933,753,598,test
28934,217,736,train
28935,19,349,train
28936,394,665,train
28937,19,106,train
28938,294,470,train
28939,584,522,test
28940,363,138,train
28941,310,211,train
28942,149,720,train
28943,702,626,train
28944,311,106,train
28945,763,637,train
28946,482,586,test
28947,107,549,train
28948,634,680,train
28949,107,269,test
28950,420,595,train
28951,321,222,train
28952,789,449,train
28953,348,19,train
28954,313,752,train
28955,157,621,train
28956,711,780,train
28957,689,256,train
28958,709,375,train
28959,668,150,train
28960,243,15,train
28961,51,29,train
28962,492,697,train
28963,631,773,train
28964,306,369,test
28965,505,84,train
28966,271,69,test
28967,9,82,train
28968,770,159,test
28969,599,228,train
28970,584,29,train
28971,770,241,train
28972,522,537,train
28973,639,405,train
28974,152,526,train
28975,670,202,train
28976,515,35,train
28977,222,706,train
28978,110,197,train
28979,269,179,train
28980,382,555,train
28981,5,49,train
28982,224,708,train
28983,408,485,train
28984,234,684,train
28985,628,533,test
28986,47,277,test
28987,340,269,train
28988,254,746,train
28989,743,658,train
28990,629,275,test
28991,182,52,train
28992,81,658,train
28993,215,384,train
28994,648,749,train
28995,97,436,train
28996,265,234,train
28997,420,606,train
28998,256,653,train
28999,412,7,train
29000,713,516,train
29001,555,634,train
29002,259,489,train
29003,314,9,train
29004,430,669,train
29005,23,237,train
29006,474,391,test
29007,494,383,test
29008,762,311,train
29009,422,346,train
29010,233,666,train
29011,272,84,train
29012,323,80,train
29013,38,582,train
29014,472,381,train
29015,412,617,train
29016,466,530,train
29017,321,735,train
29018,739,258,train
29019,330,92,train
29020,393,303,train
29021,475,94,train
29022,539,781,train
29023,20,757,train
29024,119,146,train
29025,736,13,test
29026,287,174,train
29027,465,26,train
29028,688,362,train
29029,572,319,train
29030,177,411,test
29031,165,52,train
29032,610,259,train
29033,238,222,train
29034,193,535,train
29035,750,793,test
29036,591,396,train
29037,401,133,train
29038,334,758,train
29039,23,645,train
29040,45,786,train
29041,158,677,train
29042,103,502,train
29043,171,679,test
29044,385,498,train
29045,704,692,train
29046,795,627,test
29047,126,464,test
29048,203,130,train
29049,192,665,train
29050,472,418,train
29051,582,405,train
29052,112,199,train
29053,593,740,train
29054,520,317,train
29055,764,226,train
29056,75,785,train
29057,595,570,train
29058,742,225,test
29059,110,335,test
29060,6,626,train
29061,602,88,test
29062,542,61,train
29063,410,216,train
29064,187,594,train
29065,743,517,test
29066,5,147,train
29067,295,241,train
29068,620,427,train
29069,398,231,train
29070,414,302,train
29071,298,8,train
29072,219,173,train
29073,555,718,test
29074,422,424,train
29075,611,609,train
29076,570,764,train
29077,83,635,test
29078,668,755,test
29079,7,118,train
29080,368,595,train
29081,98,733,train
29082,376,282,train
29083,313,423,test
29084,794,703,train
29085,235,83,train
29086,673,638,train
29087,175,429,train
29088,708,383,test
29089,257,756,test
29090,709,741,test
29091,352,730,test
29092,338,347,test
29093,639,766,train
29094,328,329,test
29095,528,765,test
29096,711,230,train
29097,323,150,train
29098,543,483,train
29099,10,779,train
29100,155,570,train
29101,187,198,train
29102,611,521,train
29103,321,342,test
29104,785,312,test
29105,215,467,train
29106,453,640,test
29107,110,114,train
29108,510,626,test
29109,323,665,test
29110,580,522,test
29111,550,330,train
29112,754,506,test
29113,49,154,train
29114,528,541,train
29115,623,186,train
29116,279,272,test
29117,299,301,test
29118,412,136,test
29119,680,720,train
29120,467,228,train
29121,740,39,train
29122,774,798,train
29123,537,446,train
29124,690,616,train
29125,438,621,test
29126,124,449,train
29127,389,337,train
29128,91,562,train
29129,53,441,train
29130,474,115,test
29131,678,42,train
29132,642,253,train
29133,489,119,test
29134,288,670,train
29135,708,608,train
29136,458,148,test
29137,242,760,train
29138,584,737,train
29139,67,764,train
29140,327,616,train
29141,482,671,train
29142,608,299,train
29143,219,643,train
29144,739,313,train
29145,733,578,train
29146,82,589,test
29147,637,352,train
29148,478,53,train
29149,44,384,train
29150,455,634,train
29151,105,463,train
29152,668,164,train
29153,466,494,train
29154,768,724,train
29155,459,227,test
29156,93,653,train
29157,637,787,train
29158,214,691,train
29159,444,315,test
29160,463,151,train
29161,368,120,train
29162,230,755,train
29163,136,613,train
29164,668,181,train
29165,781,527,train
29166,360,294,train
29167,235,464,train
29168,13,329,train
29169,459,683,test
29170,613,504,train
29171,356,214,train
29172,132,529,train
29173,477,363,train
29174,61,543,train
29175,296,372,train
29176,615,605,train
29177,786,793,train
29178,705,722,train
29179,3,632,train
29180,127,635,train
29181,557,172,test
29182,143,268,test
29183,280,252,test
29184,59,630,train
29185,735,582,train
29186,130,325,train
29187,221,45,train
29188,634,678,train
29189,87,789,test
29190,15,352,train
29191,112,533,train
29192,537,668,train
29193,128,376,train
29194,566,560,train
29195,263,86,train
29196,139,590,train
29197,773,681,train
29198,45,323,train
29199,734,32,train
29200,437,783,train
29201,348,685,train
29202,731,798,test
29203,341,21,train
29204,208,675,train
29205,207,354,train
29206,658,549,train
29207,343,719,train
29208,468,73,test
29209,582,477,test
29210,173,573,train
29211,11,70,test
29212,356,551,train
29213,203,523,train
29214,496,781,train
29215,562,154,train
29216,648,362,train
29217,130,660,train
29218,265,55,train
29219,17,3,train
29220,584,460,train
29221,578,180,train
29222,171,787,train
29223,715,768,train
29224,465,180,train
29225,486,554,test
29226,799,778,train
29227,728,626,train
29228,416,291,test
29229,595,224,train
29230,410,94,train
29231,159,746,train
29232,522,195,train
29233,431,397,train
29234,659,476,train
29235,445,126,train
29236,531,207,test
29237,283,388,train
29238,310,100,train
29239,615,461,test
29240,14,695,train
29241,26,249,test
29242,356,509,train
29243,170,51,train
29244,216,334,train
29245,242,644,train
29246,351,300,train
29247,109,549,train
29248,310,408,train
29249,402,606,train
29250,460,568,train
29251,772,753,train
29252,391,687,train
29253,300,355,train
29254,192,507,test
29255,569,290,test
29256,316,753,train
29257,532,394,train
29258,391,480,train
29259,688,219,train
29260,722,524,train
29261,697,259,train
29262,425,732,train
29263,104,721,train
29264,358,7,train
29265,610,296,train
29266,694,345,train
29267,219,788,train
29268,506,250,train
29269,254,168,train
29270,339,600,train
29271,73,494,test
29272,438,451,test
29273,602,661,test
29274,435,565,train
29275,510,731,train
29276,349,24,train
29277,730,625,train
29278,606,427,train
29279,793,263,train
29280,123,132,train
29281,561,134,train
29282,532,789,train
29283,761,23,train
29284,787,3,train
29285,516,468,train
29286,148,360,train
29287,223,259,train
29288,408,568,train
29289,565,616,train
29290,733,398,train
29291,18,266,train
29292,187,79,train
29293,442,364,train
29294,205,212,train
29295,524,571,train
29296,42,166,train
29297,397,441,train
29298,611,427,train
29299,510,283,test
29300,521,304,train
29301,324,664,train
29302,762,1,train
29303,146,41,test
29304,299,603,train
29305,363,136,train
29306,191,668,train
29307,326,422,train
29308,467,354,train
29309,547,394,train
29310,424,783,train
29311,463,696,train
29312,286,746,train
29313,684,235,train
29314,496,8,train
29315,682,92,train
29316,239,257,train
29317,637,762,train
29318,691,304,train
29319,754,62,test
29320,789,230,train
29321,413,509,train
29322,299,737,test
29323,298,360,test
29324,226,793,train
29325,406,234,test
29326,753,613,train
29327,397,23,train
29328,762,649,train
29329,336,661,test
29330,537,495,train
29331,194,783,test
29332,520,754,test
29333,800,757,test
29334,482,607,test
29335,108,426,train
29336,787,197,train
29337,489,74,train
29338,173,384,test
29339,175,304,train
29340,723,667,train
29341,539,605,train
29342,413,325,train
29343,569,534,train
29344,140,681,train
29345,702,633,train
29346,118,400,train
29347,455,453,train
29348,264,288,train
29349,281,301,train
29350,553,244,train
29351,389,647,train
29352,537,680,test
29353,192,133,train
29354,52,597,train
29355,269,433,train
29356,796,531,train
29357,641,783,train
29358,444,86,train
29359,660,560,train
29360,592,581,test
29361,104,687,test
29362,552,253,test
29363,4,212,train
29364,217,709,train
29365,34,328,train
29366,492,309,test
29367,197,393,test
29368,524,675,train
29369,516,748,test
29370,337,583,train
29371,251,410,train
29372,563,52,train
29373,464,448,train
29374,325,10,train
29375,454,727,train
29376,551,325,train
29377,798,253,train
29378,297,52,train
29379,524,525,train
29380,234,779,test
29381,749,228,train
29382,470,565,train
29383,791,660,train
29384,790,281,test
29385,54,346,train
29386,506,714,train
29387,137,606,train
29388,774,629,train
29389,598,470,test
29390,639,284,train
29391,96,758,train
29392,397,772,train
29393,642,663,train
29394,659,237,train
29395,342,509,train
29396,212,705,train
29397,463,147,train
29398,151,581,train
29399,200,693,train
29400,464,715,train
29401,744,787,train
29402,704,403,train
29403,590,778,train
29404,272,686,train
29405,35,507,train
29406,116,554,train
29407,769,596,train
29408,213,460,train
29409,714,140,train
29410,360,337,test
29411,429,345,test
29412,55,235,test
29413,581,733,train
29414,365,195,test
29415,579,572,train
29416,715,619,train
29417,559,440,train
29418,72,250,train
29419,796,518,train
29420,29,552,train
29421,421,112,train
29422,404,138,test
29423,705,53,train
29424,683,491,test
29425,705,364,train
29426,104,439,train
29427,14,311,train
29428,83,293,train
29429,231,598,train
29430,237,385,train
29431,732,355,train
29432,139,341,test
29433,719,516,train
29434,58,400,train
29435,173,440,train
29436,460,691,test
29437,338,634,test
29438,451,648,test
29439,621,320,train
29440,576,338,train
29441,592,615,train
29442,235,535,train
29443,277,771,test
29444,645,716,test
29445,2,34,train
29446,756,590,test
29447,331,435,test
29448,721,700,train
29449,476,496,test
29450,463,87,train
29451,366,649,train
29452,195,422,train
29453,274,784,train
29454,537,318,train
29455,154,374,test
29456,52,292,train
29457,245,660,train
29458,233,495,train
29459,93,459,train
29460,619,780,train
29461,564,108,train
29462,674,41,train
29463,68,483,train
29464,161,431,train
29465,52,734,train
29466,638,491,train
29467,305,723,train
29468,311,522,train
29469,173,45,train
29470,59,209,test
29471,770,459,train
29472,135,162,train
29473,638,147,train
29474,420,560,train
29475,130,284,train
29476,761,404,test
29477,335,131,test
29478,334,568,test
29479,342,210,train
29480,184,15,test
29481,635,344,train
29482,214,436,train
29483,607,132,train
29484,666,230,train
29485,734,140,train
29486,730,325,train
29487,86,65,test
29488,203,472,train
29489,268,191,test
29490,485,760,train
29491,641,301,test
29492,776,290,test
29493,596,707,test
29494,268,692,train
29495,434,733,train
29496,521,401,train
29497,335,706,train
29498,462,451,test
29499,570,186,train
29500,430,368,train
29501,140,234,train
29502,365,36,train
29503,233,30,train
29504,127,262,train
29505,384,280,train
29506,499,37,train
29507,289,323,train
29508,280,174,test
29509,408,44,train
29510,498,507,train
29511,167,711,train
29512,118,784,train
29513,309,26,train
29514,783,133,test
29515,172,189,train
29516,744,499,train
29517,579,360,train
29518,560,773,train
29519,504,239,test
29520,548,617,train
29521,362,377,train
29522,379,254,train
29523,391,554,train
29524,694,577,train
29525,687,518,train
29526,635,552,train
29527,294,520,train
29528,162,379,train
29529,150,47,train
29530,13,547,train
29531,155,328,train
29532,355,53,train
29533,211,232,train
29534,102,25,train
29535,34,731,train
29536,570,572,train
29537,172,565,train
29538,210,638,train
29539,271,535,train
29540,738,511,test
29541,203,298,train
29542,699,164,train
29543,425,158,train
29544,326,783,train
29545,272,70,train
29546,54,783,train
29547,672,687,train
29548,488,695,train
29549,741,331,train
29550,125,201,train
29551,31,182,train
29552,582,429,train
29553,212,701,train
29554,18,682,train
29555,533,546,train
29556,729,412,train
29557,740,156,train
29558,799,634,test
29559,723,288,train
29560,271,769,train
29561,306,1,train
29562,515,18,test
29563,706,261,train
29564,242,400,train
29565,464,362,train
29566,623,513,train
29567,431,198,train
29568,616,565,train
29569,433,350,train
29570,24,77,train
29571,597,26,train
29572,574,355,test
29573,456,188,train
29574,114,512,train
29575,186,609,train
29576,571,359,train
29577,361,686,train
29578,574,297,train
29579,34,365,train
29580,223,496,train
29581,536,500,train
29582,667,146,train
29583,67,123,test
29584,594,769,train
29585,245,76,test
29586,508,572,train
29587,671,225,train
29588,255,445,train
29589,784,442,train
29590,159,575,test
29591,724,409,train
29592,729,717,train
29593,501,62,train
29594,118,737,train
29595,516,738,train
29596,154,444,train
29597,148,333,train
29598,216,600,train
29599,704,522,train
29600,780,239,train
29601,607,579,train
29602,368,428,train
29603,641,372,train
29604,151,717,test
29605,8,623,train
29606,379,106,train
29607,501,45,train
29608,107,179,train
29609,666,639,train
29610,48,534,train
29611,100,92,train
29612,97,451,train
29613,253,37,train
29614,526,300,train
29615,585,783,train
29616,764,338,train
29617,221,280,train
29618,353,121,train
29619,154,627,train
29620,665,542,test
29621,437,213,test
29622,683,530,train
29623,332,23,train
29624,106,467,train
29625,741,58,train
29626,720,452,train
29627,611,88,train
29628,466,794,train
29629,494,280,train
29630,348,578,train
29631,744,214,train
29632,197,229,train
29633,464,231,train
29634,161,83,train
29635,58,535,train
29636,378,241,train
29637,129,139,train
29638,116,594,test
29639,210,160,train
29640,209,745,train
29641,464,14,test
29642,24,295,train
29643,113,155,train
29644,688,11,test
29645,701,541,train
29646,364,738,test
29647,243,457,test
29648,604,209,train
29649,145,310,test
29650,397,400,test
29651,688,357,test
29652,223,330,train
29653,453,433,train
29654,314,533,test
29655,270,9,train
29656,19,40,train
29657,793,714,train
29658,204,647,train
29659,432,614,test
29660,136,773,train
29661,424,316,train
29662,777,143,test
29663,193,530,train
29664,282,136,train
29665,298,265,train
29666,74,760,train
29667,264,255,test
29668,279,274,train
29669,570,254,test
29670,407,428,test
29671,282,411,test
29672,216,377,train
29673,321,505,test
29674,328,245,train
29675,128,682,train
29676,287,584,train
29677,13,159,train
29678,110,423,train
29679,734,169,test
29680,567,621,train
29681,754,370,train
29682,308,23,train
29683,179,326,train
29684,191,300,train
29685,266,335,train
29686,204,773,train
29687,356,701,train
29688,726,664,test
29689,647,242,train
29690,471,791,train
29691,761,360,test
29692,658,665,test
29693,740,506,train
29694,76,186,train
29695,645,51,train
29696,535,540,train
29697,196,207,train
29698,288,413,test
29699,54,794,train
29700,489,347,train
29701,263,349,test
29702,424,754,train
29703,615,670,train
29704,686,427,train
29705,632,64,train
29706,634,207,train
29707,504,629,train
29708,218,38,test
29709,203,217,test
29710,508,114,train
29711,427,733,train
29712,218,612,train
29713,640,772,train
29714,188,377,train
29715,372,600,train
29716,267,458,test
29717,177,728,test
29718,788,763,train
29719,41,28,train
29720,495,595,train
29721,751,205,test
29722,604,763,train
29723,228,52,test
29724,490,129,test
29725,261,754,train
29726,775,397,train
29727,474,54,train
29728,147,559,train
29729,363,37,train
29730,262,1,train
29731,21,260,train
29732,6,464,test
29733,671,511,train
29734,173,799,train
29735,581,395,train
29736,345,549,train
29737,619,216,train
29738,631,363,train
29739,620,699,train
29740,735,443,test
29741,690,467,test
29742,325,727,train
29743,661,695,train
29744,515,478,train
29745,154,500,train
29746,417,374,train
29747,676,3,train
29748,186,656,train
29749,386,504,train
29750,507,740,train
29751,402,642,train
29752,231,191,train
29753,667,378,train
29754,230,402,train
29755,456,288,train
29756,600,453,train
29757,626,288,train
29758,697,373,train
29759,406,644,test
29760,348,312,train
29761,220,225,test
29762,226,326,train
29763,37,505,train
29764,367,16,train
29765,256,388,train
29766,459,788,train
29767,692,92,train
29768,400,633,train
29769,174,182,train
29770,670,775,train
29771,167,230,test
29772,691,97,train
29773,450,332,train
29774,325,531,train
29775,757,26,train
29776,680,53,train
29777,370,587,train
29778,547,51,train
29779,768,223,train
29780,723,611,train
29781,523,185,train
29782,380,310,train
29783,649,445,train
29784,428,44,train
29785,754,353,test
29786,494,776,train
29787,155,242,train
29788,235,18,test
29789,724,352,train
29790,266,284,train
29791,101,141,test
29792,764,396,test
29793,469,96,train
29794,418,162,test
29795,284,791,train
29796,162,367,train
29797,310,101,train
29798,464,612,test
29799,641,179,train
29800,141,197,train
29801,571,573,test
29802,460,326,train
29803,338,414,train
29804,220,317,train
29805,560,285,train
29806,160,588,train
29807,643,683,train
29808,709,501,train
29809,252,267,train
29810,209,699,train
29811,453,514,test
29812,751,295,test
29813,37,74,train
29814,382,246,train
29815,127,131,train
29816,476,227,train
29817,402,225,train
29818,505,600,train
29819,230,69,test
29820,677,218,train
29821,153,641,train
29822,69,316,train
29823,143,227,test
29824,567,670,train
29825,98,738,test
29826,216,266,train
29827,465,132,train
29828,171,423,test
29829,726,598,train
29830,452,781,train
29831,343,112,train
29832,763,40,train
29833,775,37,test
29834,36,166,train
29835,492,305,test
29836,209,367,train
29837,169,65,train
29838,589,205,train
29839,11,566,train
29840,743,619,train
29841,657,768,train
29842,213,581,train
29843,422,212,train
29844,694,579,train
29845,495,357,train
29846,266,685,train
29847,313,438,train
29848,390,389,train
29849,268,288,train
29850,142,587,train
29851,515,335,test
29852,223,266,train
29853,129,323,train
29854,467,699,train
29855,584,735,train
29856,110,280,train
29857,733,436,train
29858,689,462,train
29859,472,632,train
29860,554,10,train
29861,369,229,train
29862,104,96,train
29863,345,336,train
29864,445,363,train
29865,412,197,train
29866,657,451,train
29867,750,665,train
29868,313,679,train
29869,152,24,train
29870,243,323,test
29871,77,14,train
29872,10,161,train
29873,495,175,train
29874,623,713,train
29875,165,667,train
29876,450,720,train
29877,214,406,test
29878,573,617,test
29879,763,549,train
29880,310,229,train
29881,465,504,test
29882,316,585,train
29883,224,536,train
29884,798,9,train
29885,333,382,train
29886,748,558,train
29887,20,764,train
29888,630,35,train
29889,363,242,train
29890,1,687,train
29891,204,97,train
29892,465,730,train
29893,218,765,train
29894,359,296,train
29895,596,114,train
29896,111,675,train
29897,177,584,train
29898,118,277,test
29899,409,301,train
29900,651,624,train
29901,231,656,train
29902,559,99,train
29903,263,518,train
29904,62,577,train
29905,121,579,train
29906,790,458,test
29907,617,38,train
29908,216,630,train
29909,317,173,train
29910,268,473,train
29911,595,330,test
29912,786,779,train
29913,440,188,test
29914,295,451,test
29915,428,209,test
29916,217,687,train
29917,362,470,train
29918,521,435,train
29919,152,501,train
29920,516,472,train
29921,258,355,train
29922,418,264,test
29923,316,282,train
29924,388,510,test
29925,148,523,test
29926,362,483,train
29927,598,393,train
29928,135,285,train
29929,638,358,train
29930,691,547,train
29931,231,7,train
29932,673,609,train
29933,62,214,train
29934,265,194,train
29935,446,560,train
29936,255,450,test
29937,274,325,test
29938,554,238,test
29939,682,77,test
29940,461,554,train
29941,598,336,train
29942,721,558,train
29943,84,520,train
29944,73,336,test
29945,709,643,train
29946,79,57,train
29947,268,634,train
29948,667,55,train
29949,429,641,train
29950,794,111,test
29951,353,386,train
29952,30,581,train
29953,780,137,test
29954,625,451,test
29955,156,28,train
29956,387,447,train
29957,430,379,test
29958,228,528,train
29959,286,140,test
29960,104,222,train
29961,21,446,train
29962,567,301,train
29963,409,642,train
29964,115,129,train
29965,485,409,test
29966,563,449,train
29967,691,463,train
29968,226,633,train
29969,469,669,train
29970,278,649,test
29971,317,315,train
29972,342,349,test
29973,598,753,test
29974,394,777,train
29975,473,564,train
29976,529,421,train
29977,270,557,train
29978,598,301,train
29979,300,692,test
29980,77,294,test
29981,746,711,train
29982,205,404,train
29983,697,147,train
29984,37,349,train
29985,277,298,train
29986,540,564,train
29987,328,750,test
29988,71,76,train
29989,402,456,train
29990,303,274,train
29991,62,45,train
29992,462,789,train
29993,573,739,test
29994,263,593,test
29995,671,32,train
29996,372,528,train
29997,503,149,test
29998,170,69,train
29999,218,758,train
30000,101,59,test
30001,696,224,train
30002,247,93,train
30003,774,151,train
30004,728,275,train
30005,760,475,test
30006,366,439,train
30007,194,160,train
30008,20,171,train
30009,282,562,test
30010,432,272,train
30011,308,495,test
30012,498,401,train
30013,558,297,train
30014,107,798,train
30015,411,82,train
30016,73,142,test
30017,614,548,train
30018,736,761,train
30019,382,240,train
30020,426,79,train
30021,478,360,test
30022,170,483,train
30023,49,317,train
30024,528,214,train
30025,313,605,train
30026,482,431,test
30027,265,273,train
30028,689,146,train
30029,63,632,test
30030,279,442,train
30031,376,195,test
30032,156,417,train
30033,300,265,test
30034,513,86,train
30035,457,168,test
30036,277,241,train
30037,380,627,train
30038,440,640,train
30039,38,703,train
30040,449,528,train
30041,178,284,train
30042,437,482,train
30043,799,669,test
30044,359,512,train
30045,258,94,train
30046,320,23,train
30047,230,244,test
30048,296,737,train
30049,439,344,train
30050,28,546,train
30051,701,108,test
30052,169,290,train
30053,697,690,train
30054,83,498,train
30055,121,670,train
30056,614,710,train
30057,157,656,test
30058,658,255,train
30059,304,302,test
30060,505,68,test
30061,314,428,train
30062,455,567,train
30063,421,692,test
30064,45,109,train
30065,519,191,test
30066,493,304,test
30067,211,395,test
30068,76,447,train
30069,677,387,train
30070,194,52,test
30071,261,565,test
30072,278,299,train
30073,567,331,train
30074,25,708,train
30075,413,637,train
30076,153,668,train
30077,372,135,train
30078,781,179,train
30079,596,511,train
30080,679,335,train
30081,379,593,train
30082,547,342,train
30083,409,372,test
30084,582,181,test
30085,758,118,train
30086,3,85,train
30087,150,591,train
30088,711,736,train
30089,526,4,train
30090,766,666,train
30091,292,265,train
30092,548,394,train
30093,156,462,train
30094,480,165,train
30095,371,360,train
30096,496,500,train
30097,185,50,train
30098,481,722,train
30099,198,524,test
30100,597,323,train
30101,773,526,train
30102,486,481,train
30103,464,550,train
30104,701,418,train
30105,140,218,test
30106,340,211,train
30107,372,57,train
30108,688,353,train
30109,273,168,train
30110,13,448,test
30111,213,129,train
30112,667,549,train
30113,147,572,train
30114,311,587,train
30115,295,364,train
30116,427,616,test
30117,572,228,train
30118,737,276,train
30119,40,227,train
30120,765,386,train
30121,35,219,train
30122,591,347,test
30123,593,264,train
30124,74,257,train
30125,452,107,train
30126,227,195,train
30127,369,320,train
30128,220,574,test
30129,534,387,train
30130,177,623,train
30131,779,432,train
30132,308,373,train
30133,312,213,train
30134,121,35,test
30135,123,699,test
30136,239,544,test
30137,172,562,test
30138,629,377,train
30139,426,727,train
30140,561,583,train
30141,293,9,train
30142,367,731,train
30143,53,720,train
30144,399,270,train
30145,229,711,train
30146,288,265,train
30147,684,515,train
30148,573,545,train
30149,124,354,train
30150,702,589,train
30151,795,209,train
30152,167,732,train
30153,632,376,train
30154,59,678,train
30155,792,292,train
30156,535,751,train
30157,588,492,train
30158,284,8,train
30159,415,328,train
30160,511,636,train
30161,788,424,train
30162,474,158,test
30163,768,153,test
30164,138,753,train
30165,373,71,train
30166,283,185,train
30167,776,706,train
30168,179,294,train
30169,256,540,train
30170,166,640,train
30171,722,45,train
30172,216,335,train
30173,637,196,test
30174,305,146,train
30175,348,135,train
30176,512,477,test
30177,340,373,train
30178,44,196,train
30179,664,743,train
30180,168,411,train
30181,386,404,train
30182,733,695,train
30183,371,337,train
30184,487,681,train
30185,648,697,train
30186,662,762,test
30187,309,457,test
30188,250,202,train
30189,208,630,train
30190,251,292,train
30191,411,122,train
30192,492,786,train
30193,585,85,train
30194,713,721,test
30195,125,340,train
30196,319,462,train
30197,444,683,train
30198,670,774,train
30199,676,464,test
30200,234,696,train
30201,721,744,test
30202,763,91,train
30203,792,661,train
30204,493,623,test
30205,574,478,train
30206,111,726,train
30207,689,375,test
30208,527,357,train
30209,470,314,train
30210,221,467,train
30211,564,694,train
30212,217,182,train
30213,482,428,train
30214,733,265,train
30215,264,247,test
30216,314,42,train
30217,302,420,train
30218,53,721,train
30219,719,423,train
30220,26,765,test
30221,128,1,test
30222,703,656,train
30223,667,299,train
30224,132,391,test
30225,736,219,test
30226,420,458,test
30227,563,642,train
30228,318,84,test
30229,165,508,train
30230,330,367,train
30231,123,631,train
30232,434,689,train
30233,175,455,train
30234,576,725,test
30235,558,685,train
30236,792,237,train
30237,280,95,train
30238,309,249,train
30239,372,619,train
30240,241,208,train
30241,361,390,test
30242,130,736,train
30243,671,319,train
30244,314,312,train
30245,635,561,train
30246,713,464,train
30247,635,692,train
30248,269,25,test
30249,447,599,train
30250,232,260,train
30251,586,145,test
30252,19,582,train
30253,76,619,train
30254,205,481,train
30255,211,9,train
30256,200,18,train
30257,307,62,train
30258,634,490,train
30259,286,290,train
30260,18,291,test
30261,279,334,train
30262,434,711,test
30263,653,434,train
30264,318,243,train
30265,562,128,train
30266,796,734,test
30267,267,115,train
30268,57,482,train
30269,774,493,train
30270,706,738,train
30271,586,567,train
30272,767,462,train
30273,728,35,train
30274,251,502,train
30275,217,454,train
30276,34,231,test
30277,134,640,test
30278,392,289,test
30279,596,374,test
30280,729,718,test
30281,45,733,train
30282,776,680,train
30283,283,264,train
30284,619,431,train
30285,666,657,train
30286,213,56,train
30287,317,415,train
30288,292,370,train
30289,283,713,test
30290,238,786,train
30291,702,171,train
30292,336,146,test
30293,732,599,test
30294,357,732,train
30295,249,95,train
30296,251,160,train
30297,584,495,train
30298,262,415,test
30299,91,683,train
30300,497,443,train
30301,195,723,train
30302,328,704,train
30303,265,312,train
30304,498,800,train
30305,389,48,train
30306,102,781,train
30307,41,706,train
30308,65,93,train
30309,382,632,train
30310,37,672,train
30311,492,284,train
30312,92,670,train
30313,259,338,train
30314,573,500,train
30315,520,734,train
30316,241,28,train
30317,148,561,train
30318,668,11,train
30319,570,25,train
30320,211,521,train
30321,471,704,test
30322,538,263,train
30323,81,646,train
30324,720,159,test
30325,378,524,train
30326,631,206,train
30327,204,218,test
30328,271,324,test
30329,439,92,train
30330,639,423,train
30331,541,185,test
30332,499,641,train
30333,128,309,train
30334,779,212,train
30335,335,295,test
30336,77,50,train
30337,753,117,train
30338,509,698,train
30339,693,410,train
30340,538,210,test
30341,24,47,train
30342,11,574,train
30343,447,148,train
30344,663,475,test
30345,45,686,test
30346,195,645,train
30347,71,530,train
30348,744,661,train
30349,673,176,train
30350,792,457,train
30351,282,708,train
30352,305,425,train
30353,469,551,train
30354,50,527,train
30355,779,324,test
30356,777,516,train
30357,471,258,train
30358,667,713,train
30359,94,54,test
30360,750,327,test
30361,224,774,train
30362,241,771,train
30363,295,622,train
30364,353,175,train
30365,70,507,train
30366,245,561,train
30367,29,608,test
30368,337,163,train
30369,462,647,train
30370,350,664,train
30371,641,81,train
30372,669,407,train
30373,798,579,train
30374,691,67,train
30375,646,299,train
30376,166,555,train
30377,432,273,train
30378,455,622,train
30379,259,592,train
30380,577,449,train
30381,282,660,train
30382,387,672,train
30383,740,146,test
30384,522,588,train
30385,501,368,train
30386,414,652,test
30387,769,180,train
30388,600,695,train
30389,139,705,test
30390,398,234,train
30391,733,401,train
30392,255,226,train
30393,131,26,train
30394,269,110,train
30395,619,184,train
30396,487,174,train
30397,344,111,test
30398,58,652,train
30399,373,39,train
30400,697,786,train
30401,173,106,train
30402,10,91,test
30403,67,281,test
30404,35,769,train
30405,612,601,train
30406,643,674,train
30407,512,511,train
30408,388,64,train
30409,387,776,train
30410,586,528,train
30411,624,36,train
30412,584,293,train
30413,731,119,train
30414,4,353,train
30415,541,449,train
30416,665,338,test
30417,203,527,train
30418,313,257,train
30419,614,341,test
30420,285,100,train
30421,64,510,train
30422,749,730,train
30423,260,285,test
30424,609,137,train
30425,381,8,test
30426,583,97,train
30427,199,114,train
30428,118,653,train
30429,393,161,train
30430,89,486,test
30431,371,21,train
30432,642,756,train
30433,459,796,train
30434,254,142,train
30435,794,543,train
30436,756,565,test
30437,219,180,train
30438,360,612,train
30439,660,403,train
30440,559,355,train
30441,75,340,train
30442,543,247,train
30443,123,517,train
30444,87,407,train
30445,354,639,train
30446,25,275,train
30447,762,35,train
30448,115,572,test
30449,125,276,train
30450,495,768,test
30451,344,113,test
30452,630,426,train
30453,422,573,train
30454,753,698,train
30455,348,74,train
30456,579,792,train
30457,745,251,train
30458,634,385,train
30459,40,134,train
30460,38,39,train
30461,431,437,train
30462,566,309,train
30463,761,370,test
30464,615,182,test
30465,282,438,train
30466,101,208,train
30467,612,371,train
30468,640,159,train
30469,137,685,train
30470,335,346,train
30471,716,797,train
30472,127,684,test
30473,399,124,train
30474,407,765,train
30475,233,325,train
30476,117,20,test
30477,683,727,train
30478,314,575,train
30479,1,391,train
30480,216,604,train
30481,130,166,test
30482,184,518,train
30483,599,101,train
30484,103,226,train
30485,497,63,train
30486,739,784,train
30487,753,759,train
30488,276,603,train
30489,37,786,test
30490,536,578,train
30491,625,321,train
30492,273,636,train
30493,538,328,train
30494,467,601,train
30495,227,408,test
30496,148,194,train
30497,91,787,test
30498,357,194,test
30499,113,706,train
30500,473,377,test
30501,674,26,test
30502,277,134,train
30503,723,390,train
30504,501,565,train
30505,399,427,train
30506,717,21,train
30507,582,523,train
30508,670,428,train
30509,418,649,train
30510,511,547,train
30511,800,335,train
30512,92,6,test
30513,695,797,train
30514,128,450,test
30515,727,615,train
30516,799,594,train
30517,262,280,train
30518,99,640,train
30519,347,452,train
30520,372,40,test
30521,797,761,train
30522,538,254,train
30523,403,352,train
30524,166,382,test
30525,628,706,test
30526,156,474,train
30527,280,225,train
30528,206,752,train
30529,614,187,train
30530,776,606,train
30531,697,724,train
30532,381,252,train
30533,735,193,train
30534,48,632,train
30535,681,366,test
30536,719,195,train
30537,624,610,train
30538,676,764,train
30539,92,729,train
30540,626,137,test
30541,130,405,train
30542,123,139,train
30543,292,481,test
30544,190,550,train
30545,592,250,train
30546,473,165,train
30547,772,786,train
30548,179,533,train
30549,477,89,train
30550,469,781,train
30551,428,451,train
30552,329,29,test
30553,551,682,train
30554,385,128,train
30555,86,206,train
30556,86,68,test
30557,113,794,train
30558,426,9,test
30559,142,174,train
30560,502,445,test
30561,131,338,test
30562,347,51,train
30563,116,379,train
30564,415,376,test
30565,780,211,train
30566,777,113,train
30567,232,697,train
30568,341,28,train
30569,339,640,train
30570,571,668,train
30571,269,334,train
30572,633,453,train
30573,466,793,train
30574,204,24,train
30575,324,223,train
30576,161,608,test
30577,89,272,test
30578,197,625,train
30579,256,138,train
30580,270,492,train
30581,199,630,test
30582,280,16,train
30583,95,588,test
30584,192,229,train
30585,653,657,train
30586,791,104,train
30587,91,36,train
30588,238,314,train
30589,209,502,train
30590,57,488,train
30591,493,526,test
30592,673,481,train
30593,137,213,train
30594,44,233,train
30595,229,127,train
30596,321,726,train
30597,148,612,train
30598,304,24,train
30599,692,384,train
30600,35,511,train
30601,601,511,train
30602,55,498,train
30603,299,226,train
30604,473,763,train
30605,561,93,train
30606,357,747,test
30607,775,726,train
30608,3,179,test
30609,156,549,train
30610,245,503,train
30611,563,190,train
30612,635,304,test
30613,374,498,train
30614,291,586,train
30615,442,311,train
30616,368,88,train
30617,292,169,train
30618,129,793,test
30619,249,14,train
30620,305,388,test
30621,452,17,train
30622,524,730,train
30623,506,623,test
30624,625,240,train
30625,233,201,train
30626,519,431,train
30627,193,362,test
30628,756,377,train
30629,582,562,train
30630,518,56,train
30631,740,544,test
30632,732,48,train
30633,575,103,train
30634,81,279,train
30635,300,116,train
30636,311,3,train
30637,324,791,train
30638,70,580,train
30639,218,211,train
30640,636,717,train
30641,328,172,test
30642,402,565,train
30643,749,277,train
30644,470,427,train
30645,680,512,train
30646,728,421,train
30647,84,799,train
30648,468,226,test
30649,552,607,train
30650,443,111,train
30651,204,279,test
30652,744,107,train
30653,167,70,train
30654,62,653,test
30655,52,319,train
30656,35,787,train
30657,68,282,train
30658,773,668,train
30659,273,53,train
30660,160,614,train
30661,216,384,train
30662,730,80,test
30663,142,758,train
30664,609,272,test
30665,407,247,test
30666,456,701,test
30667,547,483,train
30668,302,719,train
30669,575,97,train
30670,175,558,train
30671,372,535,train
30672,357,456,train
30673,566,681,train
30674,393,308,train
30675,509,177,train
30676,334,715,train
30677,188,665,train
30678,173,686,test
30679,119,261,train
30680,417,363,train
30681,431,622,train
30682,44,768,train
30683,734,38,test
30684,470,153,train
30685,35,268,train
30686,462,265,test
30687,573,313,train
30688,117,612,test
30689,126,448,train
30690,576,311,train
30691,242,434,train
30692,302,759,train
30693,586,593,train
30694,82,784,test
30695,509,187,train
30696,718,590,train
30697,63,786,train
30698,305,774,train
30699,268,798,train
30700,411,200,train
30701,167,270,train
30702,394,633,train
30703,653,535,train
30704,550,509,test
30705,766,257,train
30706,708,36,train
30707,214,453,test
30708,533,511,train
30709,275,256,test
30710,764,469,train
30711,307,8,test
30712,198,584,test
30713,28,663,train
30714,518,535,train
30715,613,91,train
30716,673,260,train
30717,529,48,train
30718,306,518,test
30719,309,257,train
30720,113,658,train
30721,41,351,test
30722,553,212,test
30723,292,125,train
30724,555,198,train
30725,42,760,train
30726,71,599,train
30727,619,681,test
30728,222,656,train
30729,616,316,test
30730,221,484,test
30731,495,324,train
30732,623,657,train
30733,704,429,train
30734,549,393,train
30735,509,111,train
30736,337,212,train
30737,168,227,test
30738,211,751,train
30739,374,411,train
30740,68,47,train
30741,568,421,test
30742,405,790,train
30743,336,327,train
30744,149,172,test
30745,252,587,test
30746,49,636,train
30747,443,334,test
30748,533,299,train
30749,402,215,train
30750,197,415,train
30751,617,499,train
30752,156,511,train
30753,767,613,train
30754,266,506,train
30755,364,780,train
30756,298,233,train
30757,435,774,train
30758,744,310,train
30759,734,800,train
30760,57,664,train
30761,418,8,train
30762,543,179,train
30763,305,301,train
30764,750,701,test
30765,149,699,test
30766,372,97,test
30767,469,82,train
30768,749,6,train
30769,280,258,test
30770,87,79,train
30771,57,178,train
30772,170,509,test
30773,543,395,train
30774,492,745,test
30775,793,91,test
30776,207,541,train
30777,81,138,train
30778,224,2,train
30779,142,308,train
30780,431,617,train
30781,589,569,train
30782,102,125,test
30783,586,363,train
30784,345,743,train
30785,514,237,test
30786,422,585,test
30787,286,516,train
30788,49,663,train
30789,380,577,test
30790,615,222,train
30791,202,81,train
30792,30,157,test
30793,423,272,train
30794,541,432,train
30795,504,278,train
30796,349,622,test
30797,99,146,train
30798,581,670,test
30799,9,713,train
30800,433,713,train
30801,495,314,train
30802,644,617,test
30803,79,423,test
30804,340,451,train
30805,474,687,train
30806,764,578,train
30807,118,335,train
30808,605,156,train
30809,571,111,train
30810,63,755,train
30811,738,340,train
30812,676,182,test
30813,132,408,train
30814,73,245,train
30815,311,734,train
30816,738,541,train
30817,599,179,train
30818,730,496,train
30819,177,260,train
30820,290,657,train
30821,42,294,train
30822,248,702,train
30823,148,769,train
30824,531,259,train
30825,424,500,test
30826,488,395,train
30827,287,85,train
30828,651,542,train
30829,348,341,train
30830,609,8,train
30831,587,387,test
30832,724,258,train
30833,536,375,train
30834,544,111,train
30835,2,123,test
30836,51,575,train
30837,372,718,train
30838,326,192,train
30839,795,522,train
30840,530,276,test
30841,196,327,train
30842,422,286,train
30843,559,204,test
30844,415,492,train
30845,346,456,test
30846,503,463,train
30847,318,677,train
30848,224,48,train
30849,112,417,train
30850,149,700,train
30851,587,181,train
30852,14,764,test
30853,339,217,train
30854,596,711,test
30855,352,609,train
30856,146,105,train
30857,567,56,train
30858,540,768,train
30859,764,726,train
30860,692,538,train
30861,491,29,train
30862,195,624,train
30863,67,711,train
30864,552,800,test
30865,436,125,train
30866,788,32,train
30867,667,244,test
30868,164,567,test
30869,637,392,test
30870,520,430,train
30871,390,721,train
30872,146,212,train
30873,96,693,train
30874,679,244,train
30875,388,477,train
30876,636,142,train
30877,130,29,train
30878,681,516,train
30879,623,15,train
30880,365,572,train
30881,470,1,train
30882,69,700,train
30883,339,465,train
30884,110,496,train
30885,651,446,train
30886,247,388,train
30887,718,663,test
30888,404,13,train
30889,89,731,train
30890,751,696,test
30891,363,283,train
30892,229,300,train
30893,151,558,train
30894,375,666,train
30895,491,562,train
30896,222,422,train
30897,162,209,test
30898,267,546,train
30899,117,105,train
30900,572,588,train
30901,487,157,train
30902,328,752,train
30903,17,629,train
30904,36,191,train
30905,248,399,train
30906,704,622,train
30907,629,784,train
30908,87,146,train
30909,496,357,train
30910,748,225,train
30911,543,531,test
30912,592,266,train
30913,715,504,test
30914,102,11,test
30915,99,713,train
30916,138,500,test
30917,4,181,test
30918,733,518,train
30919,134,110,train
30920,490,664,train
30921,772,141,train
30922,107,489,test
30923,89,163,test
30924,678,754,test
30925,87,668,train
30926,18,484,train
30927,396,291,train
30928,230,658,train
30929,434,631,train
30930,192,252,train
30931,453,48,train
30932,750,77,train
30933,705,333,test
30934,392,307,train
30935,751,98,train
30936,780,4,train
30937,212,658,train
30938,444,301,test
30939,388,313,train
30940,141,154,test
30941,407,150,train
30942,81,633,train
30943,200,308,train
30944,343,340,train
30945,434,484,train
30946,565,237,train
30947,773,574,train
30948,297,526,train
30949,696,628,train
30950,705,178,train
30951,492,438,train
30952,194,409,train
30953,319,718,test
30954,82,778,train
30955,128,795,train
30956,599,387,train
30957,158,157,train
30958,332,305,test
30959,467,376,train
30960,596,466,train
30961,205,760,train
30962,67,574,train
30963,591,108,train
30964,103,175,train
30965,417,424,train
30966,28,310,train
30967,771,574,train
30968,99,257,train
30969,387,718,test
30970,352,317,train
30971,175,167,train
30972,585,342,test
30973,528,439,train
30974,558,50,train
30975,631,320,train
30976,778,218,train
30977,551,737,train
30978,319,482,test
30979,585,371,train
30980,439,371,test
30981,368,35,train
30982,430,9,train
30983,662,427,train
30984,335,579,test
30985,79,665,train
30986,668,379,train
30987,667,184,train
30988,298,191,train
30989,340,274,train
30990,257,665,train
30991,170,134,train
30992,31,699,train
30993,425,350,train
30994,241,653,train
30995,88,570,test
30996,41,454,train
30997,562,161,train
30998,67,358,train
30999,157,28,train
31000,157,263,train
31001,738,669,train
31002,645,83,train
31003,730,47,train
31004,79,141,test
31005,151,798,train
31006,738,225,train
31007,761,53,train
31008,104,615,test
31009,217,320,train
31010,674,595,train
31011,282,304,train
31012,776,343,train
31013,20,166,train
31014,307,730,train
31015,685,347,train
31016,330,734,test
31017,546,83,train
31018,318,667,train
31019,687,609,train
31020,176,674,train
31021,577,15,train
31022,348,404,train
31023,565,664,test
31024,693,300,test
31025,572,84,train
31026,645,445,test
31027,44,681,train
31028,294,242,train
31029,687,765,test
31030,502,473,test
31031,399,535,test
31032,625,227,train
31033,666,795,train
31034,321,70,train
31035,493,158,train
31036,647,441,test
31037,386,779,train
31038,37,616,train
31039,255,724,train
31040,559,98,train
31041,600,129,train
31042,164,204,test
31043,795,242,train
31044,531,504,train
31045,212,720,train
31046,15,84,train
31047,349,368,train
31048,181,315,train
31049,92,324,test
31050,515,380,train
31051,177,762,train
31052,332,253,test
31053,118,467,train
31054,390,244,train
31055,395,39,train
31056,758,47,train
31057,779,94,test
31058,572,658,train
31059,338,152,train
31060,158,513,train
31061,564,329,train
31062,425,99,test
31063,560,142,train
31064,707,277,test
31065,623,756,test
31066,739,569,test
31067,230,635,train
31068,478,737,train
31069,431,537,train
31070,241,667,test
31071,245,269,test
31072,547,498,train
31073,501,291,train
31074,446,654,train
31075,340,89,train
31076,344,313,train
31077,319,204,train
31078,753,401,train
31079,100,172,train
31080,423,424,train
31081,626,691,test
31082,352,14,train
31083,58,654,train
31084,607,520,train
31085,493,174,train
31086,466,405,train
31087,310,3,train
31088,398,790,train
31089,157,685,train
31090,286,790,train
31091,599,174,train
31092,245,700,train
31093,529,514,train
31094,194,542,train
31095,205,178,train
31096,558,499,train
31097,24,584,train
31098,612,40,train
31099,435,160,test
31100,439,93,train
31101,424,557,train
31102,631,777,train
31103,734,103,train
31104,297,463,train
31105,287,341,test
31106,441,570,train
31107,303,520,train
31108,117,629,train
31109,677,94,train
31110,662,448,train
31111,374,281,test
31112,241,320,train
31113,687,289,test
31114,275,168,train
31115,273,694,train
31116,114,314,train
31117,451,299,test
31118,13,279,train
31119,776,641,train
31120,598,171,train
31121,623,749,train
31122,420,56,train
31123,748,147,train
31124,547,697,test
31125,738,206,train
31126,601,672,test
31127,432,636,train
31128,612,309,train
31129,241,124,train
31130,693,412,train
31131,177,744,train
31132,172,367,train
31133,568,19,test
31134,689,608,train
31135,453,736,test
31136,216,391,train
31137,469,637,train
31138,631,747,train
31139,425,677,test
31140,174,154,train
31141,664,623,train
31142,168,163,train
31143,377,181,train
31144,765,793,train
31145,433,675,test
31146,531,186,train
31147,450,589,train
31148,538,194,train
31149,303,629,train
31150,512,87,train
31151,745,652,train
31152,579,416,test
31153,555,623,train
31154,676,143,test
31155,413,266,train
31156,596,492,train
31157,793,365,train
31158,561,8,train
31159,752,240,train
31160,51,719,test
31161,56,307,train
31162,302,425,train
31163,245,115,train
31164,112,500,train
31165,126,385,train
31166,88,233,train
31167,227,668,test
31168,800,641,train
31169,185,75,train
31170,586,5,train
31171,503,530,train
31172,301,760,train
31173,583,738,test
31174,634,242,train
31175,701,264,train
31176,294,353,train
31177,263,80,train
31178,40,434,test
31179,710,338,train
31180,132,673,train
31181,410,624,test
31182,52,589,train
31183,202,365,train
31184,27,222,train
31185,24,763,test
31186,368,406,train
31187,350,372,train
31188,34,165,train
31189,163,116,train
31190,561,62,train
31191,703,544,train
31192,62,422,test
31193,403,117,test
31194,9,190,train
31195,386,694,test
31196,763,528,train
31197,192,621,train
31198,143,733,test
31199,626,240,train
31200,214,400,train
31201,741,247,train
31202,453,509,train
31203,280,466,test
31204,554,250,train
31205,194,349,train
31206,684,453,train
31207,375,544,train
31208,179,668,train
31209,246,232,train
31210,600,7,train
31211,476,188,train
31212,624,500,train
31213,424,216,train
31214,40,228,train
31215,229,199,test
31216,748,163,train
31217,13,314,train
31218,71,705,train
31219,244,405,train
31220,7,754,train
31221,20,303,train
31222,371,490,test
31223,216,687,train
31224,321,61,test
31225,233,731,train
31226,779,132,train
31227,246,749,train
31228,620,740,train
31229,402,591,train
31230,682,451,train
31231,576,67,train
31232,768,309,train
31233,724,593,train
31234,445,87,test
31235,420,434,train
31236,309,271,train
31237,280,147,train
31238,623,472,train
31239,645,594,train
31240,123,438,train
31241,545,223,train
31242,91,28,train
31243,464,233,test
31244,393,53,train
31245,657,491,train
31246,212,348,train
31247,634,252,train
31248,636,779,train
31249,218,740,train
31250,298,576,train
31251,754,483,train
31252,72,386,train
31253,465,429,train
31254,138,430,train
31255,385,604,train
31256,161,449,train
31257,751,796,train
31258,330,34,train
31259,113,701,train
31260,420,220,train
31261,619,42,train
31262,190,268,train
31263,224,374,train
31264,685,218,train
31265,25,255,test
31266,364,302,train
31267,52,449,train
31268,647,700,train
31269,23,125,train
31270,464,299,train
31271,783,439,train
31272,432,127,train
31273,352,371,train
31274,264,781,train
31275,271,706,train
31276,512,190,train
31277,643,13,train
31278,636,156,train
31279,639,434,test
31280,784,555,train
31281,481,797,train
31282,186,355,test
31283,486,667,train
31284,462,148,train
31285,80,503,train
31286,445,238,test
31287,601,283,train
31288,350,492,test
31289,459,730,train
31290,561,734,train
31291,663,163,train
31292,561,410,train
31293,536,339,train
31294,154,372,train
31295,121,146,train
31296,173,395,train
31297,689,72,train
31298,665,283,test
31299,688,731,train
31300,294,371,train
31301,737,288,train
31302,536,27,train
31303,635,662,test
31304,491,51,train
31305,387,174,train
31306,258,198,train
31307,263,772,train
31308,58,202,test
31309,609,505,train
31310,223,175,train
31311,650,576,train
31312,270,146,test
31313,247,717,train
31314,765,531,train
31315,255,346,train
31316,333,541,test
31317,671,654,train
31318,716,284,train
31319,524,590,train
31320,262,283,train
31321,240,594,test
31322,742,192,train
31323,586,112,test
31324,209,465,train
31325,707,347,train
31326,351,790,train
31327,748,225,train
31328,503,76,train
31329,788,254,train
31330,467,527,train
31331,268,137,train
31332,564,650,train
31333,135,665,train
31334,140,282,train
31335,4,370,train
31336,750,96,train
31337,554,374,train
31338,543,145,train
31339,412,477,train
31340,492,165,train
31341,420,284,train
31342,713,750,train
31343,263,702,train
31344,397,551,train
31345,513,598,train
31346,331,450,train
31347,611,725,test
31348,774,11,train
31349,70,512,train
31350,624,578,train
31351,799,761,train
31352,284,553,train
31353,605,60,train
31354,750,315,train
31355,734,253,test
31356,89,436,train
31357,91,796,train
31358,220,347,train
31359,483,232,train
31360,261,732,train
31361,28,329,train
31362,6,731,train
31363,469,581,train
31364,97,436,train
31365,652,147,test
31366,794,55,train
31367,241,600,train
31368,286,582,test
31369,311,677,train
31370,459,549,train
31371,481,736,train
31372,614,617,train
31373,172,465,train
31374,476,489,train
31375,89,504,test
31376,222,677,train
31377,396,211,train
31378,277,109,train
31379,421,301,train
31380,474,734,test
31381,85,250,test
31382,682,333,test
31383,53,344,test
31384,178,214,train
31385,302,768,test
31386,567,264,train
31387,362,404,train
31388,289,116,test
31389,77,235,train
31390,326,417,train
31391,365,526,train
31392,523,580,train
31393,743,9,train
31394,191,105,test
31395,674,731,test
31396,428,248,test
31397,740,737,train
31398,135,562,train
31399,552,434,test
31400,442,270,train
31401,3,239,train
31402,546,500,train
31403,142,551,train
31404,293,732,train
31405,619,55,train
31406,285,441,train
31407,243,73,test
31408,103,109,train
31409,463,435,train
31410,167,529,train
31411,668,371,test
31412,590,652,test
31413,219,540,train
31414,592,726,train
31415,436,110,test
31416,250,332,train
31417,394,104,train
31418,27,255,train
31419,68,152,train
31420,198,328,train
31421,14,752,train
31422,235,508,train
31423,540,165,train
31424,611,305,train
31425,50,667,train
31426,734,560,test
31427,657,250,train
31428,148,142,train
31429,496,735,train
31430,560,574,train
31431,284,776,train
31432,578,453,train
31433,402,472,train
31434,226,83,train
31435,136,108,train
31436,131,34,train
31437,791,379,test
31438,279,1,train
31439,117,507,train
31440,192,659,train
31441,636,517,train
31442,62,289,train
31443,786,348,train
31444,775,459,train
31445,319,293,train
31446,732,124,train
31447,222,394,train
31448,89,205,train
31449,726,10,test
31450,240,239,train
31451,107,132,train
31452,406,438,train
31453,404,540,test
31454,698,571,train
31455,393,251,train
31456,364,278,train
31457,590,163,test
31458,125,306,train
31459,376,558,train
31460,349,678,test
31461,244,17,train
31462,257,360,train
31463,84,357,train
31464,758,766,train
31465,327,535,train
31466,727,534,train
31467,148,500,test
31468,653,193,train
31469,722,777,test
31470,208,770,train
31471,624,403,test
31472,283,502,test
31473,724,309,train
31474,691,147,train
31475,464,305,train
31476,412,149,train
31477,366,112,train
31478,13,550,train
31479,52,334,train
31480,408,569,train
31481,14,711,train
31482,459,713,train
31483,495,754,train
31484,405,193,test
31485,752,262,train
31486,221,431,train
31487,531,100,train
31488,211,659,train
31489,389,156,train
31490,55,230,test
31491,596,409,test
31492,467,432,train
31493,233,113,train
31494,552,461,train
31495,760,327,train
31496,34,7,train
31497,501,759,train
31498,640,227,train
31499,593,451,train
31500,429,4,train
31501,547,762,train
31502,428,605,test
31503,65,173,train
31504,660,715,train
31505,188,768,train
31506,95,714,test
31507,215,564,train
31508,1,533,train
31509,630,143,train
31510,114,444,train
31511,622,148,train
31512,730,590,train
31513,543,317,train
31514,573,281,train
31515,443,274,test
31516,254,258,train
31517,287,247,train
31518,290,306,train
31519,310,40,train
31520,449,731,train
31521,614,455,train
31522,662,196,train
31523,751,418,train
31524,497,143,train
31525,60,508,test
31526,301,104,train
31527,544,16,test
31528,60,628,train
31529,678,164,train
31530,407,53,train
31531,484,185,train
31532,593,560,train
31533,242,123,test
31534,456,718,train
31535,762,799,train
31536,291,283,train
31537,292,577,train
31538,406,240,test
31539,657,525,train
31540,390,797,train
31541,607,552,train
31542,327,205,train
31543,678,178,train
31544,211,116,test
31545,706,794,train
31546,490,620,train
31547,689,518,train
31548,63,101,train
31549,257,224,train
31550,282,728,train
31551,747,581,train
31552,219,117,train
31553,712,139,test
31554,8,586,train
31555,326,152,train
31556,768,443,train
31557,287,155,train
31558,476,490,train
31559,375,212,train
31560,724,767,train
31561,117,792,test
31562,307,103,train
31563,412,254,train
31564,77,580,train
31565,734,259,test
31566,391,379,train
31567,448,551,train
31568,701,475,train
31569,483,536,test
31570,734,115,train
31571,785,465,train
31572,369,752,test
31573,406,743,train
31574,181,445,train
31575,615,462,test
31576,36,554,train
31577,247,234,train
31578,140,589,train
31579,510,643,train
31580,461,489,train
31581,576,31,train
31582,694,652,test
31583,758,222,train
31584,128,632,train
31585,38,225,train
31586,26,362,train
31587,588,529,train
31588,318,706,train
31589,93,438,train
31590,18,159,train
31591,616,529,train
31592,98,308,train
31593,624,258,test
31594,377,763,test
31595,17,387,train
31596,794,130,train
31597,566,313,train
31598,160,324,train
31599,750,192,train
31600,30,149,train
31601,584,692,test
31602,768,726,train
31603,25,798,test
31604,336,26,train
31605,226,773,train
31606,130,170,test
31607,355,411,train
31608,352,192,train
31609,580,423,train
31610,532,460,test
31611,781,270,train
31612,764,111,train
31613,300,404,test
31614,551,554,train
31615,504,588,train
31616,226,145,test
31617,359,433,test
31618,134,302,train
31619,256,330,train
31620,632,304,test
31621,381,83,train
31622,59,271,train
31623,400,682,train
31624,540,651,train
31625,515,562,train
31626,486,381,train
31627,61,210,train
31628,188,367,train
31629,62,663,test
31630,310,65,train
31631,492,545,test
31632,178,137,train
31633,671,163,test
31634,323,586,train
31635,142,388,test
31636,754,408,train
31637,378,693,train
31638,295,58,train
31639,645,210,test
31640,574,775,train
31641,284,752,train
31642,151,776,train
31643,253,73,train
31644,173,76,train
31645,212,392,train
31646,748,432,train
31647,49,240,train
31648,54,8,test
31649,711,690,train
31650,98,581,train
31651,624,410,test
31652,306,772,train
31653,608,296,train
31654,332,117,train
31655,656,690,train
31656,291,736,train
31657,562,502,train
31658,54,132,test
31659,380,188,train
31660,679,149,train
31661,468,739,train
31662,631,171,train
31663,551,125,train
31664,173,621,train
31665,750,296,train
31666,295,567,train
31667,81,125,test
31668,667,590,train
31669,56,746,test
31670,637,336,test
31671,24,678,train
31672,770,549,train
31673,429,752,train
31674,1,415,train
31675,48,367,train
31676,101,380,train
31677,220,378,train
31678,420,122,test
31679,131,338,test
31680,369,488,test
31681,775,297,train
31682,557,741,test
31683,621,132,train
31684,500,256,test
31685,459,563,train
31686,39,261,train
31687,329,273,test
31688,770,319,train
31689,777,444,train
31690,327,186,train
31691,289,553,train
31692,289,535,train
31693,605,324,train
31694,302,185,train
31695,260,167,train
31696,364,428,test
31697,176,798,train
31698,608,308,train
31699,369,15,train
31700,793,641,train
31701,43,771,train
31702,367,356,train
31703,444,232,train
31704,736,500,train
31705,45,740,train
31706,508,379,train
31707,409,712,train
31708,111,8,train
31709,255,361,train
31710,250,718,train
31711,107,576,train
31712,312,204,train
31713,664,429,train
31714,534,208,test
31715,555,173,train
31716,354,603,train
31717,400,455,train
31718,238,562,test
31719,709,583,train
31720,431,517,train
31721,694,332,train
31722,738,166,train
31723,493,117,test
31724,504,679,test
31725,249,21,train
31726,97,248,train
31727,433,386,train
31728,739,682,train
31729,314,265,train
31730,35,429,train
31731,359,131,train
31732,658,628,train
31733,640,13,test
31734,151,134,test
31735,717,607,test
31736,629,642,train
31737,262,791,train
31738,402,744,test
31739,737,392,train
31740,125,733,train
31741,267,253,train
31742,357,679,train
31743,302,792,train
31744,138,469,train
31745,483,780,test
31746,636,389,test
31747,691,156,train
31748,71,706,train
31749,459,451,train
31750,362,529,test
31751,751,4,train
31752,648,442,test
31753,717,152,test
31754,433,727,train
31755,559,652,train
31756,739,139,train
31757,724,124,train
31758,631,788,train
31759,737,530,train
31760,250,336,test
31761,781,743,train
31762,736,169,train
31763,647,454,train
31764,203,729,test
31765,454,278,train
31766,344,438,test
31767,747,128,train
31768,309,88,train
31769,773,48,train
31770,667,477,test
31771,133,415,train
31772,275,29,test
31773,333,103,train
31774,199,489,test
31775,418,564,train
31776,719,131,train
31777,432,30,train
31778,215,213,test
31779,134,539,train
31780,770,462,train
31781,181,518,test
31782,82,737,train
31783,102,713,test
31784,400,510,test
31785,426,91,train
31786,627,567,test
31787,508,220,train
31788,370,42,train
31789,326,168,train
31790,310,478,train
31791,563,762,train
31792,55,504,train
31793,483,755,train
31794,573,780,test
31795,203,549,train
31796,701,223,train
31797,237,451,train
31798,754,193,train
31799,310,436,train
31800,500,451,train
31801,417,478,train
31802,374,579,train
31803,755,282,test
31804,326,639,train
31805,597,615,train
31806,21,682,test
31807,58,509,train
31808,139,23,test
31809,543,229,train
31810,669,438,train
31811,93,453,test
31812,617,512,train
31813,116,753,train
31814,462,148,train
31815,580,225,train
31816,192,329,train
31817,14,16,train
31818,316,596,train
31819,720,733,test
31820,36,390,train
31821,412,219,train
31822,738,275,train
31823,18,555,train
31824,168,374,train
31825,795,549,train
31826,2,279,train
31827,317,737,train
31828,437,26,test
31829,637,48,train
31830,481,306,train
31831,765,387,train
31832,488,185,test
31833,600,206,train
31834,590,93,train
31835,274,155,train
31836,110,422,test
31837,36,517,test
31838,290,94,train
31839,748,531,test
31840,156,186,train
31841,526,203,train
31842,110,509,test
31843,701,246,train
31844,176,115,test
31845,428,603,train
31846,174,307,train
31847,200,51,train
31848,258,614,train
31849,498,319,test
31850,440,507,train
31851,774,134,train
31852,204,607,train
31853,179,237,train
31854,115,653,train
31855,388,225,train
31856,468,630,test
31857,211,520,test
31858,742,470,train
31859,250,41,train
31860,336,597,train
31861,589,224,train
31862,318,230,train
31863,7,109,train
31864,732,593,test
31865,480,595,test
31866,490,646,train
31867,464,649,test
31868,467,31,train
31869,769,597,train
31870,601,62,train
31871,493,546,test
31872,747,176,train
31873,724,407,train
31874,208,15,train
31875,482,718,test
31876,345,267,train
31877,286,721,train
31878,704,80,train
31879,538,249,test
31880,414,8,test
31881,301,662,test
31882,406,324,train
31883,573,309,train
31884,459,143,train
31885,793,688,train
31886,465,641,train
31887,502,772,train
31888,367,674,train
31889,135,754,test
31890,710,428,train
31891,370,293,train
31892,572,607,train
31893,330,160,train
31894,19,626,train
31895,289,799,train
31896,646,482,train
31897,175,27,train
31898,772,502,train
31899,366,308,train
31900,631,512,test
31901,646,535,train
31902,89,714,train
31903,511,266,train
31904,387,630,test
31905,665,383,train
31906,730,300,test
31907,592,720,train
31908,214,411,test
31909,677,469,train
31910,192,337,test
31911,737,220,test
31912,170,478,train
31913,377,193,train
31914,747,147,train
31915,549,744,train
31916,47,584,train
31917,31,238,train
31918,679,595,train
31919,788,456,test
31920,292,354,train
31921,783,740,train
31922,391,64,train
31923,175,652,train
31924,595,572,train
31925,690,698,train
31926,182,708,train
31927,787,614,train
31928,449,339,test
31929,133,40,train
31930,590,770,train
31931,257,203,train
31932,77,263,train
31933,484,664,train
31934,578,670,test
31935,38,480,train
31936,368,481,train
31937,352,1,train
31938,3,518,train
31939,280,335,train
31940,411,226,train
31941,388,576,train
31942,40,478,train
31943,61,186,train
31944,335,154,train
31945,27,57,train
31946,587,681,train
31947,34,333,test
31948,111,137,train
31949,686,446,train
31950,436,65,train
31951,370,310,test
31952,538,619,train
31953,536,298,train
31954,295,344,train
31955,758,755,test
31956,378,260,test
31957,663,668,train
31958,554,292,train
31959,404,491,train
31960,777,545,train
31961,737,152,train
31962,648,112,train
31963,70,736,test
31964,575,349,train
31965,402,543,train
31966,135,137,train
31967,417,794,train
31968,160,370,train
31969,166,797,test
31970,230,606,test
31971,321,23,train
31972,394,398,train
31973,89,610,train
31974,456,234,train
31975,395,581,train
31976,250,48,train
31977,758,607,train
31978,664,243,train
31979,239,598,train
31980,442,696,test
31981,657,639,train
31982,314,85,train
31983,716,742,train
31984,251,324,train
31985,272,239,train
31986,636,634,train
31987,563,457,train
31988,104,796,train
31989,740,460,test
31990,45,575,train
31991,796,697,train
31992,386,548,train
31993,401,741,train
31994,691,438,test
31995,677,564,train
31996,598,129,train
31997,184,51,train
31998,293,295,train
31999,125,417,train
32000,259,169,train
32001,408,471,train
32002,461,480,test
32003,447,152,test
32004,44,409,train
32005,21,182,test
32006,53,306,train
32007,491,374,train
32008,449,391,train
32009,706,231,train
32010,764,69,train
32011,329,348,train
32012,441,341,test
32013,678,799,train
32014,679,416,test
32015,610,698,train
32016,736,667,test
32017,597,451,test
32018,241,283,train
32019,748,592,train
32020,682,555,train
32021,515,783,train
32022,596,589,train
32023,567,312,test
32024,584,191,train
32025,542,142,train
32026,772,217,train
32027,699,625,train
32028,444,724,train
32029,379,793,train
32030,292,481,test
32031,732,501,train
32032,30,767,train
32033,670,319,train
32034,711,264,train
32035,752,316,test
32036,739,143,train
32037,247,374,train
32038,168,369,test
32039,230,180,train
32040,275,69,train
32041,352,208,test
32042,241,91,train
32043,170,740,test
32044,474,433,train
32045,528,215,train
32046,729,125,train
32047,691,654,train
32048,445,283,test
32049,6,215,train
32050,56,57,train
32051,146,191,train
32052,450,35,test
32053,680,318,test
32054,770,587,test
32055,191,278,train
32056,259,14,test
32057,381,60,train
32058,276,485,train
32059,54,468,train
32060,549,788,train
32061,470,623,train
32062,634,238,train
32063,266,789,train
32064,799,44,train
32065,62,61,train
32066,361,455,train
32067,573,72,train
32068,11,755,train
32069,750,562,test
32070,98,648,test
32071,708,453,train
32072,631,292,train
32073,436,586,train
32074,95,793,train
32075,683,543,train
32076,390,458,train
32077,564,572,train
32078,778,245,train
32079,427,651,train
32080,594,391,train
32081,689,401,test
32082,334,776,train
32083,456,677,train
32084,408,460,train
32085,310,296,train
32086,599,483,train
32087,458,60,train
32088,38,551,train
32089,132,499,train
32090,127,295,train
32091,208,644,test
32092,292,350,train
32093,774,105,train
32094,598,696,train
32095,256,28,train
32096,589,71,train
32097,177,69,train
32098,221,14,train
32099,127,715,train
32100,507,630,train
32101,495,169,train
32102,604,269,train
32103,468,643,test
32104,51,770,train
32105,478,572,test
32106,694,700,train
32107,560,526,train
32108,663,443,train
32109,653,788,train
32110,713,784,test
32111,41,352,test
32112,205,767,test
32113,592,226,train
32114,784,800,train
32115,216,383,test
32116,770,753,train
32117,279,186,train
32118,346,374,train
32119,470,220,train
32120,208,330,train
32121,198,738,train
32122,302,591,train
32123,239,732,train
32124,138,184,train
32125,605,330,train
32126,260,156,train
32127,119,407,train
32128,461,725,train
32129,31,272,train
32130,74,540,test
32131,728,425,train
32132,225,134,train
32133,717,300,train
32134,410,424,train
32135,94,560,test
32136,212,592,train
32137,519,512,test
32138,346,375,train
32139,251,91,test
32140,500,242,train
32141,493,679,train
32142,197,337,train
32143,95,409,train
32144,19,147,test
32145,628,309,train
32146,224,519,train
32147,734,139,train
32148,50,294,train
32149,738,403,train
32150,210,16,train
32151,132,131,train
32152,513,332,test
32153,612,313,train
32154,603,316,train
32155,776,561,train
32156,409,252,train
32157,475,481,train
32158,707,295,test
32159,488,150,train
32160,693,343,train
32161,358,471,train
32162,692,519,train
32163,268,667,train
32164,713,583,train
32165,133,148,train
32166,220,380,train
32167,623,420,train
32168,71,454,train
32169,476,641,train
32170,73,237,train
32171,779,304,train
32172,143,351,train
32173,214,636,train
32174,338,603,test
32175,40,163,train
32176,202,701,train
32177,317,610,train
32178,411,323,train
32179,555,212,train
32180,715,309,train
32181,711,647,train
32182,646,194,train
32183,491,100,test
32184,5,751,train
32185,440,704,train
32186,130,125,train
32187,543,362,test
32188,232,102,train
32189,609,140,train
32190,489,602,train
32191,103,176,test
32192,216,451,test
32193,765,521,train
32194,425,244,train
32195,121,83,train
32196,448,780,train
32197,274,306,train
32198,547,657,train
32199,360,303,train
32200,314,522,train
32201,607,145,train
32202,488,800,train
32203,720,364,train
32204,625,456,train
32205,583,451,train
32206,768,593,train
32207,521,374,train
32208,56,230,train
32209,745,415,train
32210,560,621,train
32211,648,394,train
32212,422,421,train
32213,45,220,train
32214,76,425,train
32215,632,129,train
32216,550,216,train
32217,163,357,train
32218,562,254,train
32219,543,490,train
32220,521,152,train
32221,132,464,train
32222,217,551,train
32223,352,93,train
32224,28,37,train
32225,44,279,train
32226,377,437,train
32227,393,470,train
32228,325,679,train
32229,232,783,train
32230,160,201,test
32231,528,158,train
32232,103,271,train
32233,370,462,test
32234,435,787,train
32235,147,332,train
32236,333,329,train
32237,642,491,train
32238,601,685,train
32239,750,684,train
32240,594,60,train
32241,284,720,train
32242,98,700,train
32243,631,59,test
32244,692,685,train
32245,740,592,train
32246,364,543,train
32247,695,386,test
32248,682,352,train
32249,521,71,test
32250,743,188,train
32251,215,198,train
32252,673,792,test
32253,255,786,train
32254,574,758,train
32255,75,216,test
32256,799,409,train
32257,314,674,test
32258,319,158,train
32259,57,41,train
32260,648,171,train
32261,53,64,test
32262,84,793,train
32263,645,416,test
32264,642,27,train
32265,135,324,test
32266,182,507,train
32267,766,737,train
32268,312,369,train
32269,699,627,test
32270,242,637,test
32271,453,223,train
32272,18,264,train
32273,102,292,test
32274,477,323,test
32275,399,173,test
32276,712,281,train
32277,109,540,train
32278,354,113,train
32279,343,491,train
32280,357,388,train
32281,36,666,train
32282,168,561,train
32283,258,218,train
32284,680,209,train
32285,116,170,train
32286,539,729,train
32287,643,238,train
32288,384,356,test
32289,253,614,train
32290,588,271,train
32291,326,350,train
32292,239,131,train
32293,67,749,train
32294,665,708,test
32295,53,598,train
32296,665,486,train
32297,472,460,train
32298,173,391,train
32299,404,167,train
32300,497,454,train
32301,158,226,train
32302,735,65,test
32303,294,417,test
32304,698,243,train
32305,568,651,train
32306,720,261,train
32307,677,724,train
32308,146,739,train
32309,626,19,train
32310,315,82,test
32311,135,685,train
32312,204,550,train
32313,272,442,train
32314,772,502,train
32315,215,57,test
32316,198,188,train
32317,314,766,train
32318,316,687,train
32319,99,506,test
32320,287,275,train
32321,458,766,train
32322,628,113,test
32323,684,69,train
32324,279,429,train
32325,85,456,train
32326,620,698,test
32327,728,194,train
32328,49,447,train
32329,89,84,train
32330,701,105,train
32331,384,140,train
32332,538,358,train
32333,772,753,train
32334,10,145,train
32335,592,394,train
32336,438,687,train
32337,379,676,train
32338,320,304,train
32339,481,302,train
32340,647,673,train
32341,720,431,test
32342,694,444,train
32343,757,577,test
32344,760,401,test
32345,375,780,train
32346,347,533,train
32347,262,115,train
32348,304,752,train
32349,252,313,train
32350,197,720,train
32351,369,483,train
32352,634,661,train
32353,500,694,train
32354,329,680,train
32355,198,540,train
32356,600,157,train
32357,81,182,train
32358,647,523,train
32359,402,732,train
32360,181,725,train
32361,467,313,train
32362,342,361,train
32363,346,499,train
32364,559,116,test
32365,37,361,train
32366,739,621,train
32367,117,515,train
32368,350,676,train
32369,474,770,train
32370,396,215,train
32371,677,59,test
32372,214,326,train
32373,275,353,train
32374,142,528,train
32375,682,470,train
32376,413,217,train
32377,172,204,test
32378,727,570,train
32379,622,552,train
32380,492,8,train
32381,334,776,train
32382,281,49,train
32383,523,475,train
32384,719,536,train
32385,688,355,train
32386,1,643,train
32387,415,80,train
32388,427,780,train
32389,592,744,train
32390,442,612,train
32391,706,173,train
32392,679,723,train
32393,275,505,train
32394,502,505,train
32395,128,270,train
32396,200,346,train
32397,206,99,test
32398,150,456,train
32399,483,571,train
32400,190,217,train
32401,329,35,train
32402,376,764,train
32403,391,442,train
32404,518,426,train
32405,736,797,train
32406,330,472,train
32407,707,68,train
32408,229,60,train
32409,306,166,test
32410,701,715,train
32411,588,510,train
32412,401,708,train
32413,628,585,train
32414,401,447,test
32415,204,63,train
32416,52,475,test
32417,409,666,train
32418,137,615,train
32419,298,59,test
32420,149,469,train
32421,52,770,train
32422,195,508,train
32423,523,714,test
32424,573,522,train
32425,657,443,train
32426,493,38,train
32427,437,564,train
32428,154,696,train
32429,573,17,train
32430,540,132,train
32431,165,312,train
32432,753,430,train
32433,314,672,train
32434,529,570,test
32435,476,3,train
32436,43,685,test
32437,597,87,train
32438,215,424,train
32439,714,360,train
32440,168,348,train
32441,597,529,train
32442,432,57,train
32443,301,651,train
32444,258,401,train
32445,775,152,train
32446,761,523,train
32447,358,400,train
32448,671,492,train
32449,172,299,train
32450,229,304,train
32451,251,229,train
32452,222,481,train
32453,344,246,train
32454,279,747,train
32455,547,260,train
32456,786,470,test
32457,518,631,train
32458,181,257,train
32459,564,736,train
32460,450,157,train
32461,259,501,train
32462,617,178,train
32463,21,1,train
32464,601,197,train
32465,561,589,train
32466,350,458,train
32467,688,490,train
32468,685,266,train
32469,650,590,train
32470,7,359,train
32471,323,328,train
32472,531,246,train
32473,731,355,train
32474,314,397,train
32475,97,342,test
32476,45,214,test
32477,21,759,train
32478,563,258,test
32479,697,247,train
32480,332,620,train
32481,201,151,train
32482,710,327,test
32483,604,5,train
32484,162,595,train
32485,453,67,train
32486,499,498,train
32487,738,389,train
32488,425,720,train
32489,374,259,train
32490,192,2,train
32491,497,347,train
32492,53,235,train
32493,50,735,train
32494,665,119,train
32495,102,248,train
32496,514,781,test
32497,490,291,test
32498,429,420,train
32499,333,787,train
32500,157,422,train
32501,685,624,train
32502,293,458,test
32503,49,737,train
32504,335,380,test
32505,576,361,test
32506,652,45,train
32507,255,781,test
32508,231,737,train
32509,342,203,train
32510,559,540,train
32511,219,774,train
32512,457,510,train
32513,222,459,train
32514,430,786,train
32515,589,401,train
32516,191,681,train
32517,321,375,test
32518,238,742,train
32519,653,19,test
32520,10,463,train
32521,330,695,train
32522,24,542,train
32523,636,423,train
32524,354,780,train
32525,760,667,train
32526,607,349,train
32527,679,755,train
32528,60,780,train
32529,164,792,train
32530,650,458,train
32531,251,506,train
32532,347,420,test
32533,578,53,train
32534,245,735,test
32535,177,588,train
32536,171,111,test
32537,438,136,test
32538,378,758,train
32539,82,751,train
32540,501,159,train
32541,664,514,train
32542,541,699,train
32543,287,383,train
32544,107,220,train
32545,756,246,train
32546,698,276,train
32547,729,149,train
32548,153,74,train
32549,108,756,train
32550,633,437,test
32551,624,13,train
32552,112,341,train
32553,671,544,train
32554,548,49,train
32555,11,286,train
32556,342,494,train
32557,729,514,test
32558,359,714,test
32559,228,201,train
32560,99,24,train
32561,617,101,train
32562,250,720,train
32563,617,36,train
32564,125,292,train
32565,113,489,train
32566,114,689,train
32567,136,134,train
32568,307,391,train
32569,98,359,train
32570,426,136,train
32571,116,654,train
32572,672,431,train
32573,406,381,train
32574,328,581,train
32575,542,581,train
32576,228,691,train
32577,680,225,train
32578,9,429,test
32579,129,800,train
32580,45,6,train
32581,306,283,test
32582,780,458,train
32583,509,161,train
32584,275,449,train
32585,533,730,train
32586,229,140,train
32587,740,532,train
32588,96,187,train
32589,443,466,train
32590,189,195,train
32591,536,61,train
32592,460,127,train
32593,617,143,train
32594,485,611,train
32595,79,683,train
32596,252,710,train
32597,254,149,train
32598,21,435,test
32599,276,72,train
32600,409,221,train
32601,637,528,train
32602,640,52,train
32603,251,94,test
32604,652,240,test
32605,428,554,test
32606,450,53,train
32607,72,106,test
32608,61,469,train
32609,86,263,train
32610,7,440,train
32611,797,266,train
32612,247,680,test
32613,1,191,train
32614,137,205,train
32615,533,9,test
32616,1,523,train
32617,47,790,train
32618,370,582,train
32619,284,755,test
32620,713,483,train
32621,467,720,train
32622,156,598,test
32623,768,55,train
32624,297,492,train
32625,585,157,train
32626,770,599,train
32627,77,269,train
32628,373,704,train
32629,26,310,train
32630,676,262,test
32631,333,569,test
32632,292,204,train
32633,140,577,train
32634,210,221,train
32635,795,376,train
32636,222,644,test
32637,121,61,test
32638,349,196,train
32639,716,512,train
32640,208,734,train
32641,285,201,train
32642,794,418,train
32643,437,172,train
32644,10,296,train
32645,11,305,train
32646,386,54,train
32647,388,500,train
32648,196,623,test
32649,223,151,train
32650,306,141,train
32651,518,170,train
32652,100,731,train
32653,488,212,train
32654,735,786,train
32655,82,471,train
32656,658,673,train
32657,738,406,test
32658,396,764,test
32659,91,407,test
32660,684,770,train
32661,321,731,train
32662,647,342,train
32663,406,294,train
32664,400,525,test
32665,676,797,train
32666,34,292,train
32667,266,149,train
32668,179,362,train
32669,49,512,train
32670,278,350,train
32671,83,551,train
32672,57,255,train
32673,517,58,train
32674,40,162,train
32675,780,168,train
32676,369,527,test
32677,137,269,train
32678,453,249,train
32679,162,152,train
32680,296,635,train
32681,34,781,train
32682,415,287,train
32683,96,544,train
32684,257,547,train
32685,723,447,train
32686,433,480,test
32687,748,443,train
32688,228,290,train
32689,118,578,train
32690,73,708,train
32691,130,52,test
32692,793,390,train
32693,734,175,train
32694,800,471,test
32695,512,569,train
32696,601,727,train
32697,103,492,test
32698,601,327,train
32699,113,379,train
32700,331,626,train
32701,780,82,train
32702,291,439,test
32703,734,800,train
32704,673,465,train
32705,367,517,train
32706,446,381,train
32707,656,779,train
32708,244,205,train
32709,263,65,train
32710,357,589,train
32711,51,545,train
32712,189,734,train
32713,450,519,train
32714,364,602,train
32715,19,202,train
32716,277,213,train
32717,161,780,train
32718,586,49,train
32719,533,428,train
32720,550,222,train
32721,687,509,train
32722,181,148,train
32723,113,40,train
32724,261,774,train
32725,661,709,test
32726,581,477,train
32727,662,519,train
32728,784,759,train
32729,415,769,train
32730,708,416,test
32731,432,672,test
32732,334,157,train
32733,96,431,test
32734,798,306,train
32735,488,780,train
32736,484,599,train
32737,732,582,train
32738,81,108,test
32739,181,420,train
32740,713,745,train
32741,533,604,train
32742,530,787,train
32743,550,263,train
32744,631,523,test
32745,762,673,train
32746,621,741,train
32747,776,22,test
32748,231,437,train
32749,162,7,train
32750,150,58,test
32751,515,702,train
32752,308,29,train
32753,433,473,test
32754,522,589,train
32755,548,176,train
32756,652,663,train
32757,5,353,train
32758,788,545,train
32759,492,279,train
32760,411,450,train
32761,471,512,train
32762,282,258,train
32763,640,742,train
32764,786,750,train
32765,477,523,test
32766,148,8,train
32767,688,96,train
32768,131,663,train
32769,132,737,train
32770,153,501,test
32771,421,74,train
32772,228,93,test
32773,730,126,train
32774,102,734,test
32775,62,582,train
32776,301,212,train
32777,776,42,train
32778,155,212,test
32779,793,25,train
32780,581,756,train
32781,5,300,test
32782,166,499,train
32783,355,271,train
32784,155,733,train
32785,561,347,test
32786,149,355,test
32787,404,165,train
32788,196,146,train
32789,726,346,test
32790,379,297,train
32791,512,791,train
32792,793,149,train
32793,687,32,train
32794,695,700,train
32795,326,526,test
32796,458,79,train
32797,216,559,test
32798,551,198,train
32799,559,571,train
32800,601,293,train
32801,162,352,train
32802,784,214,train
32803,434,731,train
32804,359,455,train
32805,595,231,test
32806,446,166,train
32807,541,597,train
32808,529,121,train
32809,348,276,test
32810,744,537,train
32811,571,606,test
32812,433,293,train
32813,697,145,train
32814,754,209,train
32815,529,691,test
32816,687,511,train
32817,620,311,test
32818,632,52,train
32819,38,743,train
32820,256,723,train
32821,244,590,train
32822,423,380,train
32823,291,490,test
32824,468,504,train
32825,738,307,train
32826,164,268,train
32827,331,443,train
32828,209,94,test
32829,210,103,train
32830,475,673,train
32831,417,262,train
32832,378,333,train
32833,240,114,train
32834,166,626,train
32835,602,542,train
32836,778,71,test
32837,68,284,train
32838,10,759,train
32839,713,179,train
32840,156,191,test
32841,437,48,train
32842,491,164,train
32843,478,204,train
32844,464,111,train
32845,641,485,train
32846,430,100,train
32847,286,147,train
32848,375,395,train
32849,633,726,train
32850,48,773,train
32851,406,495,test
32852,632,462,train
32853,396,661,train
32854,382,800,test
32855,176,28,train
32856,396,794,train
32857,365,800,test
32858,274,579,train
32859,86,32,train
32860,19,363,train
32861,411,414,train
32862,323,512,train
32863,86,118,test
32864,93,684,train
32865,647,592,train
32866,603,312,train
32867,507,445,train
32868,40,396,train
32869,678,244,train
32870,312,723,test
32871,88,675,train
32872,27,93,train
32873,344,509,train
32874,654,639,train
32875,258,579,train
32876,737,597,train
32877,740,319,train
32878,329,474,train
32879,51,738,test
32880,401,741,train
32881,208,178,train
32882,689,710,train
32883,709,578,train
32884,242,213,train
32885,57,745,train
32886,408,10,train
32887,494,250,test
32888,692,587,test
32889,663,249,test
32890,573,476,train
32891,286,722,test
32892,8,162,train
32893,181,41,test
32894,185,521,train
32895,770,600,train
32896,349,159,test
32897,8,747,train
32898,545,451,train
32899,700,73,train
32900,278,635,train
32901,55,660,train
32902,534,103,train
32903,449,239,test
32904,513,633,train
32905,800,763,test
32906,703,510,train
32907,426,155,test
32908,393,328,train
32909,546,715,train
32910,365,106,train
32911,268,696,train
32912,299,240,train
32913,191,160,train
32914,185,211,train
32915,393,777,train
32916,250,55,train
32917,406,431,train
32918,252,414,train
32919,643,85,train
32920,300,777,train
32921,107,30,train
32922,107,678,train
32923,434,699,train
32924,481,267,train
32925,352,375,train
32926,779,530,train
32927,235,275,train
32928,574,633,train
32929,222,270,train
32930,591,191,train
32931,690,656,train
32932,503,398,train
32933,786,94,test
32934,453,383,train
32935,385,274,train
32936,526,155,train
32937,379,254,train
32938,114,341,train
32939,522,466,train
32940,670,247,train
32941,708,188,test
32942,137,611,train
32943,665,617,train
32944,128,226,train
32945,204,224,train
32946,338,13,train
32947,749,142,train
32948,246,400,train
32949,264,231,train
32950,503,332,train
32951,413,29,train
32952,646,442,train
32953,571,393,test
32954,256,310,train
32955,557,583,train
32956,21,354,train
32957,63,13,train
32958,444,304,train
32959,334,571,test
32960,230,502,train
32961,200,409,test
32962,738,441,train
32963,778,135,train
32964,693,642,train
32965,597,250,train
32966,646,648,train
32967,421,708,train
32968,629,620,train
32969,226,399,train
32970,706,474,train
32971,230,554,test
32972,102,704,test
32973,434,797,train
32974,507,238,train
32975,256,56,train
32976,555,417,train
32977,338,128,test
32978,776,47,train
32979,734,251,train
32980,736,705,train
32981,516,488,train
32982,535,685,train
32983,523,360,train
32984,746,515,train
32985,311,734,train
32986,154,341,train
32987,150,156,train
32988,17,115,train
32989,264,341,train
32990,270,341,train
32991,86,3,train
32992,519,504,train
32993,292,185,train
32994,394,241,test
32995,356,613,train
32996,542,9,train
32997,421,458,train
32998,468,678,train
32999,22,3,train
33000,149,47,test
33001,797,455,test
33002,611,522,train
33003,110,353,train
33004,79,74,train
33005,347,81,test
33006,72,385,test
33007,177,553,test
33008,377,119,train
33009,757,94,train
33010,742,423,train
33011,725,451,test
33012,692,450,train
33013,324,10,train
33014,105,226,train
33015,119,118,train
33016,754,765,train
33017,428,329,train
33018,728,448,train
33019,401,690,train
33020,397,685,train
33021,743,384,train
33022,143,522,train
33023,104,117,train
33024,60,473,train
33025,329,72,train
33026,498,226,train
33027,84,650,train
33028,206,425,train
33029,500,574,train
33030,489,472,train
33031,555,688,train
33032,552,656,train
33033,92,325,train
33034,48,368,train
33035,124,391,train
33036,714,367,train
33037,414,504,train
33038,335,56,train
33039,336,407,test
33040,397,3,train
33041,187,79,train
33042,258,341,test
33043,664,410,test
33044,517,88,train
33045,213,364,test
33046,546,500,train
33047,554,800,train
33048,244,79,test
33049,728,680,test
33050,735,787,train
33051,718,159,train
33052,74,27,test
33053,297,499,test
33054,277,431,train
33055,302,158,test
33056,370,694,train
33057,582,418,test
33058,9,673,train
33059,48,720,train
33060,619,164,train
33061,759,724,train
33062,486,247,train
33063,383,593,train
33064,799,559,test
33065,216,252,train
33066,4,194,train
33067,348,204,train
33068,716,617,train
33069,590,131,train
33070,703,207,train
33071,468,383,train
33072,398,623,train
33073,611,364,train
33074,248,351,test
33075,582,386,train
33076,206,510,test
33077,67,459,train
33078,423,534,train
33079,368,800,train
33080,410,258,train
33081,24,420,train
33082,87,797,train
33083,349,597,train
33084,716,408,train
33085,771,533,train
33086,279,714,test
33087,39,103,test
33088,369,725,train
33089,344,701,train
33090,364,320,train
33091,686,340,test
33092,544,519,train
33093,794,83,test
33094,164,94,train
33095,690,88,train
33096,653,370,train
33097,173,709,train
33098,664,696,train
33099,206,67,train
33100,231,338,train
33101,146,767,train
33102,56,320,train
33103,331,446,train
33104,123,147,train
33105,695,402,test
33106,193,54,train
33107,774,75,train
33108,124,116,train
33109,447,742,train
33110,376,161,train
33111,520,433,train
33112,152,582,train
33113,544,130,test
33114,400,9,train
33115,282,595,test
33116,268,501,test
33117,371,316,test
33118,344,300,train
33119,740,679,test
33120,217,644,train
33121,186,360,train
33122,213,25,test
33123,212,197,train
33124,613,373,train
33125,791,723,train
33126,327,2,test
33127,359,339,train
33128,177,227,train
33129,452,543,train
33130,535,270,train
33131,765,557,train
33132,202,776,test
33133,616,666,test
33134,482,437,train
33135,294,331,train
33136,68,288,train
33137,385,246,train
33138,732,358,train
33139,577,407,train
33140,353,428,train
33141,8,277,train
33142,310,785,test
33143,413,746,train
33144,776,606,train
33145,291,710,train
33146,790,708,train
33147,455,616,train
33148,349,264,train
33149,314,100,test
33150,491,375,train
33151,324,599,train
33152,770,179,train
33153,241,346,train
33154,799,258,train
33155,330,706,train
33156,281,540,train
33157,223,494,train
33158,658,158,train
33159,546,460,train
33160,770,396,train
33161,734,53,train
33162,400,679,train
33163,683,688,train
33164,489,94,train
33165,191,155,train
33166,462,226,train
33167,649,769,train
33168,167,515,test
33169,754,356,test
33170,537,292,train
33171,261,787,train
33172,82,702,train
33173,694,330,train
33174,23,441,train
33175,658,283,train
33176,9,180,train
33177,188,530,train
33178,762,585,train
33179,3,234,train
33180,346,467,test
33181,639,340,train
33182,325,616,test
33183,328,202,train
33184,780,762,train
33185,767,165,train
33186,131,626,train
33187,230,153,train
33188,192,275,test
33189,773,624,train
33190,133,683,train
33191,676,598,train
33192,499,397,train
33193,245,70,train
33194,313,629,train
33195,348,703,train
33196,768,371,train
33197,181,36,train
33198,718,444,test
33199,484,565,train
33200,7,790,train
33201,444,790,test
33202,772,727,train
33203,217,575,train
33204,754,635,train
33205,85,481,train
33206,743,213,train
33207,293,483,train
33208,790,670,train
33209,53,742,train
33210,215,791,train
33211,634,114,train
33212,294,76,train
33213,234,128,test
33214,577,465,train
33215,674,387,train
33216,76,255,train
33217,87,668,train
33218,242,588,train
33219,798,559,train
33220,155,564,train
33221,52,587,train
33222,164,519,train
33223,387,403,train
33224,3,762,train
33225,531,114,test
33226,491,387,train
33227,586,564,train
33228,456,671,train
33229,417,688,train
33230,535,718,train
33231,477,205,train
33232,638,281,train
33233,720,312,train
33234,365,452,train
33235,696,132,test
33236,298,742,train
33237,661,171,test
33238,270,625,train
33239,751,262,train
33240,152,512,train
33241,760,649,train
33242,399,121,train
33243,366,169,train
33244,491,649,train
33245,466,141,train
33246,759,5,test
33247,573,297,train
33248,203,539,train
33249,169,794,train
33250,780,629,test
33251,628,257,train
33252,610,289,train
33253,101,529,train
33254,303,387,train
33255,412,221,train
33256,486,272,train
33257,536,584,train
33258,653,650,train
33259,746,527,train
33260,612,93,test
33261,135,324,test
33262,414,714,train
33263,241,119,train
33264,343,152,train
33265,778,513,train
33266,512,201,train
33267,234,109,train
33268,89,436,train
33269,230,724,train
33270,596,123,test
33271,755,200,train
33272,226,335,train
33273,303,7,train
33274,564,131,test
33275,488,542,train
33276,496,659,train
33277,154,307,train
33278,609,562,train
33279,278,356,train
33280,28,180,train
33281,513,138,test
33282,317,628,test
33283,593,471,train
33284,389,670,train
33285,701,744,train
33286,613,544,train
33287,598,256,train
33288,200,558,train
33289,683,459,test
33290,395,371,train
33291,197,189,train
33292,482,320,train
33293,792,6,train
33294,242,425,train
33295,463,535,train
33296,240,50,train
33297,541,486,train
33298,240,74,train
33299,576,713,test
33300,81,350,train
33301,611,521,train
33302,717,520,train
33303,155,376,test
33304,387,621,test
33305,209,708,train
33306,22,204,train
33307,279,92,train
33308,635,116,train
33309,516,264,train
33310,159,701,train
33311,759,174,train
33312,74,650,test
33313,582,604,train
33314,423,631,train
33315,218,288,test
33316,726,468,train
33317,543,147,train
33318,302,673,train
33319,501,672,test
33320,243,365,test
33321,687,317,test
33322,648,372,train
33323,244,445,train
33324,293,198,train
33325,409,273,train
33326,512,349,train
33327,205,434,train
33328,179,568,test
33329,796,573,train
33330,599,197,train
33331,464,258,train
33332,559,191,train
33333,418,602,train
33334,348,665,train
33335,324,401,train
33336,312,282,test
33337,793,111,train
33338,43,469,train
33339,163,658,train
33340,121,313,train
33341,774,591,test
33342,260,755,train
33343,295,282,test
33344,492,500,test
33345,303,369,train
33346,414,732,train
33347,283,202,train
33348,317,140,train
33349,243,179,train
33350,424,191,train
33351,544,510,train
33352,555,328,train
33353,382,69,train
33354,107,129,train
33355,431,548,train
33356,370,53,train
33357,296,14,train
33358,796,536,train
33359,285,172,train
33360,603,254,train
33361,742,383,train
33362,256,255,train
33363,262,351,train
33364,199,124,train
33365,527,313,train
33366,157,555,train
33367,24,240,train
33368,609,39,test
33369,631,578,train
33370,291,311,train
33371,253,114,train
33372,400,206,train
33373,609,159,train
33374,664,29,train
33375,70,188,train
33376,778,384,train
33377,695,360,train
33378,496,753,train
33379,45,758,train
33380,63,714,train
33381,194,684,train
33382,709,254,train
33383,549,163,train
33384,28,684,test
33385,789,575,train
33386,166,777,train
33387,536,619,train
33388,615,456,train
33389,96,120,train
33390,488,681,train
33391,661,124,test
33392,103,579,train
33393,486,239,train
33394,705,332,train
33395,30,620,test
33396,54,507,train
33397,283,325,train
33398,301,27,train
33399,468,696,test
33400,122,662,train
33401,105,190,train
33402,560,455,train
33403,390,371,train
33404,368,349,train
33405,388,126,train
33406,478,469,test
33407,551,55,train
33408,429,277,test
33409,192,312,train
33410,80,632,train
33411,526,126,train
33412,164,337,train
33413,461,363,train
33414,395,562,test
33415,167,248,train
33416,570,434,train
33417,517,779,test
33418,180,390,test
33419,786,449,train
33420,432,768,train
33421,545,57,train
33422,397,540,train
33423,338,577,train
33424,531,675,train
33425,295,237,train
33426,427,723,train
33427,682,370,train
33428,228,225,train
33429,699,272,train
33430,787,450,train
33431,159,755,train
33432,385,518,train
33433,581,762,train
33434,5,65,train
33435,282,129,test
33436,268,483,train
33437,247,230,train
33438,328,794,train
33439,308,390,train
33440,674,585,train
33441,363,569,train
33442,458,742,train
33443,500,32,train
33444,397,91,train
33445,420,287,train
33446,281,107,train
33447,683,502,train
33448,564,173,train
33449,107,532,train
33450,371,249,train
33451,666,233,train
33452,206,226,train
33453,136,585,train
33454,491,578,train
33455,27,671,train
33456,107,237,test
33457,790,709,train
33458,521,244,train
33459,680,410,train
33460,122,62,train
33461,744,332,train
33462,106,155,test
33463,362,30,train
33464,633,623,train
33465,645,620,train
33466,55,320,train
33467,382,414,train
33468,418,195,test
33469,148,73,train
33470,109,409,test
33471,11,635,train
33472,728,275,train
33473,319,727,train
33474,551,752,train
33475,657,762,train
33476,341,386,train
33477,642,383,train
33478,95,327,train
33479,289,75,test
33480,43,634,train
33481,722,73,train
33482,205,85,train
33483,83,609,train
33484,548,495,train
33485,695,234,train
33486,792,471,train
33487,42,299,train
33488,15,100,train
33489,643,723,train
33490,578,149,train
33491,99,529,test
33492,674,511,train
33493,168,231,train
33494,661,429,train
33495,482,451,train
33496,291,359,train
33497,176,213,train
33498,221,660,train
33499,581,118,train
33500,82,546,train
33501,626,571,train
33502,631,267,train
33503,389,491,train
33504,706,483,train
33505,645,40,test
33506,358,784,train
33507,265,212,train
33508,173,608,train
33509,394,85,train
33510,113,67,train
33511,193,706,train
33512,594,27,train
33513,755,373,test
33514,167,170,train
33515,578,134,train
33516,559,257,train
33517,800,280,train
33518,261,19,test
33519,738,471,train
33520,261,290,train
33521,718,179,train
33522,134,503,train
33523,413,496,test
33524,648,593,train
33525,627,615,train
33526,458,460,test
33527,508,276,test
33528,607,230,train
33529,434,191,train
33530,116,622,test
33531,510,82,train
33532,662,5,train
33533,594,612,train
33534,190,353,train
33535,170,740,test
33536,646,9,train
33537,135,40,train
33538,397,382,train
33539,305,140,train
33540,649,148,train
33541,311,136,train
33542,601,21,train
33543,285,173,test
33544,568,82,test
33545,597,637,train
33546,139,168,test
33547,784,116,train
33548,28,54,train
33549,767,424,train
33550,495,547,train
33551,715,320,train
33552,504,526,train
33553,666,548,train
33554,376,541,train
33555,86,175,train
33556,348,395,train
33557,367,324,test
33558,115,350,test
33559,107,418,train
33560,128,41,train
33561,455,27,train
33562,701,602,train
33563,423,433,train
33564,557,783,test
33565,699,459,train
33566,532,652,train
33567,532,343,train
33568,459,418,train
33569,59,616,test
33570,794,564,train
33571,562,669,train
33572,304,443,train
33573,696,135,train
33574,709,641,train
33575,780,792,test
33576,177,404,train
33577,495,572,train
33578,520,696,train
33579,436,522,train
33580,382,754,train
33581,430,11,test
33582,307,460,test
33583,374,619,train
33584,449,499,train
33585,45,432,train
33586,549,517,train
33587,184,150,train
33588,608,779,train
33589,338,491,train
33590,578,295,train
33591,113,116,test
33592,457,757,test
33593,31,619,train
33594,39,496,test
33595,593,600,train
33596,266,765,train
33597,1,662,test
33598,71,383,train
33599,701,395,test
33600,365,399,train
33601,157,530,train
33602,605,590,train
33603,133,118,train
33604,755,564,train
33605,656,754,test
33606,214,149,train
33607,436,646,train
33608,64,480,train
33609,475,49,train
33610,381,739,train
33611,629,588,test
33612,166,382,test
33613,219,402,train
33614,382,240,train
33615,198,20,train
33616,639,665,train
33617,135,666,train
33618,492,311,train
33619,402,174,train
33620,627,314,train
33621,347,101,train
33622,31,80,train
33623,764,325,train
33624,318,624,test
33625,699,584,train
33626,451,62,test
33627,679,748,train
33628,142,659,train
33629,212,454,train
33630,487,80,test
33631,355,643,train
33632,22,452,train
33633,110,529,train
33634,575,469,train
33635,379,275,train
33636,145,120,train
33637,682,426,train
33638,252,53,train
33639,608,179,train
33640,365,477,train
33641,723,482,train
33642,164,102,train
33643,684,758,train
33644,796,373,train
33645,515,483,train
33646,421,777,train
33647,553,366,train
33648,288,211,train
33649,134,343,test
33650,684,636,train
33651,540,172,train
33652,601,507,train
33653,794,196,train
33654,567,492,train
33655,239,710,train
33656,31,751,train
33657,411,760,train
33658,512,529,train
33659,528,679,train
33660,442,128,train
33661,592,715,test
33662,305,35,train
33663,775,93,train
33664,100,151,train
33665,273,612,train
33666,393,623,train
33667,597,405,test
33668,599,118,train
33669,104,317,test
33670,220,315,train
33671,786,589,train
33672,69,656,train
33673,682,248,train
33674,372,502,train
33675,749,279,test
33676,483,331,train
33677,124,578,test
33678,613,766,train
33679,94,493,train
33680,410,646,train
33681,289,403,train
33682,330,225,test
33683,277,562,train
33684,755,241,train
33685,467,377,train
33686,579,676,train
33687,380,49,test
33688,27,117,train
33689,71,370,train
33690,201,653,train
33691,343,261,train
33692,345,644,train
33693,175,13,train
33694,509,423,train
33695,89,425,train
33696,432,87,train
33697,471,203,train
33698,170,604,test
33699,28,17,train
33700,677,540,train
33701,750,638,test
33702,683,226,train
33703,544,332,train
33704,48,87,test
33705,403,41,train
33706,424,94,train
33707,708,74,test
33708,250,434,test
33709,177,517,train
33710,204,458,train
33711,719,1,train
33712,319,613,train
33713,619,345,train
33714,753,787,train
33715,512,40,train
33716,327,543,train
33717,382,753,train
33718,764,718,train
33719,751,520,train
33720,207,231,train
33721,372,505,train
33722,263,95,test
33723,503,584,train
33724,28,605,train
33725,514,38,train
33726,103,567,train
33727,293,474,train
33728,384,56,train
33729,538,221,test
33730,424,305,test
33731,724,617,train
33732,651,652,train
33733,390,52,train
33734,259,160,train
33735,269,762,test
33736,696,272,train
33737,489,422,train
33738,384,690,train
33739,472,341,train
33740,559,444,train
33741,171,297,train
33742,674,250,train
33743,595,82,train
33744,384,453,train
33745,154,700,train
33746,364,59,train
33747,428,167,train
33748,672,673,train
33749,425,270,train
33750,119,181,train
33751,240,757,train
33752,793,338,train
33753,297,534,train
33754,686,172,train
33755,468,445,test
33756,532,411,test
33757,72,288,train
33758,136,15,train
33759,612,473,train
33760,432,261,train
33761,448,659,train
33762,471,349,train
33763,71,395,test
33764,740,744,train
33765,450,662,train
33766,122,297,train
33767,559,735,train
33768,550,251,train
33769,174,440,train
33770,764,14,test
33771,323,529,train
33772,403,549,train
33773,490,238,train
33774,704,48,test
33775,682,130,test
33776,631,139,train
33777,297,275,test
33778,289,723,test
33779,11,248,train
33780,22,607,train
33781,377,367,train
33782,474,166,train
33783,719,695,train
33784,501,287,train
33785,676,216,train
33786,388,577,test
33787,208,362,train
33788,788,471,test
33789,214,647,test
33790,491,75,train
33791,331,605,test
33792,231,172,train
33793,407,47,train
33794,480,338,train
33795,106,8,train
33796,652,503,train
33797,197,613,train
33798,35,720,train
33799,689,235,train
33800,394,358,train
33801,152,88,train
33802,179,742,test
33803,532,310,test
33804,252,234,train
33805,557,286,train
33806,203,482,train
33807,412,668,train
33808,599,198,train
33809,686,258,test
33810,672,344,test
33811,37,104,train
33812,284,634,train
33813,296,136,train
33814,597,332,train
33815,554,42,train
33816,695,456,train
33817,747,505,train
33818,534,251,train
33819,529,386,train
33820,152,759,train
33821,698,664,test
33822,31,760,train
33823,553,718,train
33824,721,31,test
33825,755,784,train
33826,599,248,test
33827,642,405,train
33828,763,458,train
33829,303,256,train
33830,179,234,test
33831,15,645,train
33832,423,105,train
33833,768,184,train
33834,599,748,train
33835,328,702,train
33836,598,317,train
33837,285,416,test
33838,316,237,test
33839,392,694,train
33840,351,557,train
33841,599,402,test
33842,608,327,train
33843,644,363,train
33844,513,789,train
33845,355,414,train
33846,359,536,train
33847,232,434,train
33848,690,249,train
33849,116,725,train
33850,780,442,train
33851,326,577,train
33852,578,23,train
33853,59,333,train
33854,609,444,train
33855,432,352,train
33856,195,535,test
33857,363,100,train
33858,347,233,train
33859,194,126,train
33860,6,715,train
33861,314,700,train
33862,87,334,train
33863,652,30,test
33864,127,117,train
33865,20,793,train
33866,87,699,train
33867,180,336,test
33868,228,84,train
33869,293,738,train
33870,105,783,train
33871,610,222,train
33872,525,285,train
33873,513,688,train
33874,109,155,train
33875,187,435,test
33876,661,758,train
33877,710,509,train
33878,569,221,train
33879,744,215,train
33880,671,27,train
33881,92,277,train
33882,500,273,train
33883,735,165,train
33884,106,501,train
33885,327,310,train
33886,331,458,train
33887,711,682,train
33888,669,718,test
33889,42,706,train
33890,57,62,train
33891,758,613,train
33892,542,476,train
33893,584,238,train
33894,547,541,train
33895,369,262,train
33896,8,644,train
33897,701,452,test
33898,54,257,train
33899,698,449,train
33900,712,448,train
33901,713,510,train
33902,113,398,train
33903,311,38,train
33904,270,453,train
33905,200,567,train
33906,674,27,train
33907,677,739,train
33908,234,608,train
33909,217,530,test
33910,408,14,train
33911,433,780,train
33912,182,186,train
33913,312,216,train
33914,635,212,train
33915,692,583,train
33916,50,97,train
33917,710,104,train
33918,413,578,test
33919,581,45,train
33920,719,658,train
33921,136,410,test
33922,371,584,train
33923,512,403,test
33924,97,593,test
33925,310,767,test
33926,422,291,train
33927,682,28,train
33928,574,216,train
33929,171,584,train
33930,678,500,train
33931,18,599,train
33932,796,165,train
33933,62,336,test
33934,678,407,train
33935,657,689,train
33936,431,775,train
33937,59,519,train
33938,342,10,train
33939,767,73,train
33940,736,312,train
33941,118,283,train
33942,306,656,test
33943,769,28,test
33944,357,449,train
33945,470,139,train
33946,799,243,train
33947,333,135,train
33948,712,730,train
33949,107,753,train
33950,450,597,train
33951,357,713,train
33952,453,169,train
33953,271,470,train
33954,89,386,train
33955,242,330,train
33956,519,502,train
33957,262,80,train
33958,341,164,test
33959,672,789,test
33960,477,695,test
33961,35,434,train
33962,167,548,train
33963,682,353,train
33964,325,338,train
33965,53,625,train
33966,25,199,test
33967,628,576,train
33968,19,660,train
33969,369,752,test
33970,214,30,train
33971,34,77,train
33972,600,745,train
33973,591,641,train
33974,381,411,train
33975,435,535,train
33976,85,733,train
33977,218,98,test
33978,156,180,test
33979,174,357,train
33980,547,372,train
33981,278,614,train
33982,708,630,train
33983,666,43,test
33984,660,430,train
33985,424,18,train
33986,466,685,train
33987,102,486,train
33988,513,187,train
33989,615,594,test
33990,310,386,test
33991,726,366,train
33992,628,566,test
33993,452,136,train
33994,307,517,train
33995,656,486,train
33996,705,725,train
33997,313,389,test
33998,717,649,train
33999,100,38,train
34000,417,339,train
34001,275,30,train
34002,487,576,train
34003,145,441,train
34004,194,289,train
34005,420,700,train
34006,168,330,train
34007,649,196,train
34008,197,414,train
34009,791,430,test
34010,591,721,train
34011,374,686,train
34012,318,414,train
34013,675,229,train
34014,597,442,test
34015,532,517,train
34016,163,569,train
34017,574,99,train
34018,231,284,train
34019,751,399,train
34020,660,600,train
34021,391,351,train
34022,190,715,test
34023,561,341,train
34024,52,23,train
34025,567,272,train
34026,335,184,train
34027,63,391,train
34028,99,381,train
34029,377,378,test
34030,435,642,train
34031,553,454,train
34032,667,517,train
34033,380,135,test
34034,454,170,train
34035,260,640,train
34036,498,749,train
34037,43,501,train
34038,508,467,test
34039,64,359,train
34040,563,286,train
34041,244,447,train
34042,201,393,train
34043,463,224,train
34044,128,446,train
34045,671,64,train
34046,693,354,train
34047,318,112,train
34048,241,49,train
34049,208,34,train
34050,140,578,train
34051,635,147,test
34052,695,593,train
34053,711,754,train
34054,92,149,train
34055,530,773,train
34056,101,10,test
34057,508,151,train
34058,79,515,train
34059,439,373,test
34060,203,530,train
34061,381,775,train
34062,454,533,train
34063,657,121,train
34064,748,438,test
34065,779,260,train
34066,103,41,train
34067,449,515,test
34068,3,386,train
34069,686,706,test
34070,621,504,train
34071,539,536,train
34072,563,495,train
34073,163,325,train
34074,594,175,test
34075,63,6,train
34076,318,748,test
34077,104,776,test
34078,281,459,train
34079,170,780,train
34080,116,654,train
34081,229,681,test
34082,604,341,train
34083,728,252,train
34084,771,627,train
34085,719,223,train
34086,165,493,train
34087,318,149,train
34088,565,149,train
34089,520,74,train
34090,292,778,test
34091,328,798,train
34092,167,294,train
34093,789,704,train
34094,576,89,test
34095,312,685,train
34096,653,25,train
34097,697,775,train
34098,341,739,train
34099,755,581,test
34100,215,397,train
34101,7,725,train
34102,690,721,train
34103,17,628,train
34104,348,705,train
34105,19,277,train
34106,519,778,train
34107,164,370,test
34108,388,572,train
34109,321,740,train
34110,291,364,train
34111,71,658,test
34112,720,632,train
34113,595,320,train
34114,337,257,train
34115,596,89,train
34116,691,214,train
34117,518,388,train
34118,579,130,train
34119,314,411,train
34120,102,297,test
34121,673,724,train
34122,272,23,train
34123,218,633,test
34124,759,490,train
34125,52,694,train
34126,313,632,train
34127,151,303,train
34128,528,271,train
34129,575,363,train
34130,760,84,train
34131,585,407,train
34132,335,304,train
34133,481,753,train
34134,739,106,train
34135,559,135,train
34136,771,524,train
34137,393,281,train
34138,109,502,test
34139,541,573,train
34140,604,423,train
34141,668,502,train
34142,722,316,train
34143,200,112,train
34144,342,32,test
34145,282,204,train
34146,155,99,test
34147,487,793,train
34148,490,640,train
34149,385,340,train
34150,400,280,test
34151,452,692,train
34152,588,435,train
34153,153,215,train
34154,777,403,train
34155,141,480,train
34156,629,464,train
34157,152,368,test
34158,204,304,train
34159,458,242,train
34160,485,184,train
34161,773,171,train
34162,228,311,train
34163,283,36,test
34164,528,97,train
34165,433,462,train
34166,524,547,train
34167,435,768,train
34168,185,461,test
34169,368,727,test
34170,694,250,train
34171,377,61,test
34172,519,95,train
34173,446,600,train
34174,444,288,train
34175,450,237,train
34176,249,476,train
34177,112,658,train
34178,275,491,test
34179,710,644,train
34180,240,360,train
34181,20,179,train
34182,142,313,train
34183,794,517,train
34184,467,472,train
34185,717,398,train
34186,57,749,train
34187,432,375,train
34188,387,239,train
34189,224,644,test
34190,334,370,train
34191,365,321,train
34192,400,404,test
34193,256,781,train
34194,304,583,train
34195,417,218,train
34196,787,42,train
34197,786,678,train
34198,348,247,train
34199,555,570,train
34200,366,117,test
34201,167,451,test
34202,748,386,train
34203,340,334,train
34204,376,40,train
34205,358,62,train
34206,494,586,train
34207,42,573,train
34208,84,465,train
34209,29,226,train
34210,175,625,test
34211,430,351,train
34212,194,47,train
34213,669,503,train
34214,520,683,test
34215,506,291,train
34216,540,738,test
34217,534,425,train
34218,94,557,train
34219,198,249,train
34220,535,656,test
34221,798,234,train
34222,194,786,train
34223,464,522,train
34224,314,195,train
34225,526,61,train
34226,737,15,train
34227,666,663,train
34228,403,372,train
34229,492,125,test
34230,247,342,train
34231,445,153,train
34232,229,726,train
34233,348,710,train
34234,735,223,train
34235,201,640,train
34236,158,368,test
34237,258,291,train
34238,373,559,train
34239,118,184,train
34240,270,686,train
34241,652,737,train
34242,326,234,train
34243,178,73,train
34244,395,667,train
34245,696,767,train
34246,316,350,train
34247,773,137,train
34248,60,708,test
34249,495,664,train
34250,265,105,train
34251,171,799,train
34252,26,778,train
34253,198,735,train
34254,511,396,train
34255,285,331,train
34256,727,707,train
34257,623,142,train
34258,345,471,train
34259,121,736,train
34260,96,434,train
34261,95,16,train
34262,724,497,train
34263,19,294,train
34264,347,600,train
34265,51,638,train
34266,60,152,test
34267,532,599,train
34268,687,758,train
34269,484,396,train
34270,373,410,train
34271,462,641,train
34272,430,378,train
34273,531,253,train
34274,248,154,train
34275,86,494,train
34276,157,724,train
34277,705,462,test
34278,62,481,train
34279,491,687,train
34280,733,197,train
34281,785,463,test
34282,662,598,train
34283,517,8,train
34284,336,665,train
34285,203,297,test
34286,734,186,train
34287,213,728,train
34288,678,164,train
34289,304,5,train
34290,365,460,test
34291,734,676,train
34292,421,200,train
34293,146,739,train
34294,447,797,train
34295,263,286,train
34296,650,707,train
34297,300,653,train
34298,583,687,train
34299,258,654,train
34300,622,233,train
34301,87,385,train
34302,759,158,train
34303,265,256,train
34304,750,263,test
34305,62,624,train
34306,34,120,test
34307,321,579,train
34308,79,37,train
34309,47,246,train
34310,1,178,test
34311,704,446,train
34312,580,559,train
34313,462,733,train
34314,239,671,test
34315,244,102,train
34316,297,58,train
34317,189,786,test
34318,445,767,test
34319,558,560,train
34320,47,55,test
34321,394,165,train
34322,215,800,test
34323,13,623,train
34324,536,97,train
34325,11,797,train
34326,571,761,train
34327,294,799,train
34328,375,522,test
34329,88,301,train
34330,61,143,train
34331,221,747,train
34332,465,209,train
34333,284,669,train
34334,48,204,train
34335,340,682,train
34336,456,557,test
34337,629,253,train
34338,115,663,train
34339,233,777,train
34340,605,539,train
34341,516,193,train
34342,449,730,train
34343,696,446,train
34344,231,535,train
34345,523,663,train
34346,492,249,train
34347,116,161,test
34348,757,154,train
34349,352,686,test
34350,352,714,train
34351,383,641,train
34352,261,314,train
34353,242,22,test
34354,249,354,test
34355,48,115,test
34356,382,544,train
34357,620,239,train
34358,591,154,test
34359,598,600,train
34360,269,47,train
34361,466,262,train
34362,501,557,test
34363,448,159,train
34364,513,150,train
34365,126,241,test
34366,448,266,train
34367,180,335,test
34368,70,309,train
34369,65,367,train
34370,173,175,train
34371,196,475,train
34372,352,238,train
34373,585,772,train
34374,93,289,train
34375,42,189,train
34376,560,379,train
34377,570,621,train
34378,620,1,train
34379,627,74,train
34380,666,510,test
34381,557,748,train
34382,349,165,train
34383,543,297,train
34384,591,162,train
34385,648,539,train
34386,184,118,train
34387,154,30,train
34388,775,200,train
34389,389,175,train
34390,739,38,train
34391,389,716,train
34392,492,314,train
34393,493,520,train
34394,742,141,test
34395,99,254,train
34396,69,105,train
34397,777,748,train
34398,603,527,train
34399,421,101,train
34400,557,384,train
34401,392,524,test
34402,630,769,train
34403,179,429,train
34404,292,722,train
34405,501,640,train
34406,131,72,train
34407,514,163,train
34408,217,630,train
34409,666,390,test
34410,268,552,train
34411,550,25,train
34412,628,744,train
34413,267,93,test
34414,401,18,train
34415,208,60,train
34416,55,302,train
34417,579,400,train
34418,549,139,train
34419,557,196,test
34420,308,704,train
34421,464,663,train
34422,372,517,train
34423,564,325,train
34424,409,487,test
34425,632,503,train
34426,742,226,train
34427,220,170,train
34428,339,392,test
34429,772,579,train
34430,587,792,train
34431,722,600,train
34432,516,251,train
34433,761,35,train
34434,27,735,train
34435,755,69,train
34436,460,336,train
34437,211,93,train
34438,797,196,test
34439,593,673,train
34440,125,234,train
34441,549,96,train
34442,162,400,train
34443,620,624,train
34444,68,730,train
34445,772,681,train
34446,695,340,train
34447,290,426,train
34448,493,599,test
34449,444,143,train
34450,57,138,train
34451,543,47,test
34452,346,107,train
34453,232,770,train
34454,465,262,train
34455,576,423,train
34456,141,530,train
34457,262,242,train
34458,685,568,test
34459,93,669,test
34460,117,424,train
34461,561,361,test
34462,224,633,train
34463,416,536,train
34464,375,282,train
34465,434,87,train
34466,764,296,train
34467,318,470,train
34468,404,377,train
34469,614,604,train
34470,99,97,train
34471,114,154,train
34472,752,521,train
34473,219,377,train
34474,657,414,train
34475,743,29,train
34476,372,542,test
34477,687,112,test
34478,582,258,test
34479,122,197,train
34480,611,240,train
34481,272,263,train
34482,455,698,test
34483,256,473,train
34484,726,190,train
34485,288,134,train
34486,101,590,train
34487,701,504,train
34488,433,261,test
34489,459,704,train
34490,662,141,train
34491,229,130,train
34492,555,213,train
34493,761,155,train
34494,141,317,train
34495,27,415,test
34496,582,31,train
34497,361,34,train
34498,759,609,test
34499,708,438,train
34500,140,202,train
34501,216,704,train
34502,100,596,train
34503,194,271,train
34504,265,742,train
34505,793,691,train
34506,222,148,train
34507,484,98,test
34508,346,494,train
34509,704,394,train
34510,56,706,train
34511,76,408,train
34512,524,696,train
34513,569,526,train
34514,587,658,train
34515,93,71,train
34516,226,740,train
34517,333,117,train
34518,20,389,train
34519,602,555,train
34520,552,137,test
34521,108,348,train
34522,210,453,train
34523,622,198,train
34524,424,576,train
34525,295,158,train
34526,665,771,test
34527,603,335,test
34528,56,649,train
34529,625,756,test
34530,785,474,train
34531,443,417,train
34532,705,64,train
34533,281,520,train
34534,196,354,train
34535,430,266,train
34536,791,118,train
34537,725,374,train
34538,722,685,test
34539,461,797,train
34540,593,669,train
34541,651,778,train
34542,608,466,test
34543,514,71,train
34544,271,698,train
34545,391,266,train
34546,739,677,train
34547,227,447,train
34548,223,659,test
34549,767,147,train
34550,202,517,test
34551,234,643,train
34552,410,225,train
34553,32,544,test
34554,657,344,train
34555,237,525,test
34556,303,694,train
34557,407,380,train
34558,328,673,train
34559,440,178,train
34560,261,396,test
34561,401,16,train
34562,777,795,train
34563,577,7,train
34564,467,152,train
34565,429,537,train
34566,27,112,train
34567,133,653,train
34568,448,365,train
34569,405,13,train
34570,602,272,train
34571,794,543,train
34572,122,478,train
34573,646,77,train
34574,496,567,train
34575,721,118,test
34576,446,30,train
34577,400,565,test
34578,107,467,test
34579,397,154,test
34580,339,625,test
34581,748,286,train
34582,374,529,train
34583,413,792,train
34584,388,111,train
34585,517,705,train
34586,235,443,train
34587,458,564,train
34588,402,99,train
34589,201,44,test
34590,283,516,train
34591,182,330,train
34592,53,51,train
34593,537,392,train
34594,176,711,test
34595,529,647,train
34596,476,284,test
34597,524,36,train
34598,235,762,train
34599,474,473,train
34600,753,777,train
34601,669,763,train
34602,324,314,test
34603,681,796,test
34604,541,121,train
34605,470,156,test
34606,123,51,test
34607,544,232,test
34608,320,780,train
34609,705,656,train
34610,216,11,train
34611,773,362,train
34612,723,14,test
34613,740,23,test
34614,196,765,train
34615,152,191,train
34616,65,653,train
34617,341,789,train
34618,342,522,test
34619,106,115,train
34620,477,407,test
34621,232,582,train
34622,719,336,train
34623,253,474,train
34624,472,359,test
34625,94,770,train
34626,731,386,train
34627,265,89,train
34628,340,104,test
34629,524,115,train
34630,191,260,test
34631,512,434,train
34632,352,412,train
34633,751,489,test
34634,305,306,train
34635,262,237,train
34636,378,9,train
34637,731,575,train
34638,424,210,train
34639,608,300,train
34640,19,270,train
34641,158,25,train
34642,573,152,test
34643,116,376,train
34644,357,622,train
34645,178,406,train
34646,552,546,test
34647,365,534,train
34648,87,589,train
34649,157,554,test
34650,352,669,test
34651,734,375,test
34652,760,738,train
34653,767,364,train
34654,347,504,train
34655,110,527,train
34656,339,758,train
34657,172,492,train
34658,584,114,train
34659,721,316,train
34660,765,678,test
34661,455,213,train
34662,185,375,train
34663,9,553,train
34664,713,613,train
34665,358,644,train
34666,368,427,train
34667,64,278,test
34668,440,674,train
34669,351,409,train
34670,18,68,train
34671,266,311,train
34672,543,179,train
34673,627,37,train
34674,622,375,train
34675,91,167,train
34676,165,566,train
34677,643,143,train
34678,306,484,train
34679,677,529,train
34680,324,538,train
34681,99,477,train
34682,19,407,train
34683,574,167,train
34684,487,365,train
34685,126,289,train
34686,596,180,train
34687,23,493,train
34688,504,26,train
34689,784,224,train
34690,726,541,train
34691,5,597,train
34692,199,54,test
34693,519,283,train
34694,587,308,test
34695,511,506,train
34696,249,457,train
34697,560,32,train
34698,652,778,test
34699,565,1,train
34700,727,600,train
34701,726,590,train
34702,138,786,train
34703,634,467,train
34704,283,593,test
34705,560,223,train
34706,791,311,test
34707,247,224,test
34708,257,113,train
34709,20,790,train
34710,262,579,train
34711,118,188,train
34712,362,116,test
34713,473,54,train
34714,749,733,train
34715,130,216,train
34716,585,404,test
34717,558,388,train
34718,449,537,train
34719,794,537,train
34720,569,630,train
34721,755,297,test
34722,636,132,train
34723,563,357,test
34724,21,392,train
34725,684,312,train
34726,17,744,test
34727,19,294,train
34728,646,335,train
34729,178,37,train
34730,137,370,test
34731,22,768,train
34732,671,70,train
34733,380,669,train
34734,169,129,train
34735,510,148,test
34736,405,269,train
34737,307,17,train
34738,354,248,test
34739,336,743,train
34740,266,443,train
34741,736,578,train
34742,695,465,train
34743,404,409,train
34744,684,695,train
34745,204,77,train
34746,630,397,train
34747,457,544,train
34748,439,753,train
34749,356,482,train
34750,463,537,train
34751,449,586,train
34752,231,481,train
34753,31,543,train
34754,365,288,train
34755,730,620,train
34756,442,163,train
34757,325,673,train
34758,131,753,test
34759,142,654,train
34760,79,646,train
34761,142,174,train
34762,196,575,train
34763,20,74,train
34764,386,636,train
34765,632,454,train
34766,274,221,train
34767,587,497,train
34768,645,709,train
34769,589,778,train
34770,755,687,train
34771,754,472,train
34772,708,250,train
34773,478,47,train
34774,593,634,train
34775,508,799,train
34776,316,457,train
34777,612,670,train
34778,136,701,train
34779,775,619,train
34780,594,106,train
34781,623,298,train
34782,185,504,train
34783,412,690,train
34784,487,10,train
34785,331,582,test
34786,542,36,train
34787,119,763,test
34788,636,339,train
34789,713,703,test
34790,773,36,train
34791,105,179,train
34792,450,486,train
34793,660,784,train
34794,303,638,train
34795,168,493,train
34796,77,667,train
34797,13,508,test
34798,45,781,train
34799,226,476,test
34800,795,214,test
34801,210,711,train
34802,175,13,train
34803,285,750,train
34804,692,683,train
34805,720,340,train
34806,342,545,train
34807,270,229,train
34808,333,19,train
34809,58,726,train
34810,413,616,train
34811,407,68,train
34812,75,71,train
34813,164,730,train
34814,599,36,train
34815,546,735,train
34816,653,636,train
34817,577,486,train
34818,688,697,train
34819,73,197,test
34820,740,458,test
34821,425,241,train
34822,117,426,test
34823,151,74,train
34824,212,443,train
34825,105,84,test
34826,592,474,test
34827,769,510,test
34828,281,397,train
34829,31,62,train
34830,261,156,train
34831,406,285,test
34832,450,325,train
34833,683,1,train
34834,448,238,train
34835,67,325,test
34836,552,590,train
34837,89,490,test
34838,5,119,train
34839,126,338,train
34840,601,40,test
34841,633,1,train
34842,25,501,train
34843,657,30,train
34844,426,223,train
34845,317,2,train
34846,630,725,test
34847,734,768,test
34848,674,37,train
34849,388,222,train
34850,71,720,test
34851,727,26,train
34852,208,287,train
34853,571,282,train
34854,430,527,test
34855,365,791,train
34856,682,171,train
34857,24,690,train
34858,274,81,train
34859,522,453,train
34860,627,88,train
34861,62,209,train
34862,772,351,train
34863,690,753,train
34864,193,650,train
34865,661,279,train
34866,16,145,train
34867,275,123,train
34868,659,432,train
34869,758,645,train
34870,218,301,train
34871,178,622,test
34872,727,375,test
34873,109,356,train
34874,360,503,train
34875,781,172,train
34876,222,320,train
34877,707,383,train
34878,177,346,test
34879,58,115,test
34880,254,591,train
34881,97,127,train
34882,79,227,test
34883,505,535,train
34884,153,363,test
34885,554,469,train
34886,623,102,train
34887,501,648,train
34888,132,497,train
34889,103,763,train
34890,365,526,train
34891,538,541,test
34892,351,567,train
34893,404,692,test
34894,305,497,train
34895,708,474,train
34896,549,454,train
34897,497,684,test
34898,424,135,train
34899,739,415,train
34900,717,681,train
34901,492,330,test
34902,719,374,train
34903,108,297,test
34904,663,787,train
34905,635,552,train
34906,42,275,test
34907,640,744,test
34908,424,771,test
34909,270,774,train
34910,594,586,train
34911,653,244,train
34912,360,37,train
34913,770,676,test
34914,660,47,train
34915,67,394,train
34916,24,774,train
34917,249,93,test
34918,439,496,train
34919,135,39,train
34920,505,746,test
34921,175,384,train
34922,674,400,test
34923,396,690,train
34924,591,366,train
34925,372,448,train
34926,87,514,train
34927,404,725,train
34928,41,211,train
34929,660,697,test
34930,450,42,test
34931,621,71,train
34932,734,481,test
34933,112,35,train
34934,777,38,train
34935,588,169,train
34936,587,428,train
34937,425,780,train
34938,283,22,test
34939,531,430,train
34940,627,750,train
34941,18,304,train
34942,160,677,train
34943,488,296,train
34944,413,602,test
34945,16,156,train
34946,299,371,train
34947,225,755,train
34948,277,569,train
34949,59,245,train
34950,758,754,train
34951,34,666,train
34952,84,535,test
34953,321,598,train
34954,708,774,train
34955,102,749,train
34956,689,125,test
34957,207,602,train
34958,194,123,train
34959,273,755,train
34960,272,252,test
34961,59,22,train
34962,243,734,train
34963,518,178,train
34964,629,316,test
34965,558,193,train
34966,205,673,test
34967,364,279,train
34968,675,491,test
34969,619,786,train
34970,134,201,test
34971,43,221,train
34972,7,558,train
34973,590,128,train
34974,469,131,train
34975,317,598,train
34976,776,279,train
34977,685,75,train
34978,628,228,train
34979,196,587,train
34980,356,617,train
34981,478,228,test
34982,511,710,train
34983,523,731,train
34984,461,680,test
34985,30,674,train
34986,86,454,test
34987,671,596,test
34988,565,791,train
34989,150,34,train
34990,701,360,train
34991,538,239,test
34992,193,761,train
34993,5,443,train
34994,434,734,train
34995,317,2,train
34996,404,505,test
34997,37,381,test
34998,427,127,train
34999,392,443,train
35000,318,616,train
35001,637,68,train
35002,320,7,train
35003,69,757,train
35004,533,58,train
35005,442,54,test
35006,789,470,train
35007,57,604,train
35008,681,281,train
35009,208,786,train
35010,672,97,train
35011,329,235,train
35012,451,638,train
35013,20,94,train
35014,200,575,train
35015,57,358,test
35016,282,684,train
35017,153,394,train
35018,460,511,train
35019,338,463,train
35020,410,383,train
35021,207,757,train
35022,200,64,train
35023,712,432,train
35024,255,470,train
35025,79,448,train
35026,198,362,train
35027,638,231,train
35028,16,554,test
35029,376,461,train
35030,731,616,test
35031,798,791,test
35032,215,360,test
35033,702,409,test
35034,666,468,test
35035,35,58,train
35036,75,685,train
35037,239,526,train
35038,136,396,train
35039,179,442,test
35040,148,207,test
35041,6,526,train
35042,629,277,train
35043,671,585,train
35044,123,748,test
35045,704,564,test
35046,316,208,test
35047,344,248,train
35048,595,251,train
35049,701,445,train
35050,218,99,train
35051,155,623,train
35052,559,586,train
35053,210,489,test
35054,74,136,train
35055,217,171,train
35056,11,668,train
35057,651,97,test
35058,24,213,train
35059,647,278,train
35060,541,760,train
35061,508,328,train
35062,343,646,train
35063,152,789,train
35064,470,212,train
35065,350,246,train
35066,758,472,train
35067,545,347,train
35068,338,334,train
35069,485,535,train
35070,64,9,train
35071,722,608,train
35072,772,192,train
35073,765,488,test
35074,484,493,train
35075,113,371,test
35076,747,784,train
35077,34,371,train
35078,113,250,test
35079,507,368,test
35080,468,309,train
35081,306,228,train
35082,43,301,train
35083,608,86,test
35084,683,547,train
35085,305,651,test
35086,518,255,train
35087,777,519,train
35088,273,757,train
35089,3,685,train
35090,218,764,train
35091,473,55,train
35092,162,436,train
35093,636,117,train
35094,653,285,train
35095,697,149,train
35096,124,677,train
35097,390,568,test
35098,13,501,train
35099,386,757,train
35100,586,251,train
35101,8,471,test
35102,421,391,train
35103,534,394,train
35104,711,696,train
35105,424,151,test
35106,11,43,train
35107,203,480,train
35108,517,590,train
35109,746,302,train
35110,65,248,train
35111,515,444,train
35112,506,338,train
35113,486,387,test
35114,222,219,train
35115,597,629,train
35116,117,487,train
35117,688,724,train
35118,761,289,train
35119,294,319,train
35120,354,275,train
35121,507,23,train
35122,301,347,train
35123,175,288,train
35124,296,731,train
35125,448,31,test
35126,292,342,train
35127,627,417,train
35128,483,257,train
35129,258,389,train
35130,572,260,train
35131,184,703,train
35132,456,753,train
35133,84,743,train
35134,594,314,train
35135,81,492,train
35136,629,752,train
35137,113,174,train
35138,738,277,train
35139,719,676,test
35140,30,456,train
35141,308,598,train
35142,338,449,train
35143,440,366,train
35144,361,7,test
35145,562,213,train
35146,731,345,train
35147,195,248,train
35148,44,714,train
35149,32,458,test
35150,57,368,train
35151,759,157,train
35152,444,775,train
35153,153,288,train
35154,589,459,train
35155,522,462,train
35156,189,348,train
35157,218,341,train
35158,540,717,train
35159,150,384,train
35160,588,779,train
35161,256,637,train
35162,136,382,train
35163,467,755,train
35164,645,448,train
35165,783,446,train
35166,635,680,train
35167,597,258,train
35168,260,162,train
35169,378,669,test
35170,377,579,test
35171,170,104,train
35172,355,736,train
35173,288,508,train
35174,736,730,test
35175,330,668,test
35176,538,191,train
35177,297,298,train
35178,177,153,train
35179,349,71,train
35180,346,188,train
35181,476,252,test
35182,378,796,train
35183,227,446,test
35184,661,336,test
35185,45,276,train
35186,671,522,train
35187,383,753,train
35188,653,731,test
35189,461,407,train
35190,663,219,train
35191,228,140,train
35192,256,298,test
35193,261,792,train
35194,526,289,train
35195,50,350,train
35196,764,669,train
35197,718,103,train
35198,334,573,train
35199,707,500,train
35200,295,622,train
35201,375,334,test
35202,398,795,train
35203,437,510,train
35204,318,109,train
35205,668,298,train
35206,10,218,train
35207,484,261,train
35208,689,523,train
35209,506,736,train
35210,242,562,train
35211,30,713,test
35212,67,222,train
35213,327,661,test
35214,646,131,test
35215,98,369,train
35216,262,212,train
35217,5,292,train
35218,730,518,train
35219,523,515,train
35220,426,585,train
35221,779,360,test
35222,517,766,train
35223,501,168,test
35224,547,698,train
35225,414,626,train
35226,612,233,test
35227,540,366,train
35228,516,60,train
35229,771,703,train
35230,82,192,train
35231,791,327,train
35232,666,131,train
35233,699,186,test
35234,104,486,train
35235,6,621,test
35236,726,709,test
35237,275,725,test
35238,320,718,train
35239,612,146,train
35240,208,18,train
35241,682,476,train
35242,328,370,train
35243,558,117,train
35244,564,354,test
35245,155,548,train
35246,390,639,train
35247,87,426,train
35248,628,119,train
35249,674,210,test
35250,594,252,train
35251,440,794,train
35252,766,575,train
35253,261,222,train
35254,494,267,train
35255,596,425,train
35256,185,781,test
35257,648,106,train
35258,206,462,train
35259,364,224,train
35260,388,670,train
35261,60,197,train
35262,441,119,train
35263,686,238,train
35264,641,217,train
35265,205,136,train
35266,467,59,train
35267,658,238,train
35268,721,610,train
35269,101,24,test
35270,298,548,train
35271,72,599,train
35272,141,302,train
35273,653,553,train
35274,224,14,train
35275,348,282,train
35276,224,350,test
35277,448,526,test
35278,458,272,train
35279,578,716,train
35280,38,246,test
35281,101,233,train
35282,276,136,train
35283,15,393,train
35284,18,593,train
35285,122,581,train
35286,486,344,train
35287,684,353,train
35288,547,399,train
35289,709,730,train
35290,175,86,train
35291,297,443,train
35292,180,325,train
35293,459,80,train
35294,406,277,test
35295,600,190,train
35296,32,48,train
35297,638,613,test
35298,582,446,train
35299,488,686,test
35300,552,769,train
35301,645,403,train
35302,627,429,train
35303,699,418,train
35304,496,77,train
35305,730,1,train
35306,552,293,train
35307,645,142,train
35308,463,739,train
35309,691,739,train
35310,442,398,train
35311,104,185,train
35312,13,793,train
35313,523,554,train
35314,473,41,train
35315,293,682,train
35316,112,567,train
35317,440,506,train
35318,405,483,train
35319,664,430,train
35320,474,156,train
35321,586,111,train
35322,600,767,train
35323,206,60,test
35324,284,336,train
35325,80,649,train
35326,221,443,test
35327,358,414,train
35328,550,220,train
35329,26,478,train
35330,769,175,test
35331,19,416,test
35332,745,125,train
35333,256,474,train
35334,547,371,train
35335,625,31,train
35336,97,283,train
35337,601,409,train
35338,259,432,train
35339,416,680,test
35340,71,291,train
35341,25,145,train
35342,653,244,train
35343,571,48,test
35344,650,259,train
35345,676,423,train
35346,707,758,train
35347,11,784,test
35348,275,76,test
35349,198,329,train
35350,313,91,train
35351,785,438,train
35352,513,254,train
35353,404,365,train
35354,705,336,train
35355,424,374,train
35356,453,530,test
35357,325,147,train
35358,593,148,train
35359,221,424,test
35360,631,168,train
35361,652,343,train
35362,799,209,train
35363,546,109,test
35364,595,558,test
35365,537,81,train
35366,409,120,train
35367,342,230,test
35368,501,166,train
35369,302,4,train
35370,412,488,test
35371,432,290,train
35372,484,762,test
35373,24,341,test
35374,659,253,train
35375,366,275,test
35376,800,474,train
35377,619,59,train
35378,688,156,train
35379,72,148,train
35380,756,119,train
35381,517,136,train
35382,422,36,train
35383,586,284,train
35384,663,601,train
35385,380,677,train
35386,69,759,train
35387,249,186,train
35388,733,226,train
35389,768,69,train
35390,281,384,test
35391,208,452,train
35392,103,614,train
35393,537,681,train
35394,218,271,train
35395,220,585,train
35396,188,370,train
35397,755,204,train
35398,191,565,train
35399,728,3,train
35400,591,420,test
35401,565,516,train
35402,155,209,train
35403,326,771,train
35404,52,508,train
35405,244,146,train
35406,676,274,train
35407,786,569,test
35408,726,489,train
35409,583,660,test
35410,537,776,train
35411,169,214,train
35412,147,591,train
35413,173,250,test
35414,540,536,train
35415,227,656,test
35416,165,328,train
35417,476,268,train
35418,56,50,test
35419,506,341,train
35420,51,71,test
35421,42,16,train
35422,573,31,train
35423,500,352,train
35424,327,362,train
35425,239,9,test
35426,227,705,train
35427,92,488,train
35428,106,268,train
35429,334,605,train
35430,619,452,train
35431,210,231,train
35432,734,16,train
35433,208,235,train
35434,492,364,train
35435,418,41,train
35436,186,578,test
35437,742,305,train
35438,28,548,train
35439,287,599,train
35440,530,545,train
35441,150,634,train
35442,478,722,train
35443,486,3,train
35444,225,83,test
35445,360,607,test
35446,611,24,train
35447,214,377,test
35448,348,520,test
35449,175,235,train
35450,596,396,test
35451,589,762,test
35452,287,684,train
35453,293,365,train
35454,731,699,train
35455,80,582,train
35456,71,352,train
35457,319,159,train
35458,15,789,train
35459,399,784,train
35460,423,764,train
35461,693,369,train
35462,376,483,train
35463,487,625,train
35464,539,157,train
35465,340,773,train
35466,636,459,train
35467,770,493,train
35468,290,707,test
35469,58,198,train
35470,121,287,train
35471,470,606,train
35472,406,507,train
35473,215,590,train
35474,572,75,test
35475,418,591,train
35476,164,246,test
35477,197,623,train
35478,586,173,train
35479,511,332,train
35480,92,86,train
35481,437,160,train
35482,219,577,train
35483,488,544,test
35484,243,267,train
35485,648,42,train
35486,528,235,test
35487,17,318,train
35488,74,634,train
35489,471,719,train
35490,400,186,train
35491,481,366,test
35492,265,321,train
35493,665,523,test
35494,329,121,test
35495,386,61,train
35496,190,333,train
35497,16,162,train
35498,272,284,train
35499,159,227,train
35500,661,224,train
35501,713,795,train
35502,599,357,train
35503,196,726,train
35504,332,98,train
35505,217,661,train
35506,23,499,train
35507,188,157,train
35508,96,696,train
35509,358,553,train
35510,41,330,test
35511,783,310,test
35512,727,624,train
35513,708,64,train
35514,204,52,train
35515,641,294,train
35516,225,175,train
35517,298,58,train
35518,709,645,train
35519,537,77,train
35520,148,489,train
35521,570,293,train
35522,72,685,train
35523,491,537,train
35524,194,132,train
35525,133,332,test
35526,503,380,test
35527,487,152,test
35528,675,159,test
35529,114,573,test
35530,131,124,train
35531,98,473,test
35532,470,346,test
35533,208,108,train
35534,105,92,test
35535,24,354,test
35536,520,111,train
35537,774,405,train
35538,497,651,train
35539,254,677,train
35540,68,10,train
35541,743,619,train
35542,616,623,train
35543,770,280,train
35544,368,25,train
35545,156,725,train
35546,420,71,train
35547,55,93,train
35548,771,602,train
35549,586,641,train
35550,109,681,train
35551,448,318,train
35552,329,526,train
35553,187,27,train
35554,311,288,train
35555,567,452,train
35556,441,238,train
35557,631,232,train
35558,105,148,train
35559,471,693,train
35560,170,412,train
35561,701,500,train
35562,679,774,train
35563,42,620,train
35564,314,311,train
35565,167,606,test
35566,758,686,test
35567,781,420,train
35568,225,43,train
35569,265,254,train
35570,512,489,train
35571,204,443,train
35572,362,171,train
35573,346,542,train
35574,235,414,test
35575,49,637,train
35576,19,10,train
35577,497,678,train
35578,474,695,train
35579,146,577,train
35580,120,89,test
35581,405,793,train
35582,746,125,test
35583,768,635,train
35584,779,145,train
35585,184,303,train
35586,273,714,train
35587,350,770,train
35588,493,52,train
35589,91,380,train
35590,702,645,train
35591,427,268,train
35592,389,256,train
35593,499,146,train
35594,310,3,train
35595,716,650,test
35596,614,567,train
35597,657,375,train
35598,55,27,train
35599,604,126,train
35600,529,229,train
35601,622,32,train
35602,502,37,train
35603,397,688,train
35604,452,762,test
35605,243,358,train
35606,717,340,train
35607,507,770,train
35608,408,699,train
35609,484,676,train
35610,347,621,train
35611,312,664,train
35612,657,118,train
35613,38,337,train
35614,617,601,train
35615,117,538,train
35616,126,238,test
35617,635,427,test
35618,551,52,train
35619,145,427,train
35620,394,26,train
35621,264,261,test
35622,137,13,train
35623,515,279,train
35624,686,351,train
35625,381,490,train
35626,296,704,train
35627,285,653,train
35628,123,744,train
35629,163,59,train
35630,763,626,train
35631,8,654,train
35632,679,166,train
35633,691,574,train
35634,698,696,train
35635,432,652,train
35636,753,241,train
35637,30,373,train
35638,393,57,train
35639,361,790,train
35640,417,275,train
35641,334,614,test
35642,148,666,train
35643,353,397,train
35644,542,276,test
35645,440,752,test
35646,710,250,train
35647,332,572,train
35648,759,298,train
35649,652,86,test
35650,358,65,train
35651,374,232,train
35652,490,441,train
35653,603,399,test
35654,652,570,train
35655,768,758,train
35656,155,413,train
35657,639,796,test
35658,326,663,train
35659,336,378,train
35660,374,527,train
35661,674,277,train
35662,755,274,train
35663,406,13,train
35664,598,574,test
35665,209,221,test
35666,477,265,train
35667,315,672,train
35668,400,289,train
35669,617,293,train
35670,20,776,train
35671,783,564,test
35672,503,598,train
35673,45,746,train
35674,288,547,train
35675,349,599,train
35676,694,318,test
35677,332,139,train
35678,227,490,test
35679,375,344,train
35680,168,60,train
35681,519,287,train
35682,106,149,test
35683,256,327,test
35684,469,499,train
35685,210,313,train
35686,221,387,train
35687,133,434,train
35688,750,426,train
35689,366,429,train
35690,234,293,test
35691,668,374,train
35692,213,476,train
35693,221,736,train
35694,468,311,train
35695,43,374,test
35696,736,325,train
35697,239,166,train
35698,21,644,train
35699,411,737,train
35700,716,246,train
35701,528,779,train
35702,388,267,test
35703,170,282,train
35704,27,136,train
35705,628,126,train
35706,633,756,train
35707,130,24,train
35708,776,453,train
35709,19,172,test
35710,304,577,train
35711,780,695,train
35712,440,43,train
35713,149,51,train
35714,426,413,train
35715,124,747,train
35716,175,571,train
35717,269,608,test
35718,665,696,train
35719,339,789,train
35720,29,795,test
35721,291,450,train
35722,583,177,train
35723,788,506,test
35724,453,431,train
35725,781,665,train
35726,578,593,test
35727,693,461,train
35728,316,647,train
35729,34,45,train
35730,660,403,train
35731,414,138,train
35732,428,510,train
35733,690,179,train
35734,434,157,train
35735,620,131,test
35736,586,279,train
35737,553,393,train
35738,486,197,test
35739,122,50,train
35740,763,86,test
35741,296,659,train
35742,488,303,train
35743,537,790,train
35744,384,168,train
35745,575,7,train
35746,533,475,train
35747,98,27,train
35748,344,423,train
35749,53,244,train
35750,397,550,train
35751,586,370,train
35752,304,522,test
35753,585,549,train
35754,328,372,train
35755,32,276,test
35756,483,317,train
35757,173,97,train
35758,67,218,train
35759,257,280,train
35760,379,623,test
35761,717,269,train
35762,95,591,test
35763,56,719,test
35764,538,518,train
35765,476,330,train
35766,336,207,train
35767,685,444,train
35768,494,558,train
35769,280,792,train
35770,732,677,test
35771,681,794,train
35772,175,366,train
35773,67,643,train
35774,723,632,test
35775,265,538,train
35776,458,79,train
35777,712,455,train
35778,565,206,train
35779,306,38,train
35780,721,496,test
35781,775,687,test
35782,748,651,train
35783,779,610,train
35784,636,560,train
35785,300,148,train
35786,240,616,test
35787,497,336,train
35788,759,364,train
35789,768,398,train
35790,407,698,train
35791,514,612,train
35792,781,145,train
35793,29,588,test
35794,370,421,train
35795,140,602,train
35796,458,343,train
35797,562,129,train
35798,280,365,train
35799,653,19,test
35800,421,786,test
35801,171,546,test
35802,109,172,train
35803,154,650,train
35804,215,540,train
35805,406,795,train
35806,47,276,test
35807,446,531,test
35808,404,127,train
35809,79,120,test
35810,300,95,train
35811,386,515,test
35812,71,705,train
35813,501,67,test
35814,100,141,train
35815,532,518,train
35816,273,312,train
35817,659,291,train
35818,671,219,train
35819,331,458,train
35820,472,352,test
35821,459,672,train
35822,278,374,train
35823,511,65,train
35824,619,560,train
35825,521,22,train
35826,564,44,train
35827,225,665,test
35828,701,774,test
35829,96,683,train
35830,268,551,train
35831,555,399,train
35832,659,343,test
35833,294,679,train
35834,629,531,train
35835,206,150,train
35836,73,175,test
35837,299,642,train
35838,179,21,train
35839,433,496,train
35840,292,83,train
35841,524,734,train
35842,305,391,train
35843,469,444,train
35844,800,197,train
35845,621,82,train
35846,128,485,train
35847,548,49,train
35848,270,371,train
35849,742,626,train
35850,490,224,train
35851,83,231,train
35852,180,757,test
35853,13,612,train
35854,64,501,test
35855,192,716,train
35856,232,630,train
35857,232,628,train
35858,594,108,test
35859,29,23,train
35860,104,165,train
35861,191,81,train
35862,373,436,train
35863,342,488,train
35864,306,95,train
35865,58,180,train
35866,190,77,train
35867,225,262,test
35868,495,332,test
35869,18,164,train
35870,425,288,train
35871,35,185,train
35872,136,310,train
35873,111,384,train
35874,59,610,test
35875,628,309,train
35876,136,754,train
35877,496,307,train
35878,151,189,train
35879,683,376,test
35880,260,599,train
35881,147,712,test
35882,99,23,train
35883,327,746,train
35884,37,453,train
35885,278,350,train
35886,528,411,train
35887,376,538,train
35888,447,796,train
35889,240,455,train
35890,23,532,train
35891,60,417,train
35892,778,598,train
35893,285,20,test
35894,258,641,train
35895,719,69,test
35896,522,352,train
35897,702,109,train
35898,586,599,test
35899,334,32,train
35900,9,537,train
35901,574,270,train
35902,18,165,train
35903,553,126,train
35904,25,544,train
35905,152,13,test
35906,707,80,train
35907,343,388,train
35908,2,404,train
35909,13,186,train
35910,87,697,train
35911,102,498,train
35912,290,188,test
35913,143,140,train
35914,491,382,train
35915,596,44,test
35916,549,308,train
35917,100,159,train
35918,513,208,train
35919,416,623,train
35920,699,267,train
35921,601,675,train
35922,551,242,train
35923,563,420,train
35924,472,612,train
35925,711,353,test
35926,486,627,train
35927,332,614,train
35928,696,56,train
35929,393,308,train
35930,65,2,test
35931,24,319,test
35932,399,18,train
35933,326,314,train
35934,606,797,train
35935,490,171,train
35936,726,683,train
35937,728,623,test
35938,364,684,train
35939,493,102,train
35940,665,396,test
35941,638,142,train
35942,714,180,train
35943,93,771,train
35944,602,779,train
35945,306,552,train
35946,17,688,train
35947,263,239,train
35948,727,675,test
35949,395,662,test
35950,190,466,train
35951,701,518,test
35952,93,783,train
35953,321,264,train
35954,738,35,train
35955,646,202,train
35956,406,719,train
35957,432,216,train
35958,391,162,train
35959,19,407,train
35960,156,44,test
35961,228,393,train
35962,661,48,train
35963,635,649,test
35964,126,559,train
35965,482,165,train
35966,764,477,test
35967,47,139,train
35968,345,442,train
35969,739,450,train
35970,385,517,train
35971,248,638,train
35972,490,316,train
35973,245,591,train
35974,654,364,train
35975,95,351,train
35976,301,56,train
35977,470,743,train
35978,146,654,test
35979,44,376,train
35980,287,329,train
35981,429,576,train
35982,362,30,train
35983,161,312,train
35984,145,364,train
35985,784,758,train
35986,669,794,test
35987,434,702,train
35988,272,488,test
35989,676,19,train
35990,353,318,train
35991,149,414,test
35992,525,222,train
35993,409,627,train
35994,350,74,train
35995,273,691,train
35996,560,755,train
35997,171,174,train
35998,417,199,train
35999,589,574,train
36000,622,792,train
36001,134,331,test
36002,235,82,train
36003,707,712,test
36004,265,3,test
36005,73,222,train
36006,455,622,train
36007,89,377,test
36008,433,799,train
36009,387,430,train
36010,166,489,test
36011,169,717,train
36012,150,424,train
36013,264,720,train
36014,226,628,train
36015,709,349,train
36016,645,464,test
36017,598,487,train
36018,549,653,test
36019,727,212,train
36020,484,290,test
36021,387,770,train
36022,327,405,train
36023,465,502,train
36024,348,382,train
36025,396,392,test
36026,428,231,train
36027,245,739,train
36028,555,537,train
36029,344,447,train
36030,584,254,train
36031,674,697,train
36032,148,364,train
36033,360,389,train
36034,257,45,train
36035,587,705,test
36036,426,279,train
36037,626,251,train
36038,570,565,train
36039,590,212,test
36040,385,613,test
36041,670,661,train
36042,421,262,train
36043,1,190,test
36044,506,561,train
36045,231,256,train
36046,7,534,train
36047,341,400,train
36048,27,402,train
36049,471,592,train
36050,261,135,train
36051,656,534,test
36052,695,517,train
36053,480,472,train
36054,580,610,train
36055,79,241,train
36056,168,191,train
36057,589,426,train
36058,645,493,test
36059,482,172,test
36060,150,253,train
36061,58,550,train
36062,416,126,test
36063,313,678,train
36064,500,721,train
36065,711,649,train
36066,638,522,train
36067,101,506,train
36068,201,443,test
36069,738,24,train
36070,28,8,train
36071,471,481,train
36072,352,660,train
36073,512,233,test
36074,520,570,test
36075,253,326,train
36076,374,545,train
36077,447,623,train
36078,372,638,train
36079,500,451,train
36080,742,448,train
36081,203,800,test
36082,57,279,test
36083,637,253,train
36084,647,677,train
36085,764,788,train
36086,642,198,train
36087,512,578,train
36088,568,747,train
36089,704,453,train
36090,701,375,train
36091,456,405,train
36092,3,32,train
36093,227,457,test
36094,313,360,test
36095,23,661,test
36096,109,153,test
36097,218,13,train
36098,346,249,train
36099,781,638,train
36100,418,591,train
36101,422,507,train
36102,316,522,train
36103,139,675,train
36104,142,444,train
36105,505,606,test
36106,196,392,train
36107,323,633,train
36108,454,13,train
36109,608,733,test
36110,199,504,train
36111,625,68,train
36112,690,578,test
36113,1,632,test
36114,775,37,test
36115,282,345,train
36116,243,509,train
36117,473,329,train
36118,699,45,train
36119,535,95,train
36120,551,537,train
36121,238,219,test
36122,446,737,train
36123,20,460,train
36124,100,676,train
36125,365,674,train
36126,597,239,train
36127,96,296,train
36128,450,789,test
36129,118,399,train
36130,247,467,train
36131,671,371,train
36132,281,653,test
36133,337,468,test
36134,381,218,train
36135,195,125,test
36136,567,124,train
36137,351,64,train
36138,355,497,train
36139,48,10,train
36140,361,535,train
36141,210,512,train
36142,184,341,train
36143,138,567,train
36144,477,101,train
36145,654,646,train
36146,465,520,train
36147,252,306,train
36148,215,477,test
36149,72,518,train
36150,251,51,test
36151,373,551,train
36152,315,233,train
36153,284,644,test
36154,749,416,train
36155,775,664,train
36156,373,633,train
36157,560,690,train
36158,431,87,train
36159,683,475,train
36160,74,56,test
36161,730,728,train
36162,515,551,train
36163,278,798,test
36164,529,614,train
36165,101,348,train
36166,781,234,train
36167,438,710,test
36168,724,634,train
36169,13,735,train
36170,553,567,train
36171,77,180,train
36172,636,228,train
36173,302,394,test
36174,674,411,test
36175,786,135,train
36176,200,356,train
36177,777,480,train
36178,275,553,test
36179,359,346,train
36180,627,584,train
36181,639,793,train
36182,630,769,train
36183,490,624,train
36184,195,37,test
36185,182,461,test
36186,608,566,test
36187,711,494,train
36188,178,636,train
36189,445,210,train
36190,215,74,test
36191,96,650,train
36192,747,540,test
36193,262,361,test
36194,8,306,train
36195,4,592,train
36196,230,242,train
36197,466,611,train
36198,484,415,train
36199,505,270,train
36200,263,705,train
36201,514,296,train
36202,165,483,test
36203,312,20,train
36204,546,711,train
36205,152,716,train
36206,672,736,train
36207,483,31,train
36208,211,30,train
36209,647,502,train
36210,285,550,train
36211,422,96,train
36212,357,169,train
36213,538,385,train
36214,272,372,train
36215,283,639,test
36216,645,151,train
36217,583,581,train
36218,666,594,test
36219,58,783,train
36220,593,457,train
36221,582,483,train
36222,632,720,train
36223,42,699,train
36224,541,781,train
36225,104,282,train
36226,294,105,test
36227,314,548,train
36228,541,447,train
36229,498,59,train
36230,623,262,train
36231,540,60,train
36232,533,58,train
36233,88,396,train
36234,158,121,train
36235,81,623,test
36236,207,177,train
36237,513,221,train
36238,551,672,train
36239,360,779,test
36240,189,179,train
36241,122,671,train
36242,436,754,train
36243,389,300,train
36244,800,201,train
36245,561,99,train
36246,320,413,train
36247,282,130,train
36248,701,628,train
36249,134,126,test
36250,284,788,test
36251,341,436,train
36252,597,45,train
36253,326,103,test
36254,205,502,train
36255,539,152,train
36256,327,130,train
36257,146,614,test
36258,657,126,train
36259,65,649,test
36260,679,241,train
36261,651,326,train
36262,413,690,train
36263,67,215,train
36264,531,573,train
36265,89,392,train
36266,250,490,train
36267,293,286,train
36268,442,485,train
36269,306,364,train
36270,692,530,train
36271,259,326,train
36272,425,647,train
36273,760,133,train
36274,489,11,test
36275,174,113,train
36276,192,674,train
36277,220,561,train
36278,694,265,test
36279,676,319,train
36280,181,221,train
36281,430,263,train
36282,605,483,train
36283,83,192,train
36284,562,574,train
36285,589,108,train
36286,81,387,train
36287,758,262,train
36288,692,200,train
36289,305,402,train
36290,68,500,train
36291,424,176,test
36292,707,308,train
36293,456,379,test
36294,348,602,train
36295,591,675,train
36296,365,61,train
36297,68,203,test
36298,244,165,train
36299,768,624,train
36300,656,372,test
36301,496,161,test
36302,509,58,train
36303,156,284,train
36304,102,380,train
36305,222,689,train
36306,245,751,train
36307,349,36,train
36308,155,177,train
36309,783,256,train
36310,138,439,train
36311,623,398,train
36312,237,104,train
36313,565,434,train
36314,355,361,train
36315,150,262,train
36316,185,518,train
36317,349,595,train
36318,528,742,test
36319,349,375,train
36320,420,309,train
36321,690,371,train
36322,173,687,train
36323,524,619,train
36324,280,599,test
36325,214,614,train
36326,705,309,train
36327,759,654,train
36328,276,624,train
36329,220,509,train
36330,330,359,test
36331,152,235,test
36332,249,616,train
36333,534,554,train
36334,125,230,train
36335,369,266,test
36336,649,710,train
36337,167,653,train
36338,377,502,train
36339,549,683,train
36340,56,113,test
36341,384,102,test
36342,270,725,test
36343,119,294,train
36344,283,311,train
36345,162,772,train
36346,609,678,train
36347,525,333,test
36348,491,660,test
36349,84,650,train
36350,702,75,train
36351,173,326,test
36352,656,126,train
36353,386,295,train
36354,561,631,train
36355,728,561,train
36356,230,39,test
36357,441,535,train
36358,121,74,train
36359,345,758,train
36360,486,238,train
36361,487,380,train
36362,251,531,train
36363,323,606,test
36364,148,487,train
36365,185,172,train
36366,493,260,test
36367,612,53,test
36368,529,605,train
36369,75,279,train
36370,211,145,train
36371,735,244,train
36372,735,474,train
36373,693,386,test
36374,662,420,train
36375,403,379,train
36376,471,387,test
36377,19,239,train
36378,558,510,train
36379,612,491,train
36380,55,111,train
36381,114,103,train
36382,491,522,train
36383,360,596,train
36384,11,747,train
36385,592,652,train
36386,644,601,train
36387,96,668,train
36388,335,589,train
36389,583,275,test
36390,200,689,train
36391,41,436,train
36392,478,324,train
36393,219,352,train
36394,143,594,train
36395,74,177,train
36396,536,465,train
36397,772,510,train
36398,386,9,train
36399,274,439,train
36400,197,32,test
36401,409,232,train
36402,201,28,test
36403,799,258,train
36404,377,772,train
36405,344,553,train
36406,244,794,train
36407,503,50,train
36408,81,685,test
36409,536,336,train
36410,47,14,train
36411,447,568,train
36412,574,630,train
36413,441,304,train
36414,223,284,train
36415,255,742,train
36416,681,205,train
36417,600,752,train
36418,35,381,train
36419,137,88,train
36420,361,219,train
36421,439,55,train
36422,213,430,train
36423,427,623,train
36424,231,211,train
36425,145,521,train
36426,305,448,train
36427,529,696,train
36428,11,790,train
36429,195,401,train
36430,799,303,test
36431,72,586,train
36432,351,285,test
36433,153,162,train
36434,58,652,train
36435,608,163,train
36436,179,28,train
36437,77,159,train
36438,116,719,train
36439,281,472,train
36440,370,36,train
36441,313,560,test
36442,503,786,train
36443,290,358,train
36444,739,427,train
36445,134,22,train
36446,117,460,train
36447,139,623,train
36448,383,238,train
36449,660,139,train
36450,756,488,test
36451,35,420,test
36452,150,266,train
36453,434,398,test
36454,290,264,train
36455,453,748,train
36456,234,532,train
36457,374,643,test
36458,23,20,train
36459,740,553,train
36460,386,742,train
36461,503,289,train
36462,587,656,train
36463,355,580,train
36464,310,521,train
36465,767,376,train
36466,135,332,test
36467,590,346,train
36468,409,36,train
36469,758,445,train
36470,515,115,train
36471,484,692,train
36472,644,203,train
36473,603,252,test
36474,623,460,train
36475,121,787,train
36476,475,307,train
36477,241,198,train
36478,168,224,train
36479,614,148,train
36480,405,625,test
36481,778,777,train
36482,567,193,train
36483,173,414,train
36484,451,201,test
36485,643,583,test
36486,162,537,train
36487,475,414,train
36488,157,281,train
36489,239,289,train
36490,2,492,train
36491,594,14,test
36492,347,547,train
36493,545,23,train
36494,302,764,train
36495,180,627,train
36496,549,530,test
36497,454,124,train
36498,595,173,train
36499,692,531,train
36500,92,384,test
36501,592,792,test
36502,511,725,train
36503,260,215,train
36504,564,73,train
36505,127,122,train
36506,761,187,train
36507,777,76,train
36508,611,547,train
36509,461,514,train
36510,796,360,train
36511,74,101,train
36512,237,153,test
36513,16,106,train
36514,754,337,train
36515,779,505,train
36516,54,546,test
36517,686,482,train
36518,596,172,test
36519,784,346,train
36520,9,516,train
36521,262,683,train
36522,699,288,train
36523,140,191,test
36524,777,523,train
36525,95,279,train
36526,369,711,train
36527,633,455,train
36528,526,269,test
36529,120,330,train
36530,785,454,train
36531,250,450,train
36532,645,21,train
36533,332,130,train
36534,434,756,train
36535,14,356,train
36536,159,8,train
36537,402,411,test
36538,276,14,train
36539,440,471,train
36540,353,630,train
36541,764,139,test
36542,443,189,train
36543,6,621,test
36544,396,428,train
36545,22,134,train
36546,360,637,train
36547,62,307,train
36548,500,426,train
36549,323,149,train
36550,711,606,test
36551,61,555,train
36552,558,170,train
36553,749,107,train
36554,380,582,train
36555,674,257,test
36556,521,687,train
36557,25,253,train
36558,597,695,train
36559,461,365,train
36560,306,426,train
36561,742,623,train
36562,695,75,train
36563,633,359,test
36564,550,185,train
36565,329,37,train
36566,505,686,train
36567,372,763,train
36568,32,584,train
36569,519,340,train
36570,142,196,train
36571,628,758,train
36572,245,116,train
36573,306,325,train
36574,89,151,test
36575,338,690,train
36576,221,397,train
36577,698,272,test
36578,448,228,train
36579,341,381,test
36580,538,507,train
36581,531,20,train
36582,155,746,train
36583,309,664,train
36584,644,5,test
36585,326,495,train
36586,793,436,train
36587,704,390,train
36588,318,121,train
36589,102,114,train
36590,173,766,train
36591,578,601,train
36592,441,697,train
36593,74,625,train
36594,548,27,train
36595,39,416,train
36596,746,375,train
36597,213,717,train
36598,269,116,train
36599,187,120,train
36600,95,658,train
36601,21,349,train
36602,452,676,train
36603,610,625,train
36604,456,563,train
36605,717,389,train
36606,690,609,test
36607,279,214,train
36608,778,350,train
36609,68,399,train
36610,585,294,train
36611,3,738,test
36612,547,540,train
36613,366,756,train
36614,784,189,train
36615,474,616,test
36616,467,699,train
36617,526,740,train
36618,19,718,test
36619,647,621,train
36620,279,410,train
36621,38,553,train
36622,716,101,train
36623,336,127,test
36624,725,578,train
36625,284,722,test
36626,111,220,train
36627,609,9,train
36628,769,454,train
36629,362,313,test
36630,148,122,test
36631,547,711,train
36632,472,602,train
36633,88,102,train
36634,265,572,train
36635,306,687,test
36636,360,309,train
36637,709,570,train
36638,662,119,train
36639,427,571,train
36640,210,592,train
36641,577,746,train
36642,719,534,train
36643,205,71,train
36644,559,503,train
36645,361,197,test
36646,242,131,train
36647,558,460,train
36648,37,776,train
36649,263,392,train
36650,168,120,test
36651,600,320,train
36652,215,567,test
36653,660,700,train
36654,278,386,test
36655,204,554,train
36656,552,198,train
36657,363,159,train
36658,568,566,train
36659,684,631,train
36660,27,15,train
36661,725,61,train
36662,459,278,train
36663,111,602,train
36664,127,171,test
36665,582,755,train
36666,344,252,train
36667,239,614,test
36668,214,455,train
36669,240,209,train
36670,315,1,test
36671,766,534,train
36672,286,587,train
36673,237,91,train
36674,345,246,train
36675,197,538,train
36676,108,7,train
36677,315,513,train
36678,24,319,test
36679,263,576,train
36680,338,409,train
36681,485,417,train
36682,512,145,test
36683,133,350,train
36684,126,229,train
36685,247,159,train
36686,688,77,train
36687,81,123,test
36688,213,403,train
36689,252,621,train
36690,173,539,test
36691,376,779,train
36692,536,422,train
36693,292,73,train
36694,162,305,test
36695,447,652,train
36696,538,585,train
36697,572,303,test
36698,98,130,train
36699,489,662,test
36700,77,524,train
36701,129,729,train
36702,275,282,train
36703,582,721,train
36704,620,759,test
36705,103,620,test
36706,636,79,train
36707,756,204,train
36708,575,676,train
36709,728,54,train
36710,767,131,train
36711,715,612,train
36712,426,30,train
36713,745,234,train
36714,247,601,test
36715,278,422,train
36716,97,215,train
36717,233,557,train
36718,622,333,train
36719,342,246,train
36720,387,384,test
36721,515,573,train
36722,545,350,train
36723,68,137,train
36724,613,418,train
36725,759,537,train
36726,218,296,test
36727,49,542,train
36728,411,205,test
36729,483,770,train
36730,289,291,train
36731,768,82,train
36732,679,454,train
36733,361,298,train
36734,649,208,train
36735,344,702,train
36736,17,336,test
36737,659,193,train
36738,340,58,train
36739,159,389,train
36740,270,276,train
36741,482,710,train
36742,415,595,test
36743,29,114,train
36744,585,143,train
36745,97,576,train
36746,617,470,train
36747,692,733,train
36748,123,180,train
36749,186,424,train
36750,267,746,test
36751,195,246,train
36752,351,23,train
36753,651,617,train
36754,268,297,test
36755,713,52,test
36756,201,692,train
36757,787,60,train
36758,75,701,train
36759,79,552,train
36760,122,545,train
36761,663,489,train
36762,138,281,train
36763,340,789,train
36764,42,560,train
36765,29,49,train
36766,81,252,train
36767,311,744,train
36768,220,41,train
36769,572,656,test
36770,688,772,train
36771,605,135,train
36772,325,241,train
36773,152,645,train
36774,11,263,train
36775,203,442,test
36776,467,207,train
36777,5,209,train
36778,620,589,train
36779,152,73,train
36780,408,55,train
36781,483,293,train
36782,218,285,train
36783,156,460,train
36784,179,447,train
36785,577,412,test
36786,681,525,train
36787,210,88,train
36788,210,239,train
36789,249,525,train
36790,79,677,train
36791,510,535,train
36792,493,331,train
36793,369,746,train
36794,148,423,train
36795,696,704,train
36796,742,755,test
36797,187,683,test
36798,168,253,train
36799,202,19,train
36800,44,92,train
36801,297,334,train
36802,389,749,train
36803,129,459,train
36804,370,51,test
36805,699,73,train
36806,178,724,train
36807,114,581,train
36808,77,396,train
36809,216,214,train
36810,520,606,test
36811,773,5,test
36812,395,43,train
36813,686,396,train
36814,632,219,train
36815,102,555,train
36816,755,551,train
36817,313,614,train
36818,693,685,train
36819,245,106,train
36820,259,630,train
36821,599,630,train
36822,38,591,train
36823,565,137,train
36824,633,718,train
36825,599,387,train
36826,734,50,train
36827,377,532,train
36828,151,73,test
36829,519,738,train
36830,351,518,train
36831,701,652,train
36832,788,499,test
36833,143,627,train
36834,797,637,test
36835,647,232,train
36836,172,564,train
36837,305,233,train
36838,230,598,train
36839,223,752,train
36840,438,139,train
36841,434,429,train
36842,340,776,train
36843,668,15,test
36844,389,205,train
36845,741,331,train
36846,789,742,train
36847,274,778,train
36848,402,201,train
36849,430,788,train
36850,523,731,train
36851,140,689,train
36852,120,545,train
36853,89,439,train
36854,416,535,train
36855,320,635,train
36856,608,729,test
36857,719,676,test
36858,259,605,train
36859,432,207,train
36860,265,166,test
36861,294,764,train
36862,196,115,test
36863,461,136,train
36864,377,648,train
36865,278,733,train
36866,481,573,train
36867,289,337,test
36868,145,239,test
36869,16,74,test
36870,640,447,train
36871,616,15,train
36872,788,514,test
36873,151,604,train
36874,323,403,test
36875,735,557,train
36876,209,342,test
36877,285,779,train
36878,57,603,train
36879,630,23,train
36880,522,577,test
36881,175,194,train
36882,193,714,train
36883,362,747,train
36884,539,196,train
36885,280,74,train
36886,458,125,train
36887,171,653,train
36888,158,38,test
36889,72,715,train
36890,258,135,train
36891,25,454,train
36892,68,107,train
36893,253,277,train
36894,87,513,train
36895,619,773,test
36896,401,457,test
36897,282,483,train
36898,679,256,train
36899,378,415,train
36900,186,444,test
36901,610,359,train
36902,390,449,train
36903,538,648,test
36904,87,531,test
36905,792,560,test
36906,15,283,test
36907,438,224,train
36908,44,788,test
36909,387,220,train
36910,205,780,train
36911,254,565,test
36912,251,587,train
36913,133,387,train
36914,131,169,train
36915,67,161,train
36916,491,686,train
36917,330,305,train
36918,724,145,train
36919,69,149,train
36920,45,324,train
36921,171,480,train
36922,219,488,train
36923,366,636,train
36924,77,109,train
36925,297,225,train
36926,209,591,test
36927,687,649,train
36928,554,22,train
36929,338,786,train
36930,136,602,train
36931,576,752,train
36932,707,458,train
36933,652,532,train
36934,116,259,train
36935,98,101,test
36936,652,387,train
36937,289,18,test
36938,717,754,test
36939,310,430,train
36940,401,771,train
36941,271,686,train
36942,271,743,train
36943,653,469,train
36944,356,425,test
36945,203,123,train
36946,443,92,train
36947,209,445,train
36948,266,585,train
36949,358,591,train
36950,616,597,train
36951,139,371,test
36952,330,704,train
36953,337,488,train
36954,502,539,train
36955,309,23,train
36956,424,124,train
36957,568,538,train
36958,216,263,train
36959,438,744,train
36960,313,27,train
36961,118,190,train
36962,627,372,train
36963,143,128,test
36964,318,194,train
36965,283,7,train
36966,798,454,train
36967,330,457,train
36968,37,652,train
36969,567,97,test
36970,146,333,train
36971,527,753,test
36972,358,454,train
36973,387,392,train
36974,467,61,train
36975,671,319,train
36976,600,327,test
36977,684,361,train
36978,178,565,test
36979,786,97,train
36980,309,34,train
36981,586,356,test
36982,575,541,train
36983,725,91,test
36984,395,606,train
36985,594,145,test
36986,431,87,train
36987,73,54,train
36988,445,133,test
36989,517,721,train
36990,242,137,test
36991,249,31,train
36992,319,678,train
36993,573,210,train
36994,84,366,train
36995,656,157,test
36996,127,1,test
36997,174,454,train
36998,241,455,train
36999,732,292,test
37000,524,774,train
37001,182,190,train
37002,392,660,train
37003,100,495,train
37004,592,586,train
37005,293,418,train
37006,238,494,test
37007,522,301,train
37008,650,40,train
37009,722,725,train
37010,499,260,test
37011,764,662,train
37012,616,188,train
37013,74,205,train
37014,111,243,train
37015,339,4,train
37016,265,578,train
37017,381,349,train
37018,201,209,test
37019,563,496,train
37020,667,53,test
37021,426,546,train
37022,214,233,test
37023,487,369,train
37024,437,677,train
37025,591,688,train
37026,577,500,train
37027,137,280,train
37028,94,345,train
37029,374,501,train
37030,537,605,train
37031,481,309,train
37032,692,711,train
37033,4,3,test
37034,396,672,train
37035,228,678,train
37036,719,73,train
37037,656,212,train
37038,396,514,train
37039,577,706,train
37040,289,439,train
37041,422,798,test
37042,283,251,train
37043,162,626,train
37044,282,524,train
37045,758,769,train
37046,254,229,train
37047,539,15,train
37048,536,50,train
37049,696,467,train
37050,623,508,train
37051,673,131,train
37052,162,267,train
37053,649,572,train
37054,561,366,test
37055,160,424,train
37056,780,168,train
37057,604,67,train
37058,487,285,test
37059,670,130,train
37060,431,499,test
37061,528,252,train
37062,338,218,train
37063,126,260,train
37064,143,566,train
37065,683,88,train
37066,274,29,train
37067,39,220,train
37068,418,569,test
37069,643,401,train
37070,222,610,train
37071,37,297,train
37072,213,2,train
37073,707,204,train
37074,286,428,test
37075,708,248,test
37076,549,649,test
37077,595,9,train
37078,540,422,train
37079,390,489,train
37080,558,527,test
37081,729,670,train
37082,54,51,train
37083,511,407,train
37084,442,525,train
37085,134,780,train
37086,701,703,train
37087,486,36,train
37088,515,81,train
37089,340,763,train
37090,778,713,train
37091,47,28,test
37092,620,255,test
37093,93,733,test
37094,412,754,train
37095,379,212,train
37096,277,592,test
37097,465,698,train
37098,709,38,train
37099,352,271,train
37100,417,99,test
37101,656,756,train
37102,199,476,train
37103,39,559,train
37104,543,522,train
37105,197,278,train
37106,709,89,train
37107,242,728,test
37108,359,289,test
37109,21,400,train
37110,614,250,train
37111,674,74,test
37112,759,171,train
37113,625,763,test
37114,770,295,train
37115,757,413,train
37116,746,765,train
37117,76,695,train
37118,276,53,test
37119,414,612,train
37120,120,695,train
37121,416,162,test
37122,696,265,train
37123,186,44,test
37124,77,570,train
37125,97,688,train
37126,24,276,train
37127,63,81,test
37128,610,276,train
37129,203,332,train
37130,60,569,test
37131,686,258,test
37132,787,108,train
37133,788,61,test
37134,217,313,train
37135,445,482,train
37136,44,356,test
37137,783,557,test
37138,737,147,test
37139,591,402,train
37140,324,299,train
37141,123,600,train
37142,75,225,test
37143,97,718,train
37144,400,27,train
37145,113,51,train
37146,620,371,train
37147,42,289,test
37148,284,704,train
37149,357,718,train
37150,679,325,train
37151,113,237,test
37152,125,388,train
37153,279,112,train
37154,740,212,test
37155,784,537,train
37156,475,768,train
37157,388,19,train
37158,178,327,train
37159,254,100,train
37160,198,135,train
37161,92,57,train
37162,19,357,train
37163,466,663,train
37164,294,716,train
37165,620,146,train
37166,470,372,train
37167,581,704,train
37168,557,550,test
37169,687,302,train
37170,622,722,train
37171,379,398,train
37172,593,571,train
37173,623,731,train
37174,428,695,train
37175,326,468,test
37176,189,336,train
37177,584,466,train
37178,160,224,train
37179,518,268,train
37180,367,173,train
37181,777,357,train
37182,673,31,test
37183,676,650,train
37184,81,418,train
37185,277,235,train
37186,152,293,train
37187,459,361,train
37188,8,412,train
37189,785,220,train
37190,681,80,test
37191,165,759,train
37192,341,564,train
37193,730,672,train
37194,575,658,train
37195,306,367,test
37196,738,579,train
37197,697,255,train
37198,242,342,train
37199,676,521,train
37200,91,532,train
37201,369,707,train
37202,405,110,train
37203,616,733,test
37204,333,193,train
37205,279,661,train
37206,625,733,train
37207,229,83,test
37208,364,211,train
37209,356,258,train
37210,599,81,train
37211,755,420,train
37212,413,776,train
37213,277,581,train
37214,455,127,train
37215,442,162,test
37216,423,326,train
37217,125,24,train
37218,232,634,train
37219,315,401,test
37220,634,683,train
37221,130,245,train
37222,754,200,test
37223,1,364,train
37224,184,390,test
37225,92,311,train
37226,519,465,test
37227,111,753,train
37228,735,139,train
37229,270,29,train
37230,405,636,test
37231,418,579,train
37232,457,315,train
37233,137,264,train
37234,587,25,train
37235,628,737,test
37236,439,179,train
37237,654,401,train
37238,29,241,train
37239,521,630,train
37240,147,97,train
37241,178,225,train
37242,447,38,test
37243,624,227,train
37244,515,351,train
37245,473,252,train
37246,161,442,train
37247,174,8,train
37248,309,197,train
37249,686,575,train
37250,630,693,train
37251,345,336,train
37252,706,369,train
37253,166,94,train
37254,256,459,train
37255,194,707,train
37256,332,244,test
37257,557,483,train
37258,123,26,train
37259,100,445,train
37260,516,551,test
37261,224,141,train
37262,300,98,train
37263,468,190,train
37264,579,248,train
37265,537,743,train
37266,632,103,train
37267,791,662,train
37268,8,249,train
37269,338,255,test
37270,304,795,train
37271,572,262,train
37272,278,585,test
37273,757,376,train
37274,139,566,test
37275,725,124,train
37276,591,313,test
37277,370,330,train
37278,71,635,train
37279,469,522,train
37280,187,410,train
37281,683,174,train
37282,269,19,train
37283,512,381,train
37284,723,451,test
37285,311,387,train
37286,211,691,train
37287,372,708,train
37288,141,579,train
37289,394,565,test
37290,501,99,test
37291,241,251,train
37292,768,505,train
37293,7,304,train
37294,131,245,train
37295,489,757,test
37296,229,83,test
37297,199,69,train
37298,84,273,train
37299,471,738,train
37300,235,39,train
37301,240,398,train
37302,670,765,train
37303,71,768,train
37304,34,417,train
37305,49,60,train
37306,133,427,train
37307,454,192,train
37308,148,772,train
37309,585,423,train
37310,729,188,train
37311,269,773,train
37312,719,308,train
37313,509,427,train
37314,612,659,train
37315,678,660,test
37316,499,506,train
37317,727,678,train
37318,4,555,train
37319,304,580,train
37320,562,663,train
37321,331,153,train
37322,118,392,test
37323,70,386,train
37324,656,411,train
37325,583,749,train
37326,423,516,train
37327,668,406,train
37328,305,373,train
37329,757,760,train
37330,59,107,train
37331,434,218,train
37332,768,190,test
37333,387,797,train
37334,267,106,train
37335,604,661,train
37336,509,282,train
37337,441,254,train
37338,32,77,train
37339,109,247,test
37340,513,489,train
37341,248,354,test
37342,361,348,train
37343,124,705,train
37344,84,277,train
37345,706,256,train
37346,200,477,train
37347,259,21,test
37348,336,482,test
37349,8,448,train
37350,456,719,test
37351,455,591,test
37352,92,612,train
37353,482,657,train
37354,302,777,test
37355,477,382,test
37356,626,177,train
37357,200,203,train
37358,495,553,train
37359,712,309,train
37360,717,36,train
37361,447,14,train
37362,262,44,train
37363,724,108,train
37364,199,718,train
37365,577,58,train
37366,190,278,train
37367,102,300,train
37368,757,284,train
37369,420,508,train
37370,374,565,test
37371,43,551,train
37372,761,711,test
37373,444,41,test
37374,604,368,test
37375,459,343,test
37376,609,176,train
37377,642,747,train
37378,68,272,train
37379,358,151,test
37380,475,342,train
37381,397,49,train
37382,398,283,train
37383,562,787,train
37384,761,748,train
37385,132,653,train
37386,129,373,train
37387,769,682,test
37388,450,799,train
37389,284,597,train
37390,5,733,train
37391,660,34,train
37392,759,292,train
37393,506,553,train
37394,541,560,train
37395,514,638,train
37396,115,582,test
37397,314,717,test
37398,379,765,test
37399,681,787,train
37400,654,774,train
37401,394,689,train
37402,143,731,train
37403,711,746,train
37404,592,216,train
37405,666,552,train
37406,177,749,train
37407,669,628,train
37408,432,321,train
37409,222,646,train
37410,268,278,test
37411,247,188,train
37412,725,246,train
37413,195,475,train
37414,554,108,train
37415,2,43,train
37416,176,446,train
37417,157,719,test
37418,527,114,test
37419,178,721,train
37420,357,497,train
37421,632,424,train
37422,542,793,train
37423,200,232,train
37424,654,43,train
37425,690,354,train
37426,441,403,test
37427,177,396,test
37428,563,617,test
37429,643,176,test
37430,268,709,train
37431,741,428,train
37432,247,533,train
37433,799,109,train
37434,330,749,test
37435,173,463,train
37436,264,481,train
37437,685,798,train
37438,171,108,test
37439,799,227,train
37440,38,48,train
37441,607,242,train
37442,678,633,train
37443,286,759,train
37444,595,372,test
37445,518,466,test
37446,522,690,train
37447,492,521,train
37448,252,682,train
37449,549,313,train
37450,731,762,train
37451,777,124,train
37452,413,305,train
37453,567,505,train
37454,497,741,train
37455,217,411,train
37456,473,631,train
37457,9,541,train
37458,218,18,test
37459,242,155,train
37460,94,718,test
37461,432,186,train
37462,713,707,train
37463,783,396,test
37464,290,171,train
37465,272,335,train
37466,70,88,train
37467,242,372,test
37468,53,215,train
37469,613,654,train
37470,312,731,test
37471,723,673,train
37472,11,770,test
37473,415,446,train
37474,743,660,train
37475,8,202,train
37476,663,228,test
37477,677,721,train
37478,145,554,train
37479,42,531,train
37480,501,703,train
37481,94,473,train
37482,417,143,test
37483,503,349,train
37484,35,319,train
37485,172,464,train
37486,24,432,train
37487,449,324,train
37488,487,110,train
37489,591,170,train
37490,438,245,test
37491,745,39,train
37492,111,283,train
37493,181,71,train
37494,753,472,train
37495,512,54,test
37496,64,180,train
37497,790,267,train
37498,199,143,train
37499,540,95,train
37500,373,559,train
37501,124,389,test
37502,390,795,test
37503,544,793,train
37504,698,760,train
37505,578,345,train
37506,448,690,train
37507,317,769,train
37508,626,438,train
37509,395,408,test
37510,86,448,train
37511,442,444,train
37512,43,289,train
37513,239,86,train
37514,242,233,train
37515,538,454,train
37516,602,564,train
37517,140,491,test
37518,261,673,train
37519,539,178,train
37520,20,317,test
37521,580,334,train
37522,492,516,train
37523,456,187,train
37524,589,328,train
37525,727,271,train
37526,453,369,train
37527,583,541,train
37528,645,295,train
37529,185,230,train
37530,365,28,train
37531,615,83,train
37532,757,284,train
37533,487,522,train
37534,53,8,train
37535,212,89,train
37536,675,652,train
37537,496,26,train
37538,631,641,test
37539,744,266,train
37540,475,514,train
37541,708,395,train
37542,154,696,train
37543,585,625,train
37544,290,313,test
37545,380,368,test
37546,426,525,train
37547,698,198,train
37548,420,660,train
37549,337,199,train
37550,198,529,train
37551,157,96,train
37552,424,49,train
37553,674,616,train
37554,657,132,train
37555,492,774,train
37556,723,108,train
37557,315,679,train
37558,60,398,train
37559,380,84,test
37560,255,140,train
37561,81,76,train
37562,328,269,test
37563,16,45,train
37564,756,259,test
37565,298,366,train
37566,606,383,train
37567,529,714,train
37568,521,95,train
37569,788,348,train
37570,420,485,test
37571,557,491,test
37572,132,350,train
37573,511,597,train
37574,32,497,train
37575,639,399,test
37576,529,220,test
37577,684,463,test
37578,117,380,train
37579,471,42,train
37580,754,84,test
37581,429,323,train
37582,108,476,test
37583,555,185,train
37584,422,60,train
37585,729,379,train
37586,242,423,train
37587,585,739,train
37588,6,198,train
37589,58,459,train
37590,279,592,train
37591,311,210,train
37592,594,759,train
37593,589,654,test
37594,259,470,train
37595,126,791,train
37596,580,323,test
37597,701,788,train
37598,716,704,train
37599,465,589,test
37600,232,222,train
37601,259,755,train
37602,165,381,train
37603,98,311,test
37604,788,555,train
37605,160,634,test
37606,481,558,train
37607,418,704,train
37608,404,459,train
37609,581,738,train
37610,499,335,train
37611,306,39,train
37612,231,310,train
37613,421,388,train
37614,53,278,train
37615,693,3,train
37616,405,73,train
37617,376,190,train
37618,163,613,train
37619,634,525,train
37620,106,91,test
37621,207,493,train
37622,45,534,train
37623,392,713,train
37624,719,241,train
37625,309,684,train
37626,203,121,train
37627,262,3,test
37628,227,614,train
37629,743,369,train
37630,382,427,train
37631,385,637,train
37632,668,259,train
37633,6,708,train
37634,464,73,train
37635,540,238,train
37636,394,731,train
37637,571,619,train
37638,700,615,train
37639,130,469,train
37640,675,657,train
37641,286,207,train
37642,413,692,train
37643,48,280,train
37644,704,772,train
37645,88,235,train
37646,249,47,test
37647,657,55,test
37648,275,7,train
37649,166,626,train
37650,62,73,train
37651,741,431,train
37652,522,193,train
37653,454,465,train
37654,156,467,train
37655,773,333,train
37656,269,181,train
37657,152,776,train
37658,687,305,train
37659,617,776,train
37660,433,255,train
37661,225,768,train
37662,105,767,train
37663,305,414,train
37664,420,780,train
37665,10,230,test
37666,791,193,train
37667,200,26,train
37668,734,214,train
37669,125,577,test
37670,76,652,test
37671,593,279,train
37672,490,267,train
37673,589,177,test
37674,631,455,test
37675,627,704,train
37676,640,459,train
37677,219,697,train
37678,141,697,train
37679,205,524,train
37680,713,694,train
37681,147,718,train
37682,193,485,train
37683,555,631,train
37684,130,439,train
37685,721,281,train
37686,371,104,train
37687,541,501,train
37688,413,553,train
37689,27,260,train
37690,656,362,train
37691,64,87,train
37692,512,173,test
37693,712,131,train
37694,250,409,train
37695,118,396,train
37696,611,392,train
37697,766,576,train
37698,546,223,train
37699,472,388,train
37700,753,415,train
37701,237,369,train
37702,58,787,train
37703,667,11,test
37704,30,728,train
37705,293,125,train
37706,678,428,train
37707,408,337,train
37708,266,767,train
37709,227,309,train
37710,762,686,test
37711,65,269,train
37712,126,365,train
37713,297,257,test
37714,25,128,train
37715,6,305,test
37716,115,247,train
37717,481,52,train
37718,553,354,train
37719,51,688,train
37720,85,203,train
37721,665,353,train
37722,219,270,train
37723,588,139,test
37724,290,36,train
37725,411,127,test
37726,587,793,train
37727,211,660,test
37728,113,604,train
37729,262,267,train
37730,342,81,train
37731,181,458,train
37732,682,4,train
37733,599,737,train
37734,650,526,train
37735,62,140,train
37736,337,723,train
37737,321,188,train
37738,513,26,train
37739,181,252,train
37740,121,739,train
37741,368,717,train
37742,405,746,train
37743,94,409,train
37744,478,346,train
37745,161,485,test
37746,667,84,train
37747,53,460,train
37748,490,72,train
37749,156,513,train
37750,42,49,test
37751,106,763,train
37752,555,290,train
37753,566,255,train
37754,431,152,test
37755,344,474,train
37756,690,599,train
37757,773,199,train
37758,426,712,test
37759,691,797,train
37760,64,89,train
37761,482,393,train
37762,651,698,test
37763,41,99,train
37764,394,39,train
37765,426,710,train
37766,776,235,train
37767,152,579,train
37768,769,210,test
37769,327,481,train
37770,60,409,train
37771,206,37,test
37772,154,561,test
37773,533,740,test
37774,439,365,train
37775,85,332,train
37776,211,81,train
37777,34,31,train
37778,543,759,train
37779,282,164,train
37780,309,130,test
37781,128,787,train
37782,177,707,test
37783,688,8,train
37784,759,581,train
37785,686,439,train
37786,800,325,test
37787,774,397,train
37788,737,96,train
37789,562,404,test
37790,470,417,train
37791,607,584,train
37792,560,761,train
37793,94,243,test
37794,524,613,train
37795,11,252,train
37796,456,113,train
37797,52,300,train
37798,335,330,test
37799,631,134,train
37800,202,574,train
37801,542,219,train
37802,268,71,test
37803,532,164,train
37804,560,74,train
37805,227,95,train
37806,93,449,train
37807,201,681,train
37808,82,798,train
37809,790,771,train
37810,702,675,train
37811,3,37,train
37812,494,692,test
37813,160,746,train
37814,414,237,train
37815,214,98,train
37816,631,403,train
37817,400,729,train
37818,401,447,test
37819,304,290,train
37820,54,71,train
37821,254,411,train
37822,337,649,train
37823,562,63,train
37824,110,3,train
37825,796,60,test
37826,382,593,test
37827,663,504,train
37828,455,701,test
37829,106,257,train
37830,751,422,train
37831,544,118,train
37832,451,700,train
37833,328,798,train
37834,408,315,train
37835,640,180,train
37836,93,303,test
37837,55,658,train
37838,585,447,train
37839,79,363,test
37840,494,784,test
37841,180,65,train
37842,299,427,train
37843,4,767,test
37844,416,159,train
37845,600,528,train
37846,309,476,train
37847,610,738,test
37848,153,304,train
37849,267,756,train
37850,323,69,train
37851,705,768,train
37852,345,360,train
37853,134,254,train
37854,410,216,train
37855,577,677,train
37856,450,363,test
37857,713,426,train
37858,609,624,train
37859,316,794,train
37860,673,217,test
37861,478,288,train
37862,382,394,test
37863,178,712,train
37864,335,689,train
37865,584,500,train
37866,288,117,train
37867,332,399,train
37868,614,624,train
37869,327,51,train
37870,141,74,train
37871,162,369,train
37872,172,652,train
37873,417,504,test
37874,292,455,train
37875,232,800,train
37876,349,706,train
37877,229,234,train
37878,676,351,train
37879,496,142,test
37880,261,482,train
37881,155,463,test
37882,404,772,train
37883,660,244,train
37884,350,341,train
37885,60,501,train
37886,298,213,test
37887,507,380,test
37888,502,635,test
37889,73,555,train
37890,132,232,test
37891,211,363,test
37892,45,505,train
37893,48,225,test
37894,146,200,train
37895,693,526,train
37896,76,772,train
37897,268,588,train
37898,711,362,train
37899,400,462,train
37900,797,398,train
37901,85,200,train
37902,715,313,train
37903,284,265,test
37904,374,621,test
37905,148,288,train
37906,716,390,train
37907,349,75,train
37908,293,371,test
37909,582,591,train
37910,188,745,train
37911,576,29,test
37912,558,464,train
37913,758,370,train
37914,235,34,train
37915,228,7,train
37916,506,283,train
37917,293,285,train
37918,526,635,test
37919,357,5,test
37920,524,506,train
37921,161,234,train
37922,190,336,train
37923,260,546,train
37924,611,143,train
37925,719,293,train
37926,484,590,test
37927,260,590,train
37928,410,20,train
37929,588,744,test
37930,153,373,train
37931,644,48,train
37932,602,579,train
37933,571,73,test
37934,251,716,train
37935,491,692,train
37936,713,528,train
37937,108,644,train
37938,409,62,train
37939,774,94,train
37940,242,295,test
37941,719,666,test
37942,499,681,train
37943,25,155,train
37944,423,464,train
37945,667,372,train
37946,728,48,train
37947,550,543,train
37948,242,296,train
37949,116,92,train
37950,679,639,train
37951,779,702,train
37952,586,411,test
37953,498,4,train
37954,756,649,train
37955,533,465,train
37956,776,289,train
37957,461,422,train
37958,659,298,test
37959,114,784,test
37960,394,475,test
37961,95,443,train
37962,409,99,test
37963,34,597,test
37964,539,122,train
37965,229,129,train
37966,187,405,train
37967,587,561,test
37968,249,3,train
37969,258,370,train
37970,132,429,test
37971,717,435,train
37972,438,127,train
37973,286,99,train
37974,795,72,train
37975,259,437,train
37976,216,53,test
37977,386,684,train
37978,162,653,test
37979,239,9,test
37980,543,516,train
37981,256,257,train
37982,784,39,train
37983,471,226,train
37984,727,188,test
37985,586,326,train
37986,241,254,train
37987,495,111,train
37988,51,520,train
37989,417,473,train
37990,785,501,train
37991,387,37,train
37992,586,600,train
37993,578,628,train
37994,207,606,train
37995,431,370,train
37996,349,739,train
37997,133,238,train
37998,577,407,train
37999,124,457,test
38000,14,754,train
38001,687,373,train
38002,133,36,test
38003,692,527,train
38004,241,91,train
38005,359,367,train
38006,778,228,train
38007,118,114,train
38008,773,626,train
38009,593,522,train
38010,418,364,test
38011,486,142,train
38012,136,320,train
38013,173,634,train
38014,338,111,train
38015,299,22,train
38016,530,791,test
38017,453,309,train
38018,539,218,train
38019,209,731,train
38020,462,544,train
38021,29,762,train
38022,563,95,train
38023,341,117,train
38024,167,705,train
38025,207,463,train
38026,575,96,test
38027,181,654,train
38028,83,795,train
38029,22,547,test
38030,623,402,train
38031,204,104,train
38032,412,238,train
38033,328,184,test
38034,312,505,train
38035,643,165,train
38036,681,329,train
38037,334,439,train
38038,505,448,train
38039,545,572,test
38040,8,27,train
38041,543,225,train
38042,143,385,train
38043,628,92,train
38044,615,516,test
38045,749,609,train
38046,614,148,train
38047,708,297,train
38048,540,575,train
38049,294,310,train
38050,222,721,train
38051,176,258,train
38052,491,724,train
38053,208,168,train
38054,719,535,train
38055,248,28,test
38056,376,79,train
38057,484,696,train
38058,563,346,train
38059,218,135,train
38060,639,306,train
38061,719,640,train
38062,40,633,train
38063,363,670,train
38064,502,726,train
38065,740,502,train
38066,97,714,train
38067,49,368,test
38068,178,164,train
38069,344,459,test
38070,476,70,train
38071,625,368,train
38072,659,155,train
38073,412,276,train
38074,87,207,train
38075,764,541,train
38076,445,269,train
38077,461,4,train
38078,631,200,train
38079,1,131,train
38080,271,719,train
38081,458,508,train
38082,95,252,train
38083,247,349,train
38084,736,606,train
38085,402,154,train
38086,748,239,test
38087,80,524,train
38088,291,106,test
38089,533,305,train
38090,477,440,train
38091,362,571,test
38092,712,524,train
38093,13,784,test
38094,657,434,test
38095,118,789,train
38096,168,521,train
38097,685,303,train
38098,297,349,train
38099,762,379,train
38100,447,676,train
38101,411,69,test
38102,498,79,train
38103,449,23,train
38104,633,282,train
38105,42,414,test
38106,51,480,train
38107,473,668,train
38108,365,185,train
38109,634,36,train
38110,697,223,train
38111,402,242,train
38112,105,153,train
38113,151,455,test
38114,367,462,train
38115,150,713,train
38116,788,676,train
38117,171,734,train
38118,511,378,train
38119,707,647,test
38120,664,238,train
38121,500,746,train
38122,348,371,train
38123,713,417,train
38124,688,438,train
38125,384,293,train
38126,363,456,train
38127,450,547,test
38128,647,106,train
38129,362,650,train
38130,532,186,train
38131,120,3,test
38132,372,735,test
38133,53,350,train
38134,275,533,test
38135,531,663,train
38136,644,795,train
38137,678,677,test
38138,495,289,train
38139,316,667,test
38140,271,36,train
38141,43,327,test
38142,407,596,test
38143,382,458,test
38144,611,685,train
38145,792,467,train
38146,45,69,test
38147,175,11,train
38148,324,667,train
38149,299,380,test
38150,735,597,test
38151,407,354,train
38152,118,112,test
38153,14,169,train
38154,757,361,test
38155,485,669,train
38156,126,291,test
38157,240,394,train
38158,740,320,train
38159,384,513,train
38160,453,777,train
38161,54,136,train
38162,24,311,train
38163,247,92,train
38164,141,51,train
38165,214,738,train
38166,118,730,train
38167,42,553,train
38168,248,155,train
38169,664,496,train
38170,24,174,train
38171,312,196,train
38172,519,400,test
38173,602,245,train
38174,164,507,train
38175,209,375,train
38176,254,302,test
38177,25,249,train
38178,325,331,train
38179,381,739,train
38180,294,319,train
38181,309,491,train
38182,160,624,train
38183,355,623,train
38184,589,86,train
38185,732,423,test
38186,348,235,train
38187,715,355,train
38188,407,39,train
38189,713,606,test
38190,712,767,train
38191,227,777,train
38192,778,388,train
38193,377,260,train
38194,467,276,test
38195,714,141,train
38196,514,105,train
38197,616,177,train
38198,689,40,train
38199,436,281,train
38200,504,403,train
38201,695,615,train
38202,70,186,train
38203,603,799,test
38204,394,764,test
38205,154,612,train
38206,113,215,train
38207,112,140,train
38208,542,251,test
38209,723,747,train
38210,424,58,train
38211,503,7,train
38212,99,363,train
38213,121,269,train
38214,211,716,train
38215,239,52,train
38216,587,606,train
38217,572,154,train
38218,720,345,train
38219,301,686,train
38220,11,96,train
38221,382,492,train
38222,161,382,train
38223,635,461,test
38224,525,166,train
38225,333,57,train
38226,668,639,train
38227,350,777,train
38228,259,315,train
38229,544,710,test
38230,792,539,train
38231,681,243,train
38232,679,119,train
38233,191,22,train
38234,429,147,train
38235,438,428,test
38236,330,402,train
38237,177,319,test
38238,597,468,train
38239,215,626,train
38240,639,656,test
38241,233,178,test
38242,629,54,train
38243,640,766,train
38244,633,213,train
38245,310,592,train
38246,359,165,train
38247,797,711,train
38248,722,439,train
38249,114,674,train
38250,797,276,test
38251,309,239,train
38252,423,324,train
38253,361,448,train
38254,67,398,test
38255,769,790,train
38256,147,663,train
38257,71,737,train
38258,361,382,test
38259,541,35,train
38260,794,707,train
38261,610,276,train
38262,405,517,train
38263,388,608,train
38264,521,774,train
38265,91,29,train
38266,321,355,train
38267,721,216,train
38268,227,120,train
38269,349,191,train
38270,774,637,train
38271,737,617,train
38272,464,116,test
38273,543,471,train
38274,623,797,test
38275,135,539,test
38276,221,402,train
38277,43,355,train
38278,600,205,train
38279,516,36,train
38280,732,639,test
38281,272,570,train
38282,762,533,train
38283,687,24,train
38284,605,492,train
38285,683,794,test
38286,735,790,train
38287,511,448,train
38288,119,375,train
38289,669,136,test
38290,367,800,test
38291,508,167,train
38292,688,99,train
38293,759,106,train
38294,285,676,train
38295,604,82,train
38296,220,408,train
38297,76,627,train
38298,789,540,train
38299,481,573,train
38300,372,27,train
38301,612,281,test
38302,336,609,train
38303,638,165,train
38304,55,286,train
38305,670,493,train
38306,460,365,test
38307,171,258,test
38308,702,313,train
38309,681,504,train
38310,305,603,train
38311,220,102,test
38312,729,588,train
38313,192,667,train
38314,413,724,train
38315,325,669,train
38316,315,660,train
38317,674,743,train
38318,628,494,test
38319,228,531,test
38320,743,300,train
38321,320,294,train
38322,507,564,train
38323,158,707,train
38324,19,695,test
38325,539,528,train
38326,120,542,train
38327,218,372,train
38328,6,126,train
38329,260,477,train
38330,472,619,test
38331,238,702,test
38332,627,230,test
38333,306,152,train
38334,270,87,test
38335,430,331,train
38336,694,267,test
38337,733,303,train
38338,179,758,train
38339,293,654,test
38340,667,663,train
38341,647,443,train
38342,290,278,train
38343,98,525,train
38344,245,735,test
38345,245,18,train
38346,651,523,train
38347,470,3,train
38348,119,295,train
38349,399,703,train
38350,507,290,train
38351,86,729,train
38352,574,433,train
38353,507,533,train
38354,53,38,train
38355,480,488,train
38356,398,355,train
38357,628,212,train
38358,475,708,train
38359,17,467,train
38360,576,467,test
38361,375,766,train
38362,574,160,train
38363,446,237,test
38364,295,229,test
38365,526,196,train
38366,553,694,train
38367,298,53,train
38368,21,644,train
38369,631,40,train
38370,596,638,train
38371,548,131,test
38372,664,120,train
38373,616,312,train
38374,777,321,train
38375,446,742,train
38376,724,327,train
38377,552,506,train
38378,673,186,train
38379,520,798,train
38380,679,173,test
38381,340,482,train
38382,176,532,train
38383,296,250,train
38384,67,706,test
38385,578,696,test
38386,727,335,train
38387,742,91,test
38388,252,72,train
38389,340,108,test
38390,180,287,train
38391,304,109,train
38392,80,523,train
38393,339,145,train
38394,519,508,train
38395,215,665,train
38396,102,95,train
38397,397,694,test
38398,420,261,train
38399,577,594,train
38400,536,739,train
38401,705,524,test
38402,278,552,test
38403,736,344,train
38404,430,312,train
38405,520,535,train
38406,596,334,train
38407,161,130,train
38408,367,587,train
38409,187,41,train
38410,453,730,train
38411,256,338,train
38412,710,753,train
38413,32,560,train
38414,273,536,train
38415,459,592,train
38416,630,257,train
38417,416,515,test
38418,542,761,train
38419,527,273,train
38420,19,225,train
38421,456,447,train
38422,765,508,train
38423,13,179,train
38424,290,663,train
38425,91,797,train
38426,440,769,train
38427,441,18,train
38428,330,5,train
38429,110,693,train
38430,355,362,train
38431,625,528,train
38432,688,593,test
38433,643,722,train
38434,312,414,train
38435,369,532,train
38436,733,375,train
38437,636,84,train
38438,54,163,train
38439,404,505,test
38440,700,738,test
38441,234,97,train
38442,237,796,test
38443,375,196,train
38444,650,169,train
38445,146,311,train
38446,700,47,train
38447,22,134,train
38448,74,500,train
38449,442,530,train
38450,512,666,test
38451,79,735,train
38452,367,746,train
38453,237,122,train
38454,347,514,train
38455,154,293,train
38456,307,143,train
38457,204,596,test
38458,460,96,test
38459,729,43,train
38460,176,656,test
38461,689,688,train
38462,272,375,train
38463,545,344,train
38464,141,265,train
38465,473,265,train
38466,432,414,train
38467,429,124,train
38468,786,487,train
38469,377,747,train
38470,58,612,train
38471,543,601,train
38472,378,553,train
38473,612,73,train
38474,464,341,train
38475,437,49,train
38476,388,201,test
38477,82,585,train
38478,564,425,train
38479,701,493,train
38480,522,449,train
38481,542,292,train
38482,572,779,train
38483,26,386,train
38484,428,403,test
38485,629,280,train
38486,759,83,train
38487,444,186,test
38488,766,736,train
38489,647,607,train
38490,114,770,train
38491,15,374,train
38492,71,210,train
38493,595,550,train
38494,252,328,train
38495,140,326,train
38496,568,684,train
38497,649,470,train
38498,622,504,train
38499,445,263,test
38500,390,614,train
38501,178,728,train
38502,223,693,train
38503,123,312,train
38504,757,89,train
38505,706,306,train
38506,122,338,train
38507,343,613,train
38508,129,319,train
38509,678,338,train
38510,753,656,test
38511,449,290,train
38512,124,405,train
38513,402,472,train
38514,516,210,train
38515,151,574,test
38516,636,157,train
38517,800,623,train
38518,286,29,test
38519,217,412,train
38520,477,341,train
38521,667,439,train
38522,460,53,train
38523,629,319,train
38524,212,770,train
38525,357,331,test
38526,259,712,train
38527,495,574,train
38528,364,32,train
38529,643,301,train
38530,729,143,train
38531,715,219,test
38532,513,662,train
38533,505,380,train
38534,544,268,train
38535,327,768,train
38536,334,786,test
38537,693,344,train
38538,72,69,train
38539,435,780,train
38540,519,199,train
38541,160,738,train
38542,753,191,train
38543,88,486,train
38544,311,227,train
38545,385,791,train
38546,132,497,train
38547,487,158,train
38548,71,172,train
38549,712,128,train
38550,196,623,test
38551,206,756,train
38552,51,737,train
38553,224,318,test
38554,266,690,train
38555,132,137,train
38556,467,199,train
38557,786,43,train
38558,577,245,train
38559,67,542,train
38560,116,402,train
38561,525,630,train
38562,379,74,train
38563,246,632,test
38564,390,59,train
38565,784,693,train
38566,660,626,train
38567,98,317,train
38568,675,539,train
38569,198,40,test
38570,383,420,train
38571,793,175,train
38572,586,767,test
38573,149,597,train
38574,273,490,train
38575,733,488,train
38576,586,60,train
38577,110,663,train
38578,645,32,test
38579,275,102,train
38580,202,505,train
38581,224,663,train
38582,9,321,train
38583,488,496,train
38584,58,219,train
38585,1,338,train
38586,503,438,train
38587,777,430,train
38588,773,302,train
38589,50,688,train
38590,552,163,train
38591,313,559,train
38592,486,792,train
38593,724,507,train
38594,97,297,train
38595,509,27,train
38596,588,591,test
38597,381,700,train
38598,138,460,train
38599,287,216,test
38600,255,377,train
38601,747,304,train
38602,336,467,train
38603,353,126,train
38604,283,461,test
38605,56,540,train
38606,773,328,train
38607,301,189,train
38608,734,744,train
38609,638,152,train
38610,178,705,train
38611,636,595,test
38612,122,116,train
38613,455,680,train
38614,255,486,test
38615,321,472,test
38616,195,461,train
38617,10,47,train
38618,23,475,test
38619,674,87,train
38620,175,134,test
38621,113,303,test
38622,732,131,train
38623,552,55,train
38624,320,762,train
38625,515,115,train
38626,123,698,train
38627,748,720,train
38628,36,596,test
38629,423,675,test
38630,772,715,train
38631,96,51,train
38632,124,690,train
38633,259,204,train
38634,36,96,train
38635,184,562,train
38636,115,278,test
38637,11,474,train
38638,198,689,train
38639,674,581,train
38640,622,82,train
38641,302,761,train
38642,379,9,train
38643,321,532,train
38644,684,539,test
38645,441,122,test
38646,131,25,train
38647,363,115,train
38648,206,774,train
38649,457,742,train
38650,197,474,train
38651,266,555,train
38652,572,32,train
38653,332,265,train
38654,106,259,test
38655,371,426,train
38656,581,425,train
38657,161,755,train
38658,99,462,train
38659,599,283,train
38660,592,365,train
38661,53,603,train
38662,104,217,train
38663,472,703,train
38664,742,259,train
38665,101,230,train
38666,787,594,train
38667,24,749,test
38668,791,2,train
38669,589,726,train
38670,304,507,train
38671,169,739,train
38672,376,439,train
38673,130,692,train
38674,771,358,train
38675,729,384,train
38676,706,234,test
38677,508,179,train
38678,553,657,train
38679,260,780,train
38680,640,772,train
38681,728,588,test
38682,737,435,train
38683,510,390,train
38684,222,707,test
38685,3,47,test
38686,761,401,train
38687,104,431,train
38688,626,50,test
38689,229,96,test
38690,726,225,train
38691,308,691,test
38692,121,469,train
38693,179,361,train
38694,641,555,train
38695,706,127,train
38696,673,314,train
38697,592,177,train
38698,196,176,train
38699,654,421,train
38700,107,776,train
38701,426,69,train
38702,530,69,train
38703,223,308,train
38704,622,293,train
38705,65,135,train
38706,718,515,train
38707,214,75,train
38708,691,205,train
38709,746,493,train
38710,344,389,test
38711,528,610,train
38712,275,202,test
38713,578,264,train
38714,313,788,train
38715,95,37,train
38716,472,132,train
38717,152,753,test
38718,376,471,train
38719,417,598,test
38720,503,45,train
38721,409,585,test
38722,319,113,train
38723,305,605,train
38724,799,158,train
38725,461,446,train
38726,764,219,train
38727,272,264,train
38728,680,677,train
38729,240,302,test
38730,537,534,train
38731,133,393,train
38732,199,205,train
38733,113,587,test
38734,2,396,test
38735,100,214,train
38736,127,438,train
38737,240,112,train
38738,764,769,train
38739,75,444,test
38740,365,182,train
38741,698,321,train
38742,151,788,train
38743,456,36,train
38744,172,327,train
38745,696,702,train
38746,522,104,test
38747,696,325,train
38748,128,668,train
38749,559,461,train
38750,335,231,train
38751,572,427,train
38752,659,286,train
38753,91,730,train
38754,221,788,train
38755,387,56,train
38756,362,166,test
38757,677,578,test
38758,18,753,train
38759,314,151,train
38760,535,343,train
38761,53,257,train
38762,414,393,train
38763,496,549,train
38764,781,611,train
38765,267,202,test
38766,514,105,train
38767,238,159,train
38768,690,647,train
38769,453,281,test
38770,374,400,train
38771,537,790,train
38772,367,478,test
38773,92,176,test
38774,689,168,train
38775,567,294,train
38776,610,577,train
38777,506,338,train
38778,314,563,train
38779,76,697,train
38780,483,548,train
38781,546,57,train
38782,543,541,train
38783,784,514,train
38784,439,771,test
38785,474,652,train
38786,65,464,train
38787,180,679,test
38788,682,175,train
38789,286,173,train
38790,544,225,train
38791,494,565,train
38792,376,682,train
38793,139,486,train
38794,218,781,train
38795,625,37,train
38796,300,647,train
38797,545,275,train
38798,493,82,train
38799,621,719,test
38800,91,79,train
38801,285,130,train
38802,417,392,train
38803,282,275,train
38804,414,444,train
38805,117,361,train
38806,123,133,train
38807,795,687,train
38808,501,415,train
38809,306,190,train
38810,692,669,train
38811,718,437,train
38812,43,95,train
38813,606,22,test
38814,746,780,train
38815,328,342,test
38816,404,345,train
38817,185,588,test
38818,281,171,train
38819,149,626,train
38820,302,149,train
38821,701,553,train
38822,113,281,train
38823,400,134,train
38824,55,240,train
38825,39,169,test
38826,239,372,test
38827,430,475,train
38828,692,109,train
38829,354,20,train
38830,2,616,test
38831,522,481,train
38832,71,659,test
38833,484,394,train
38834,636,471,train
38835,415,635,test
38836,348,316,train
38837,680,675,train
38838,771,773,train
38839,425,658,train
38840,282,173,train
38841,283,341,test
38842,295,9,train
38843,756,458,train
38844,247,657,test
38845,434,580,train
38846,671,166,train
38847,223,641,train
38848,96,792,test
38849,647,418,train
38850,311,127,train
38851,286,414,train
38852,300,245,train
38853,83,602,train
38854,259,49,train
38855,436,410,train
38856,141,208,train
38857,486,590,train
38858,185,586,train
38859,791,376,train
38860,647,229,train
38861,288,699,train
38862,29,436,train
38863,777,790,train
38864,166,270,train
38865,305,87,train
38866,50,86,train
38867,50,709,test
38868,120,280,train
38869,359,696,train
38870,25,396,train
38871,119,74,train
38872,634,325,train
38873,640,614,train
38874,91,795,train
38875,633,755,train
38876,451,724,train
38877,299,381,train
38878,77,315,train
38879,780,82,train
38880,228,364,train
38881,740,328,train
38882,712,659,train
38883,147,634,train
38884,641,555,train
38885,188,323,test
38886,625,337,train
38887,364,714,train
38888,136,38,train
38889,468,371,train
38890,448,772,train
38891,604,275,test
38892,510,663,train
38893,23,700,train
38894,333,56,train
38895,13,299,train
38896,180,117,train
38897,494,365,train
38898,575,651,train
38899,672,777,test
38900,489,717,train
38901,686,181,train
38902,52,755,test
38903,210,168,train
38904,600,44,train
38905,470,341,train
38906,644,149,train
38907,241,248,train
38908,137,184,train
38909,610,45,train
38910,783,666,train
38911,218,15,train
38912,139,285,train
38913,129,580,test
38914,732,525,train
38915,30,192,train
38916,69,603,train
38917,613,661,train
38918,65,23,train
38919,608,333,train
38920,336,232,train
38921,48,132,train
38922,180,652,train
38923,791,570,test
38924,604,100,train
38925,360,63,train
38926,194,579,train
38927,203,449,train
38928,762,680,train
38929,639,774,train
38930,316,166,train
38931,444,652,train
38932,120,491,test
38933,124,504,train
38934,146,469,train
38935,264,29,train
38936,551,200,train
38937,525,123,test
38938,228,674,test
38939,427,458,train
38940,518,254,train
38941,588,561,train
38942,743,421,train
38943,626,234,train
38944,399,715,train
38945,773,726,train
38946,178,152,train
38947,223,248,train
38948,557,738,train
38949,762,247,train
38950,542,362,train
38951,401,329,train
38952,432,437,train
38953,110,151,train
38954,704,748,train
38955,647,4,train
38956,470,136,test
38957,150,459,test
38958,378,505,train
38959,160,325,test
38960,141,287,test
38961,350,278,train
38962,731,599,train
38963,9,532,train
38964,71,550,train
38965,332,53,train
38966,785,268,test
38967,45,53,train
38968,698,478,test
38969,273,374,test
38970,620,612,train
38971,445,621,train
38972,473,600,train
38973,669,543,train
38974,697,396,train
38975,55,242,train
38976,277,312,train
38977,650,707,train
38978,218,711,train
38979,584,631,train
38980,485,701,train
38981,627,39,train
38982,757,22,train
38983,372,438,train
38984,70,663,train
38985,446,321,train
38986,442,470,train
38987,425,681,train
38988,554,192,train
38989,109,98,train
38990,162,213,train
38991,134,21,train
38992,526,663,train
38993,416,783,test
38994,569,430,train
38995,116,533,train
38996,410,141,test
38997,323,73,train
38998,54,305,train
38999,669,681,train
39000,265,251,test
39001,421,422,train
39002,115,428,test
39003,371,325,train
39004,329,566,train
39005,470,317,train
39006,784,745,train
39007,772,172,train
39008,528,43,train
39009,345,368,train
39010,372,34,train
39011,425,101,train
39012,142,313,train
39013,98,716,train
39014,29,439,train
39015,716,606,train
39016,352,790,train
39017,142,222,test
39018,256,25,train
39019,772,104,train
39020,464,533,test
39021,56,279,train
39022,667,374,train
39023,476,602,test
39024,748,167,train
39025,501,102,test
39026,507,301,test
39027,181,558,train
39028,169,497,test
39029,166,463,train
39030,377,593,test
39031,436,351,train
39032,129,110,train
39033,730,539,train
39034,122,168,train
39035,22,207,train
39036,572,522,train
39037,766,418,train
39038,318,429,train
39039,10,336,test
39040,566,641,train
39041,593,129,train
39042,502,431,train
39043,348,385,train
39044,3,668,train
39045,103,369,train
39046,784,405,train
39047,402,486,train
39048,505,115,train
39049,649,758,train
39050,372,352,train
39051,452,514,test
39052,435,541,train
39053,216,505,train
39054,460,676,train
39055,432,214,train
39056,701,126,train
39057,619,202,train
39058,751,632,train
39059,34,406,train
39060,647,621,train
39061,351,573,train
39062,243,699,train
39063,368,521,train
39064,430,141,train
39065,765,379,test
39066,37,428,train
39067,366,668,train
39068,82,201,train
39069,379,133,train
39070,762,169,train
39071,341,68,train
39072,62,163,test
39073,324,51,train
39074,407,274,train
39075,155,439,train
39076,706,469,train
39077,122,747,train
39078,764,62,test
39079,363,781,train
39080,731,334,train
39081,302,348,train
39082,47,104,train
39083,93,88,train
39084,452,177,train
39085,189,723,test
39086,377,466,train
39087,650,579,train
39088,386,241,test
39089,524,529,train
39090,441,51,test
39091,425,402,train
39092,342,462,test
39093,31,745,test
39094,281,397,train
39095,212,330,test
39096,686,185,train
39097,87,349,train
39098,428,279,train
39099,305,376,train
39100,523,22,train
39101,681,605,train
39102,309,557,train
39103,245,567,train
39104,148,474,train
39105,564,684,train
39106,694,681,train
39107,324,327,test
39108,668,301,train
39109,176,166,train
39110,721,315,train
39111,719,438,test
39112,89,604,train
39113,704,682,train
39114,392,167,train
39115,337,488,train
39116,245,597,train
39117,787,18,train
39118,729,146,train
39119,708,502,test
39120,355,143,test
39121,372,671,train
39122,334,269,train
39123,313,784,train
39124,36,440,train
39125,133,289,train
39126,291,158,train
39127,209,22,train
39128,285,380,train
39129,753,105,train
39130,799,6,train
39131,633,425,train
39132,328,796,train
39133,80,724,train
39134,484,413,test
39135,490,34,train
39136,42,82,train
39137,388,203,train
39138,502,376,train
39139,725,550,train
39140,291,138,train
39141,557,285,test
39142,578,495,test
39143,187,73,test
39144,671,439,train
39145,172,441,test
39146,694,248,train
39147,775,124,train
39148,256,434,train
39149,169,439,test
39150,771,294,train
39151,248,551,test
39152,30,268,train
39153,152,604,test
39154,32,170,train
39155,749,756,test
39156,153,286,train
39157,29,415,train
39158,220,468,train
39159,406,125,train
39160,335,99,train
39161,332,592,train
39162,563,780,train
39163,573,233,train
39164,338,21,train
39165,377,178,train
39166,448,265,test
39167,464,796,train
39168,354,400,train
39169,285,668,test
39170,427,625,train
39171,629,770,train
39172,182,131,train
39173,731,30,train
39174,398,644,train
39175,507,338,test
39176,339,751,train
39177,312,485,train
39178,418,97,train
39179,462,169,train
39180,442,295,train
39181,431,510,train
39182,779,520,train
39183,302,297,train
39184,501,605,train
39185,224,560,train
39186,380,58,train
39187,488,705,train
39188,654,614,train
39189,484,671,train
39190,506,328,train
39191,352,19,train
39192,347,45,train
39193,333,263,train
39194,645,516,train
39195,41,271,train
39196,143,435,train
39197,151,706,train
39198,696,336,test
39199,207,692,train
39200,84,375,train
39201,349,22,train
39202,229,539,train
39203,390,797,train
39204,408,263,train
39205,352,552,test
39206,15,45,train
39207,178,622,test
39208,705,304,train
39209,560,469,test
39210,463,270,train
39211,29,109,train
39212,182,388,train
39213,700,107,train
39214,784,16,train
39215,737,241,train
39216,596,591,test
39217,357,396,train
39218,681,627,train
39219,20,511,train
39220,696,541,train
39221,438,127,train
39222,493,750,train
39223,410,344,train
39224,510,375,train
39225,129,398,test
39226,662,246,test
39227,446,294,test
39228,564,287,test
39229,629,10,train
39230,795,420,train
39231,460,698,train
39232,588,412,train
39233,120,758,train
39234,141,263,train
39235,76,471,train
39236,598,330,test
39237,424,219,train
39238,352,614,test
39239,112,18,train
39240,324,693,train
39241,332,612,train
39242,652,182,test
39243,671,501,train
39244,303,166,train
39245,56,575,test
39246,697,96,train
39247,528,167,test
39248,623,201,train
39249,628,687,train
39250,206,408,train
39251,245,711,train
39252,60,253,train
39253,379,394,train
39254,143,528,train
39255,228,719,test
39256,527,673,train
39257,93,18,train
39258,751,171,train
39259,694,349,train
39260,32,762,train
39261,507,241,test
39262,176,262,train
39263,263,210,test
39264,327,354,train
39265,141,208,train
39266,699,708,train
39267,244,543,train
39268,723,288,train
39269,451,32,train
39270,697,583,test
39271,123,259,train
39272,370,424,test
39273,325,664,test
39274,11,26,train
39275,401,286,train
39276,584,220,train
39277,286,212,train
39278,582,248,train
39279,164,630,train
39280,367,650,train
39281,361,319,test
39282,691,164,train
39283,698,226,train
39284,368,588,train
39285,256,51,test
39286,714,744,train
39287,416,274,train
39288,794,50,test
39289,390,175,train
39290,157,366,test
39291,315,787,train
39292,491,650,train
39293,532,205,train
39294,38,171,train
39295,567,755,train
39296,201,135,train
39297,200,88,train
39298,157,753,test
39299,344,628,train
39300,320,722,train
39301,372,95,train
39302,521,50,train
39303,546,646,train
39304,311,370,train
39305,280,23,train
39306,127,672,train
39307,55,270,train
39308,285,155,test
39309,603,229,test
39310,130,440,train
39311,195,791,train
39312,496,657,train
39313,121,140,train
39314,65,100,train
39315,800,775,train
39316,168,777,train
39317,131,40,train
39318,518,690,train
39319,476,380,train
39320,577,77,train
39321,611,205,train
39322,316,76,train
39323,580,68,train
39324,166,4,train
39325,707,562,test
39326,699,163,train
39327,65,311,train
39328,222,13,train
39329,537,182,train
39330,757,27,train
39331,769,272,train
39332,772,103,train
39333,147,148,train
39334,8,604,train
39335,86,77,test
39336,484,595,train
39337,521,518,train
39338,257,51,test
39339,542,278,train
39340,339,510,train
39341,407,237,train
39342,392,461,train
39343,142,713,train
39344,705,651,test
39345,558,539,train
39346,163,269,train
39347,23,692,test
39348,390,418,train
39349,32,617,train
39350,31,582,train
39351,418,278,train
39352,768,179,train
39353,689,541,test
39354,621,193,train
39355,624,154,train
39356,21,567,train
39357,582,715,train
39358,36,678,train
39359,789,485,train
39360,665,54,train
39361,643,784,train
39362,749,347,train
39363,192,689,train
39364,315,134,train
39365,699,282,train
39366,202,170,train
39367,253,108,train
39368,741,242,train
39369,216,420,train
39370,680,770,train
39371,358,533,train
39372,307,219,train
39373,667,137,train
39374,190,343,train
39375,140,568,train
39376,511,625,train
39377,470,439,train
39378,3,563,train
39379,45,387,train
39380,405,180,train
39381,228,361,train
39382,127,613,train
39383,89,338,train
39384,451,362,train
39385,213,303,train
39386,300,713,test
39387,661,421,test
39388,505,504,train
39389,340,638,train
39390,691,451,train
39391,623,10,train
39392,262,546,train
39393,775,710,train
39394,132,484,train
39395,400,631,train
39396,586,716,train
39397,358,788,test
39398,461,486,train
39399,217,751,train
39400,390,540,train
39401,578,254,test
39402,300,334,train
39403,379,575,train
39404,612,53,test
39405,69,229,train
39406,1,43,train
39407,659,415,train
39408,366,370,train
39409,378,683,train
39410,435,634,train
39411,493,167,train
39412,386,369,train
39413,675,629,train
39414,719,256,train
39415,568,175,train
39416,590,283,test
39417,644,356,train
39418,445,734,train
39419,415,96,train
39420,429,755,train
39421,400,620,train
39422,38,304,train
39423,186,378,train
39424,489,85,test
39425,306,551,test
39426,605,180,train
39427,126,452,train
39428,411,219,train
39429,777,87,test
39430,204,690,test
39431,654,679,train
39432,39,258,train
39433,456,73,train
39434,116,210,train
39435,217,470,test
39436,414,468,test
39437,760,71,train
39438,175,597,train
39439,665,724,train
39440,194,171,train
39441,42,586,train
39442,487,420,train
39443,528,587,train
39444,137,353,test
39445,165,512,test
39446,651,721,train
39447,300,625,train
39448,643,518,train
39449,633,662,train
39450,758,304,test
39451,578,308,train
39452,575,518,train
39453,673,469,train
39454,392,362,train
39455,254,153,train
39456,96,20,train
39457,498,638,train
39458,642,494,train
39459,667,494,train
39460,654,752,train
39461,62,150,test
39462,149,467,test
39463,591,778,test
39464,160,510,train
39465,73,677,train
39466,281,408,train
39467,44,365,train
39468,573,714,train
39469,611,558,train
39470,702,412,train
39471,497,714,train
39472,748,359,test
39473,45,719,test
39474,120,436,train
39475,98,660,train
39476,377,279,train
39477,674,396,train
39478,775,320,train
39479,121,471,train
39480,241,303,train
39481,331,764,train
39482,97,673,train
39483,231,128,train
39484,440,590,train
39485,216,262,train
39486,549,571,train
39487,65,385,train
39488,360,123,test
39489,86,68,test
39490,436,751,train
39491,663,343,train
39492,583,459,train
39493,714,194,train
39494,254,272,train
39495,490,391,train
39496,319,423,train
39497,599,619,test
39498,245,557,train
39499,673,73,train
39500,351,721,train
39501,185,20,train
39502,86,495,train
39503,656,304,train
39504,271,381,train
39505,543,762,train
39506,389,13,train
39507,155,672,train
39508,10,561,train
39509,351,319,train
39510,80,396,test
39511,53,208,test
39512,597,56,test
39513,451,646,train
39514,589,210,train
39515,647,651,train
39516,627,643,train
39517,426,87,train
39518,715,520,train
39519,685,756,train
39520,544,628,train
39521,746,185,train
39522,742,606,train
39523,561,43,train
39524,623,779,train
39525,253,668,train
39526,132,551,test
39527,613,301,test
39528,16,135,train
39529,719,422,train
39530,299,32,test
39531,673,234,train
39532,106,737,test
39533,794,557,train
39534,547,225,train
39535,13,228,train
39536,611,776,train
39537,688,304,train
39538,391,742,test
39539,600,282,test
39540,159,257,train
39541,449,513,train
39542,289,789,train
39543,70,244,train
39544,403,117,test
39545,779,544,train
39546,193,677,test
39547,138,688,train
39548,436,139,train
39549,392,305,test
39550,641,756,train
39551,505,596,train
39552,780,232,train
39553,164,226,train
39554,517,664,train
39555,25,576,test
39556,166,424,train
39557,649,346,train
39558,130,238,train
39559,413,57,train
39560,769,663,train
39561,777,678,train
39562,482,614,train
39563,710,357,train
39564,285,208,train
39565,413,233,train
39566,182,613,train
39567,338,16,train
39568,204,698,test
39569,7,640,test
39570,344,292,train
39571,307,40,test
39572,720,200,train
39573,792,667,test
39574,579,345,train
39575,617,154,train
39576,161,705,train
39577,387,488,test
39578,738,665,train
39579,57,532,train
39580,243,592,train
39581,161,570,train
39582,679,547,test
39583,668,616,train
39584,586,133,train
39585,298,761,train
39586,478,796,test
39587,576,659,train
39588,226,68,test
39589,60,617,test
39590,698,653,train
39591,58,580,test
39592,574,288,train
39593,224,566,train
39594,148,632,test
39595,7,754,train
39596,211,613,train
39597,566,124,test
39598,320,543,train
39599,716,581,test
39600,426,184,train
39601,409,215,train
39602,177,308,test
39603,720,744,train
39604,522,314,train
39605,579,296,test
39606,307,195,train
39607,547,690,test
39608,174,791,train
39609,579,291,train
39610,541,699,train
39611,758,607,train
39612,786,11,train
39613,437,140,train
39614,204,753,train
39615,223,319,train
39616,350,397,train
39617,393,455,test
39618,94,263,train
39619,614,242,train
39620,403,444,train
39621,615,365,test
39622,59,444,train
39623,118,141,train
39624,221,81,train
39625,695,579,train
39626,748,159,train
39627,126,1,train
39628,560,94,test
39629,439,409,train
39630,542,229,train
39631,699,219,train
39632,495,366,train
39633,119,164,test
39634,731,626,train
39635,93,514,train
39636,609,723,test
39637,800,472,train
39638,101,783,train
39639,450,74,train
39640,529,334,test
39641,360,628,train
39642,30,63,train
39643,480,449,train
39644,442,205,train
39645,496,497,train
39646,394,502,test
39647,98,698,train
39648,692,794,train
39649,223,45,train
39650,639,628,train
39651,197,440,train
39652,60,773,train
39653,22,312,train
39654,797,210,train
39655,753,452,test
39656,531,175,test
39657,329,666,train
39658,783,329,train
39659,395,369,train
39660,608,298,train
39661,568,785,train
39662,381,447,train
39663,309,375,train
39664,688,32,train
39665,62,785,train
39666,682,754,test
39667,52,727,train
39668,519,652,train
39669,575,86,train
39670,441,699,train
39671,315,596,train
39672,582,268,train
39673,410,532,test
39674,587,718,train
39675,629,469,test
39676,316,76,train
39677,441,179,train
39678,340,187,test
39679,770,458,train
39680,730,582,train
39681,179,706,train
39682,292,370,train
39683,188,730,train
39684,568,647,train
39685,181,184,train
39686,732,495,train
39687,264,553,test
39688,86,788,train
39689,162,467,train
39690,262,762,train
39691,38,676,train
39692,554,502,train
39693,247,598,train
39694,61,41,train
39695,134,487,train
39696,72,512,test
39697,179,553,train
39698,116,261,train
39699,260,338,train
39700,616,699,train
39701,762,486,train
39702,668,453,train
39703,351,309,train
39704,476,452,train
39705,360,301,train
39706,585,104,test
39707,210,361,train
39708,486,485,test
39709,580,755,train
39710,532,76,train
39711,358,645,train
39712,261,243,test
39713,386,278,test
39714,511,476,train
39715,647,473,train
39716,318,569,train
39717,535,9,train
39718,647,230,test
39719,70,130,train
39720,171,197,train
39721,284,513,train
39722,230,254,train
39723,643,724,train
39724,190,481,train
39725,281,656,train
39726,52,272,train
39727,364,327,train
39728,673,394,train
39729,723,330,train
39730,130,673,train
39731,341,114,train
39732,649,340,train
39733,137,13,train
39734,702,794,train
39735,604,306,train
39736,208,212,train
39737,496,591,train
39738,437,259,train
39739,477,11,train
39740,736,307,test
39741,26,160,train
39742,691,585,train
39743,712,328,train
39744,139,225,test
39745,390,204,train
39746,610,59,test
39747,679,317,train
39748,174,343,test
39749,80,49,train
39750,19,755,train
39751,599,581,test
39752,391,695,train
39753,450,433,train
39754,415,489,test
39755,537,237,test
39756,793,366,test
39757,43,156,train
39758,711,551,train
39759,141,223,train
39760,323,206,train
39761,31,416,train
39762,577,635,train
39763,686,338,train
39764,351,348,train
39765,123,272,train
39766,742,697,train
39767,173,490,train
39768,632,773,train
39769,756,705,train
39770,317,245,train
39771,400,344,train
39772,391,441,train
39773,515,546,train
39774,604,43,train
39775,375,133,train
39776,405,790,train
39777,518,357,train
39778,317,219,train
39779,761,383,train
39780,59,373,train
39781,152,400,test
39782,450,639,train
39783,770,195,train
39784,632,698,test
39785,623,70,train
39786,415,365,train
39787,281,141,train
39788,653,55,train
39789,387,108,train
39790,637,588,train
39791,232,555,train
39792,163,720,train
39793,657,297,train
39794,290,81,train
39795,6,170,train
39796,257,674,test
39797,584,692,test
39798,746,103,train
39799,613,710,train
39800,308,125,train
39801,299,4,train
39802,733,561,test
39803,81,159,test
39804,189,466,train
39805,435,8,train
39806,193,544,train
39807,612,70,test
39808,476,54,train
39809,549,445,train
39810,477,150,train
39811,481,270,train
39812,586,576,train
39813,11,130,train
39814,108,5,train
39815,120,75,test
39816,252,570,train
39817,217,714,train
39818,195,118,test
39819,423,531,train
39820,754,660,train
39821,726,731,train
39822,376,708,train
39823,109,430,train
39824,165,190,train
39825,703,307,train
39826,601,532,train
39827,713,759,train
39828,721,598,test
39829,65,724,test
39830,463,233,test
39831,328,736,train
39832,81,295,train
39833,699,648,train
39834,502,128,train
39835,376,411,train
39836,174,287,train
39837,178,248,train
39838,786,520,train
39839,156,298,train
39840,223,346,train
39841,793,746,train
39842,259,717,train
39843,527,9,train
39844,97,689,train
39845,141,120,train
39846,636,600,train
39847,667,389,train
39848,439,385,train
39849,219,785,train
39850,502,143,test
39851,444,156,train
39852,547,4,train
39853,325,362,train
39854,292,706,test
39855,281,350,train
39856,719,346,train
39857,77,523,test
39858,84,596,train
39859,63,758,train
39860,93,515,train
39861,493,599,test
39862,709,182,test
39863,379,126,train
39864,334,570,train
39865,230,638,test
39866,208,523,train
39867,599,772,train
39868,649,686,train
39869,685,380,train
39870,647,523,train
39871,326,676,train
39872,138,613,test
39873,788,347,train
39874,464,38,train
39875,11,734,train
39876,313,64,train
39877,638,131,test
39878,580,668,test
39879,104,381,train
39880,323,695,train
39881,349,720,train
39882,246,351,test
39883,494,493,train
39884,716,386,train
39885,503,784,train
39886,657,377,test
39887,142,228,train
39888,400,698,test
39889,648,473,test
39890,457,738,train
39891,295,644,train
39892,315,511,train
39893,427,304,train
39894,378,325,train
39895,138,217,test
39896,514,763,train
39897,113,584,test
39898,754,781,train
39899,145,742,train
39900,354,264,test
39901,410,513,train
39902,166,271,train
39903,747,653,test
39904,754,52,train
39905,444,287,train
39906,427,651,train
39907,410,10,train
39908,441,150,train
39909,212,247,test
39910,355,316,train
39911,127,570,train
39912,184,242,test
39913,486,753,train
39914,128,609,train
39915,598,674,train
39916,307,752,test
39917,517,241,train
39918,736,298,train
39919,7,681,train
39920,350,30,train
39921,97,58,test
39922,770,378,train
39923,56,65,train
39924,199,3,train
39925,510,323,test
39926,468,393,train
39927,668,760,train
39928,196,729,train
39929,298,580,train
39930,99,319,train
39931,227,501,test
39932,510,162,test
39933,135,482,train
39934,581,595,train
39935,698,632,test
39936,314,242,train
39937,359,398,test
39938,271,311,train
39939,466,699,train
39940,751,213,test
39941,758,459,test
39942,60,509,train
39943,111,247,train
39944,224,727,train
39945,306,22,train
39946,340,788,train
39947,442,463,train
39948,599,175,train
39949,114,454,test
39950,676,766,train
39951,525,6,test
39952,284,25,train
39953,341,218,train
39954,592,110,train
39955,646,758,train
39956,449,425,train
39957,221,138,train
39958,298,759,train
39959,422,285,train
39960,597,103,train
39961,357,374,train
39962,154,333,train
39963,486,548,train
39964,625,522,train
39965,767,574,train
39966,486,624,test
39967,745,251,train
39968,124,638,train
39969,124,567,train
39970,730,321,train
39971,157,449,train
39972,53,106,test
39973,429,542,train
39974,277,200,train
39975,723,24,train
39976,579,224,test
39977,508,77,train
39978,26,448,test
39979,3,123,train
39980,447,433,train
39981,400,773,train
39982,64,439,train
39983,285,577,train
39984,351,269,test
39985,353,215,train
39986,309,38,train
39987,59,132,train
39988,113,753,train
39989,124,705,train
39990,707,121,train
39991,369,643,train
39992,547,278,train
39993,161,767,train
39994,529,284,train
39995,153,197,train
39996,489,660,train
39997,588,246,train
39998,211,774,train
39999,544,666,train
40000,4,286,train
40001,559,599,train
40002,499,198,train
40003,52,80,test
40004,461,209,test
40005,651,283,train
40006,114,433,train
40007,73,28,train
40008,15,550,train
40009,586,137,train
40010,490,394,train
40011,410,400,train
40012,470,206,test
40013,230,708,train
40014,585,325,test
40015,506,791,train
40016,438,444,train
40017,574,380,test
40018,482,394,train
40019,512,500,train
40020,80,594,train
40021,99,151,train
40022,652,745,train
40023,594,269,train
40024,116,30,train
40025,110,133,train
40026,116,463,train
40027,319,437,train
40028,89,149,train
40029,781,372,test
40030,667,488,train
40031,705,321,train
40032,583,160,train
40033,550,42,train
40034,649,1,train
40035,570,506,train
40036,772,510,train
40037,481,688,test
40038,674,195,test
40039,102,455,train
40040,231,297,train
40041,364,117,train
40042,93,767,train
40043,178,199,train
40044,370,763,train
40045,2,647,train
40046,774,614,test
40047,73,599,test
40048,433,415,test
40049,752,748,train
40050,411,778,test
40051,715,575,train
40052,190,143,train
40053,140,509,train
40054,189,20,train
40055,190,475,test
40056,367,566,train
40057,568,423,train
40058,11,592,train
40059,342,360,train
40060,480,721,train
40061,598,263,train
40062,35,222,test
40063,329,450,train
40064,193,67,test
40065,264,378,train
40066,576,510,train
40067,342,2,train
40068,135,87,train
40069,182,591,train
40070,206,781,test
40071,106,180,train
40072,31,18,train
40073,622,426,train
40074,107,636,test
40075,267,344,test
40076,474,717,train
40077,494,409,test
40078,588,392,train
40079,613,193,train
40080,511,48,train
40081,140,1,train
40082,755,191,train
40083,714,296,train
40084,535,228,test
40085,31,232,train
40086,426,36,train
40087,559,359,train
40088,526,370,train
40089,541,688,train
40090,594,549,train
40091,274,334,train
40092,470,29,train
40093,251,296,train
40094,570,58,train
40095,75,742,train
40096,597,326,train
40097,170,189,train
40098,422,52,train
40099,454,242,test
40100,575,480,test
40101,532,328,train
40102,378,143,train
40103,70,654,train
40104,351,167,train
40105,587,149,train
40106,185,201,train
40107,41,212,train
40108,480,288,train
40109,367,278,train
40110,59,394,train
40111,146,465,train
40112,13,729,train
40113,686,467,train
40114,587,605,train
40115,221,330,train
40116,460,601,train
40117,94,191,test
40118,580,389,train
40119,633,532,train
40120,365,476,test
40121,11,686,train
40122,552,768,train
40123,171,462,train
40124,797,73,train
40125,390,413,train
40126,464,538,test
40127,339,739,test
40128,670,486,test
40129,693,435,train
40130,204,336,test
40131,470,157,train
40132,541,398,train
40133,781,595,train
40134,577,770,train
40135,176,330,train
40136,455,654,train
40137,446,376,train
40138,721,582,train
40139,113,308,train
40140,567,656,train
40141,225,695,train
40142,732,423,test
40143,123,631,train
40144,284,200,train
40145,772,407,test
40146,793,613,train
40147,377,291,train
40148,14,579,train
40149,274,179,train
40150,187,442,test
40151,746,54,train
40152,654,583,train
40153,347,206,train
40154,268,86,train
40155,744,228,train
40156,486,466,train
40157,89,501,train
40158,616,273,train
40159,711,36,train
40160,65,284,train
40161,634,728,train
40162,662,752,train
40163,672,494,train
40164,315,755,test
40165,737,340,test
40166,334,735,train
40167,524,696,train
40168,397,233,train
40169,438,182,train
40170,15,438,train
40171,630,563,train
40172,508,709,train
40173,377,205,train
40174,457,464,train
40175,420,616,train
40176,274,453,train
40177,190,32,test
40178,285,11,train
40179,102,692,train
40180,260,785,train
40181,260,783,train
40182,582,380,train
40183,74,165,test
40184,110,271,train
40185,38,570,test
40186,724,179,train
40187,481,195,train
40188,7,189,test
40189,631,163,train
40190,357,415,train
40191,695,333,train
40192,456,178,train
40193,787,459,train
40194,684,452,train
40195,727,394,test
40196,173,159,train
40197,679,431,train
40198,539,98,test
40199,718,271,train
40200,172,729,train
40201,164,29,train
40202,439,757,train
40203,388,72,train
40204,163,768,train
40205,231,275,train
40206,334,335,test
40207,32,254,test
40208,743,162,train
40209,123,323,train
40210,132,137,train
40211,260,551,train
40212,193,530,train
40213,512,433,train
40214,262,91,train
40215,79,267,train
40216,166,324,train
40217,588,265,train
40218,112,405,train
40219,288,692,test
40220,662,303,train
40221,189,543,train
40222,789,269,train
40223,461,640,train
40224,448,170,train
40225,60,406,train
40226,64,173,train
40227,503,367,train
40228,484,443,test
40229,378,747,test
40230,497,694,train
40231,633,257,train
40232,110,800,test
40233,202,500,train
40234,349,258,train
40235,453,774,train
40236,161,42,train
40237,318,574,train
40238,589,155,test
40239,273,85,test
40240,614,705,train
40241,58,750,train
40242,255,338,test
40243,552,793,train
40244,251,693,train
40245,310,130,train
40246,232,21,train
40247,271,100,train
40248,49,597,train
40249,256,340,train
40250,19,360,test
40251,307,330,train
40252,60,496,train
40253,312,245,train
40254,244,569,train
40255,721,477,train
40256,672,373,train
40257,470,44,train
40258,330,26,train
40259,215,420,train
40260,706,180,train
40261,23,192,test
40262,295,526,train
40263,290,31,train
40264,764,790,train
40265,746,779,train
40266,288,407,test
40267,325,664,test
40268,22,244,test
40269,156,152,train
40270,81,85,train
40271,138,98,test
40272,318,361,train
40273,720,737,test
40274,697,199,test
40275,683,109,train
40276,780,741,train
40277,139,497,train
40278,569,528,test
40279,571,99,train
40280,709,765,test
40281,722,696,train
40282,283,30,train
40283,249,40,train
40284,742,523,train
40285,476,52,train
40286,99,140,train
40287,295,176,test
40288,692,765,train
40289,212,514,train
40290,157,587,train
40291,622,373,train
40292,375,708,test
40293,788,217,train
40294,627,286,test
40295,450,641,train
40296,722,768,train
40297,623,390,train
40298,60,544,train
40299,17,707,train
40300,553,228,train
40301,50,578,train
40302,267,291,train
40303,172,93,test
40304,715,379,train
40305,376,317,train
40306,656,541,train
40307,283,137,train
40308,126,280,train
40309,714,592,train
40310,426,329,train
40311,601,792,test
40312,496,340,train
40313,696,252,train
40314,213,698,train
40315,628,615,train
40316,724,524,train
40317,69,76,train
40318,439,793,train
40319,449,201,train
40320,116,320,train
40321,733,501,test
40322,163,455,train
40323,255,209,train
40324,645,312,train
40325,604,59,train
40326,186,117,train
40327,368,298,train
40328,766,15,train
40329,682,169,test
40330,36,762,test
40331,733,650,train
40332,381,57,train
40333,146,482,test
40334,381,228,train
40335,319,372,test
40336,597,462,test
40337,329,245,train
40338,573,605,train
40339,650,454,train
40340,386,91,train
40341,165,511,train
40342,632,257,train
40343,333,256,train
40344,527,5,test
40345,391,199,train
40346,84,264,train
40347,656,147,train
40348,622,719,train
40349,794,44,train
40350,179,374,train
40351,517,385,train
40352,587,715,test
40353,415,246,test
40354,138,693,train
40355,29,532,train
40356,775,607,train
40357,273,624,train
40358,767,714,train
40359,370,274,train
40360,735,638,train
40361,567,16,train
40362,15,407,train
40363,290,465,train
40364,389,387,train
40365,792,520,train
40366,198,84,train
40367,159,201,train
40368,155,582,test
40369,739,482,train
40370,606,684,test
40371,318,111,train
40372,549,475,train
40373,146,105,train
40374,432,282,train
40375,168,312,train
40376,799,691,train
40377,487,708,train
40378,89,201,train
40379,358,228,train
40380,79,172,train
40381,637,561,train
40382,799,506,train
40383,43,131,train
40384,381,720,test
40385,498,107,train
40386,729,244,train
40387,302,723,train
40388,206,412,train
40389,621,58,train
40390,111,683,train
40391,793,155,train
40392,547,697,test
40393,568,736,train
40394,85,227,train
40395,168,387,train
40396,71,633,test
40397,548,594,train
40398,478,524,train
40399,697,209,train
40400,45,739,train
40401,458,555,train
40402,268,113,train
40403,701,161,train
40404,185,111,train
40405,289,211,train
40406,302,97,train
40407,583,181,train
40408,755,748,train
40409,256,181,train
40410,221,29,train
40411,486,182,train
40412,548,124,test
40413,756,675,test
40414,772,255,train
40415,247,97,train
40416,349,490,train
40417,332,620,train
40418,165,490,test
40419,494,267,train
40420,25,348,test
40421,566,158,train
40422,475,757,train
40423,680,291,train
40424,240,622,train
40425,91,76,train
40426,669,635,train
40427,140,379,train
40428,597,406,test
40429,112,458,train
40430,27,105,train
40431,255,227,train
40432,697,558,train
40433,52,434,train
40434,23,593,train
40435,143,770,test
40436,268,541,train
40437,300,536,train
40438,605,581,train
40439,132,294,train
40440,53,474,train
40441,115,149,test
40442,687,228,train
40443,205,252,train
40444,418,629,train
40445,631,460,train
40446,792,143,train
40447,435,120,train
40448,115,240,train
40449,325,599,train
40450,566,13,train
40451,374,743,train
40452,545,667,train
40453,145,543,train
40454,391,121,test
40455,559,506,train
40456,497,248,train
40457,570,111,train
40458,487,599,test
40459,503,186,test
40460,304,597,train
40461,136,128,train
40462,170,429,test
40463,277,677,test
40464,762,171,train
40465,323,298,train
40466,414,578,train
40467,394,189,test
40468,494,528,train
40469,248,320,train
40470,108,159,train
40471,332,446,train
40472,506,659,train
40473,259,784,train
40474,67,309,test
40475,431,267,train
40476,645,631,train
40477,186,185,test
40478,312,239,train
40479,200,100,train
40480,626,212,train
40481,416,291,test
40482,725,561,train
40483,226,230,train
40484,394,106,test
40485,346,531,train
40486,500,760,train
40487,163,154,test
40488,582,317,test
40489,18,742,test
40490,741,412,train
40491,347,784,train
40492,385,167,train
40493,61,641,train
40494,217,516,train
40495,586,248,train
40496,622,215,train
40497,270,368,train
40498,750,642,train
40499,512,800,train
40500,298,790,test
40501,269,19,train
40502,167,274,test
40503,247,656,train
40504,781,700,train
40505,450,77,train
40506,22,28,train
40507,615,177,train
40508,780,107,train
40509,10,301,train
40510,616,107,train
40511,765,502,test
40512,717,16,train
40513,399,381,train
40514,756,480,train
40515,180,491,train
40516,57,714,test
40517,81,708,train
40518,472,213,train
40519,360,19,test
40520,339,375,train
40521,667,745,train
40522,367,701,train
40523,256,358,train
40524,428,319,train
40525,345,60,train
40526,607,678,test
40527,530,525,train
40528,743,251,train
40529,238,433,train
40530,248,653,train
40531,706,721,train
40532,447,297,train
40533,494,244,test
40534,357,765,train
40535,613,697,train
40536,32,58,train
40537,228,617,train
40538,17,570,train
40539,341,571,train
40540,700,65,train
40541,153,579,train
40542,640,767,train
40543,166,504,train
40544,739,214,train
40545,67,548,train
40546,576,360,test
40547,702,323,train
40548,629,717,test
40549,402,761,train
40550,290,388,train
40551,649,305,train
40552,192,561,train
40553,716,388,test
40554,409,630,test
40555,56,706,train
40556,386,796,train
40557,617,521,test
40558,416,31,train
40559,711,797,train
40560,72,675,train
40561,446,453,train
40562,716,671,train
40563,660,693,train
40564,154,684,test
40565,309,99,test
40566,292,672,train
40567,137,431,train
40568,446,586,train
40569,692,778,train
40570,248,670,train
40571,26,773,train
40572,235,116,train
40573,613,59,train
40574,407,414,train
40575,510,300,train
40576,123,526,train
40577,688,512,train
40578,606,168,train
40579,277,49,train
40580,232,471,train
40581,453,692,train
40582,490,147,train
40583,711,790,train
40584,680,57,train
40585,469,651,test
40586,68,216,train
40587,109,545,train
40588,712,295,train
40589,276,502,train
40590,430,530,train
40591,569,221,train
40592,151,110,train
40593,162,795,train
40594,777,664,train
40595,455,122,train
40596,274,307,train
40597,559,179,test
40598,77,189,train
40599,68,438,train
40600,616,699,train
40601,270,582,train
40602,124,283,train
40603,396,401,test
40604,274,181,train
40605,202,164,train
40606,662,171,train
40607,632,314,train
40608,628,733,train
40609,440,634,train
40610,17,501,train
40611,15,35,test
40612,334,707,train
40613,110,401,train
40614,314,526,train
40615,272,366,train
40616,484,715,train
40617,770,676,test
40618,489,303,test
40619,439,409,train
40620,132,614,train
40621,276,359,train
40622,437,778,train
40623,698,176,train
40624,53,451,train
40625,28,563,train
40626,345,315,test
40627,347,668,train
40628,348,631,train
40629,409,52,test
40630,640,626,train
40631,613,45,test
40632,290,418,train
40633,253,688,train
40634,747,409,train
40635,49,204,train
40636,441,679,train
40637,800,62,train
40638,412,72,train
40639,418,259,train
40640,414,359,train
40641,224,458,train
40642,213,79,test
40643,570,527,train
40644,554,292,train
40645,374,280,train
40646,176,602,test
40647,747,773,train
40648,576,239,train
40649,44,360,train
40650,460,745,test
40651,698,3,train
40652,627,498,train
40653,634,504,train
40654,76,772,train
40655,170,349,train
40656,320,698,train
40657,194,550,train
40658,458,108,train
40659,516,158,test
40660,105,251,train
40661,334,162,train
40662,222,758,train
40663,787,369,train
40664,355,121,train
40665,367,677,test
40666,685,120,train
40667,636,631,train
40668,108,592,train
40669,612,398,train
40670,569,118,train
40671,721,548,train
40672,42,548,train
40673,607,518,train
40674,80,19,train
40675,96,235,train
40676,103,595,train
40677,687,763,train
40678,532,101,train
40679,370,607,train
40680,336,441,train
40681,745,87,train
40682,163,8,train
40683,447,60,train
40684,383,298,train
40685,63,580,train
40686,515,484,train
40687,684,250,train
40688,43,764,train
40689,180,643,train
40690,116,83,train
40691,678,333,train
40692,42,548,train
40693,384,194,train
40694,10,605,train
40695,675,262,train
40696,158,449,test
40697,794,487,train
40698,305,756,test
40699,394,443,train
40700,685,517,train
40701,396,10,train
40702,478,667,train
40703,340,304,train
40704,323,348,train
40705,567,406,train
40706,260,110,train
40707,193,102,train
40708,320,326,test
40709,37,569,train
40710,619,580,test
40711,547,194,train
40712,796,329,train
40713,269,307,train
40714,381,610,train
40715,572,296,test
40716,426,278,train
40717,315,689,train
40718,36,210,test
40719,734,167,train
40720,777,721,train
40721,667,449,train
40722,157,539,train
40723,783,478,train
40724,344,547,test
40725,331,679,test
40726,528,463,train
40727,633,445,train
40728,370,207,train
40729,332,172,test
40730,621,364,train
40731,375,737,train
40732,646,627,train
40733,671,342,train
40734,755,561,test
40735,722,180,test
40736,218,131,test
40737,759,767,test
40738,668,748,train
40739,711,450,train
40740,252,709,train
40741,40,667,train
40742,707,702,train
40743,684,685,train
40744,639,440,train
40745,217,551,train
40746,761,323,train
40747,652,207,train
40748,578,723,train
40749,564,776,train
40750,716,320,train
40751,600,749,train
40752,27,660,train
40753,374,292,train
40754,418,307,train
40755,312,752,train
40756,21,221,train
40757,485,400,test
40758,68,717,train
40759,335,437,train
40760,305,477,train
40761,414,42,test
40762,639,293,train
40763,749,228,train
40764,225,190,train
40765,771,366,train
40766,476,398,train
40767,777,623,test
40768,738,294,train
40769,318,176,train
40770,750,504,train
40771,709,540,train
40772,357,760,test
40773,293,589,train
40774,93,215,train
40775,104,416,test
40776,420,257,train
40777,98,56,train
40778,674,244,train
40779,671,622,train
40780,670,285,train
40781,281,498,train
40782,686,544,train
40783,109,258,train
40784,185,754,train
40785,67,130,train
40786,685,548,test
40787,320,141,test
40788,279,29,test
40789,586,420,train
40790,115,798,train
40791,546,88,train
40792,469,42,train
40793,287,26,train
40794,59,174,train
40795,88,561,test
40796,253,372,train
40797,642,199,train
40798,102,257,train
40799,454,574,train
40800,35,212,train
40801,678,170,train
40802,242,130,train
40803,132,504,train
40804,660,713,train
40805,374,158,test
40806,744,138,train
40807,233,609,train
40808,706,293,train
40809,629,278,train
40810,256,295,train
40811,333,113,train
40812,133,570,train
40813,451,575,test
40814,279,673,train
40815,678,530,train
40816,285,695,train
40817,164,660,test
40818,337,81,train
40819,202,356,test
40820,751,254,train
40821,788,498,train
40822,6,254,train
40823,780,47,train
40824,627,131,train
40825,581,751,test
40826,180,711,train
40827,647,646,train
40828,187,213,train
40829,385,493,train
40830,726,653,train
40831,128,167,train
40832,202,668,test
40833,352,395,train
40834,216,548,train
40835,683,675,train
40836,149,760,train
40837,651,609,train
40838,681,186,train
40839,571,549,train
40840,679,549,train
40841,265,324,test
40842,741,214,train
40843,350,550,train
40844,799,72,train
40845,470,305,train
40846,231,75,train
40847,482,797,test
40848,191,99,train
40849,97,703,train
40850,400,784,test
40851,179,82,train
40852,627,421,train
40853,148,134,train
40854,332,346,train
40855,282,463,train
40856,694,400,train
40857,707,713,train
40858,607,374,train
40859,416,396,train
40860,85,162,train
40861,477,282,train
40862,283,188,train
40863,717,441,train
40864,71,94,train
40865,188,466,train
40866,106,510,test
40867,389,702,train
40868,729,706,train
40869,515,420,train
40870,163,379,train
40871,118,529,train
40872,483,584,train
40873,408,465,train
40874,788,589,train
40875,459,755,test
40876,19,726,train
40877,742,509,test
40878,336,712,train
40879,260,188,train
40880,787,202,train
40881,385,579,train
40882,550,371,train
40883,449,59,train
40884,74,64,train
40885,317,768,train
40886,389,91,train
40887,558,369,test
40888,206,141,train
40889,579,128,train
40890,211,513,test
40891,630,683,train
40892,198,772,train
40893,614,357,train
40894,269,94,train
40895,546,679,train
40896,138,492,train
40897,530,650,train
40898,563,21,train
40899,631,375,train
40900,84,77,train
40901,644,462,train
40902,54,401,train
40903,771,607,train
40904,347,216,train
40905,676,478,train
40906,328,687,train
40907,91,404,train
40908,26,711,test
40909,511,227,train
40910,258,55,train
40911,54,128,train
40912,194,504,train
40913,760,129,test
40914,331,55,test
40915,28,636,train
40916,722,775,test
40917,364,739,train
40918,97,8,test
40919,554,222,train
40920,262,92,train
40921,797,503,train
40922,622,794,train
40923,478,20,train
40924,300,383,train
40925,560,268,train
40926,134,537,test
40927,644,408,test
40928,584,191,train
40929,323,206,train
40930,71,744,train
40931,666,155,test
40932,516,314,train
40933,2,606,train
40934,646,52,train
40935,80,462,train
40936,107,133,train
40937,73,55,train
40938,126,180,test
40939,110,561,train
40940,409,650,train
40941,62,82,test
40942,547,282,train
40943,558,152,train
40944,137,445,test
40945,406,43,test
40946,529,648,test
40947,509,287,train
40948,727,420,test
40949,753,278,train
40950,174,795,train
40951,410,784,train
40952,1,558,train
40953,344,587,train
40954,653,461,train
40955,84,242,train
40956,314,251,train
40957,743,265,train
40958,181,704,train
40959,22,606,test
40960,253,685,train
40961,157,239,train
40962,176,483,train
40963,200,523,train
40964,749,624,train
40965,445,110,test
40966,761,493,train
40967,274,649,train
40968,297,502,train
40969,622,518,train
40970,541,316,train
40971,549,61,train
40972,135,665,train
40973,89,694,train
40974,457,324,train
40975,386,68,train
40976,553,372,train
40977,592,724,train
40978,202,234,train
40979,587,294,train
40980,527,571,test
40981,330,667,train
40982,95,775,test
40983,486,191,train
40984,434,291,train
40985,406,319,train
40986,268,60,test
40987,533,486,train
40988,656,536,train
40989,608,80,train
40990,784,216,train
40991,142,641,test
40992,364,797,train
40993,592,390,train
40994,643,32,train
40995,285,205,train
40996,695,38,train
40997,118,603,train
40998,493,380,train
40999,383,112,train
41000,722,441,test
41001,48,757,train
41002,319,428,train
41003,784,448,train
41004,412,168,train
41005,562,395,test
41006,571,492,train
41007,561,201,train
41008,39,461,train
41009,343,670,test
41010,118,741,train
41011,143,324,train
41012,98,264,train
41013,795,395,train
41014,225,87,test
41015,94,104,test
41016,53,578,train
41017,729,452,train
41018,777,165,train
41019,745,340,train
41020,378,353,train
41021,387,631,train
41022,284,65,train
41023,121,685,train
41024,428,294,train
41025,196,785,train
41026,379,127,test
41027,599,19,train
41028,210,462,train
41029,609,28,test
41030,390,290,test
41031,714,602,train
41032,114,31,train
41033,120,393,train
41034,500,586,test
41035,195,81,train
41036,64,639,train
41037,651,301,train
41038,334,213,test
41039,380,8,train
41040,395,566,train
41041,581,554,train
41042,682,555,train
41043,219,679,train
41044,584,720,train
41045,593,49,train
41046,604,748,test
41047,96,391,test
41048,328,45,train
41049,687,754,train
41050,82,188,train
41051,390,455,train
41052,708,260,train
41053,107,591,train
41054,469,13,train
41055,284,661,train
41056,422,537,test
41057,542,523,train
41058,259,210,test
41059,331,770,test
41060,377,492,train
41061,265,100,train
41062,478,59,train
41063,717,53,test
41064,128,569,test
41065,614,661,train
41066,29,436,train
41067,715,617,train
41068,255,431,test
41069,134,606,train
41070,154,71,train
41071,142,730,train
41072,250,276,test
41073,49,609,train
41074,524,531,train
41075,308,539,train
41076,263,409,train
41077,274,130,train
41078,461,422,train
41079,114,696,train
41080,539,638,train
41081,230,621,train
41082,733,27,train
41083,469,237,train
41084,195,344,train
41085,272,503,test
41086,62,442,train
41087,292,407,train
41088,473,151,train
41089,429,232,train
41090,205,523,train
41091,384,799,train
41092,656,220,test
41093,745,481,test
41094,625,446,test
41095,389,564,train
41096,380,438,train
41097,760,700,train
41098,621,409,train
41099,772,84,train
41100,376,776,test
41101,529,388,train
41102,593,254,train
41103,747,239,train
41104,421,743,train
41105,108,449,train
41106,34,356,train
41107,690,271,train
41108,511,490,train
41109,494,153,test
41110,176,366,train
41111,610,736,train
41112,363,96,train
41113,581,787,train
41114,375,735,train
41115,675,489,train
41116,182,523,train
41117,713,754,train
41118,547,142,train
41119,745,181,train
41120,150,135,test
41121,557,176,train
41122,334,255,train
41123,65,383,train
41124,194,780,train
41125,788,774,train
41126,386,481,train
41127,324,659,test
41128,499,542,test
41129,318,421,test
41130,88,384,train
41131,56,233,train
41132,554,523,train
41133,178,254,train
41134,495,191,train
41135,318,658,train
41136,779,471,train
41137,58,88,train
41138,316,377,train
41139,120,199,train
41140,297,511,test
41141,505,293,train
41142,256,719,train
41143,515,526,train
41144,759,344,test
41145,415,489,test
41146,228,6,train
41147,487,668,train
41148,763,13,test
41149,343,246,train
41150,288,521,train
41151,141,162,train
41152,755,683,train
41153,625,523,train
41154,107,507,train
41155,491,658,train
41156,396,340,train
41157,509,798,test
41158,487,442,test
41159,531,613,train
41160,721,463,train
41161,716,269,train
41162,391,397,train
41163,705,137,train
41164,746,50,train
41165,626,622,train
41166,698,151,train
41167,497,700,train
41168,634,714,train
41169,126,565,train
41170,38,427,train
41171,576,44,train
41172,71,774,train
41173,526,701,train
41174,531,499,test
41175,595,564,train
41176,670,493,train
41177,17,739,train
41178,339,80,train
41179,465,230,train
41180,185,198,train
41181,185,57,train
41182,388,594,train
41183,736,432,train
41184,665,258,test
41185,368,272,train
41186,468,172,test
41187,510,228,train
41188,346,94,test
41189,523,351,test
41190,608,800,train
41191,130,171,train
41192,668,538,test
41193,133,628,train
41194,578,622,train
41195,760,581,train
41196,260,531,train
41197,793,124,train
41198,127,415,train
41199,99,176,test
41200,166,145,train
41201,615,331,train
41202,28,327,train
41203,558,443,train
41204,160,389,train
41205,581,323,test
41206,125,136,train
41207,667,760,train
41208,257,210,train
41209,558,292,train
41210,715,687,train
41211,476,396,train
41212,452,451,train
41213,694,258,train
41214,154,159,train
41215,242,672,train
41216,752,148,test
41217,409,29,train
41218,653,465,train
41219,164,500,train
41220,207,718,train
41221,362,357,train
41222,423,548,test
41223,108,771,train
41224,195,218,train
41225,339,148,test
41226,402,638,test
41227,23,631,train
41228,328,401,test
41229,775,241,train
41230,664,232,test
41231,369,703,test
41232,74,541,train
41233,429,403,train
41234,751,465,test
41235,486,545,train
41236,39,205,train
41237,437,603,train
41238,506,187,train
41239,602,141,train
41240,374,768,test
41241,789,704,train
41242,114,243,train
41243,537,17,train
41244,283,757,train
41245,114,149,train
41246,364,547,test
41247,260,658,test
41248,797,354,test
41249,478,320,train
41250,248,530,train
41251,571,176,train
41252,794,234,test
41253,632,186,train
41254,372,47,train
41255,546,253,test
41256,738,430,train
41257,560,290,train
41258,312,310,train
41259,238,755,train
41260,465,85,train
41261,671,723,test
41262,633,245,train
41263,97,784,train
41264,381,499,train
41265,163,621,train
41266,246,426,train
41267,4,515,test
41268,284,360,train
41269,645,343,train
41270,124,364,train
41271,175,615,train
41272,239,284,train
41273,179,602,test
41274,200,614,train
41275,471,383,train
41276,371,656,test
41277,312,255,train
41278,52,282,train
41279,404,67,train
41280,121,730,test
41281,290,535,train
41282,422,243,train
41283,616,626,train
41284,691,660,train
41285,152,643,test
41286,209,253,train
41287,229,544,train
41288,181,126,train
41289,76,691,train
41290,426,114,test
41291,88,766,train
41292,189,320,train
41293,597,735,test
41294,773,470,train
41295,598,412,test
41296,189,113,train
41297,482,545,train
41298,269,765,train
41299,553,665,train
41300,125,566,test
41301,627,32,train
41302,55,507,test
41303,299,110,train
41304,660,101,train
41305,108,564,train
41306,487,772,test
41307,423,797,train
41308,117,472,train
41309,399,776,train
41310,123,361,train
41311,506,203,train
41312,373,473,train
41313,85,715,test
41314,299,339,train
41315,201,9,train
41316,444,65,train
41317,626,641,train
41318,667,645,train
41319,624,76,train
41320,493,258,test
41321,101,400,train
41322,351,54,test
41323,496,478,test
41324,111,796,train
41325,380,687,train
41326,201,91,train
41327,244,760,train
41328,786,76,train
41329,39,244,train
41330,176,323,train
41331,170,231,train
41332,531,22,train
41333,408,732,train
41334,343,181,train
41335,589,174,train
41336,398,72,train
41337,460,180,train
41338,315,471,train
41339,241,215,train
41340,81,301,train
41341,346,740,train
41342,292,625,train
41343,259,384,test
41344,330,511,test
41345,796,585,train
41346,152,732,test
41347,357,447,train
41348,769,79,train
41349,765,777,train
41350,202,123,test
41351,408,30,train
41352,472,292,train
41353,730,410,train
41354,246,745,test
41355,266,776,train
41356,256,768,train
41357,169,500,train
41358,524,563,train
41359,785,766,test
41360,400,34,train
41361,284,202,train
41362,772,271,train
41363,228,728,test
41364,650,345,train
41365,718,380,train
41366,30,204,train
41367,402,700,train
41368,563,653,test
41369,770,336,train
41370,320,361,train
41371,252,741,train
41372,197,92,train
41373,123,191,train
41374,649,729,train
41375,453,736,test
41376,536,611,train
41377,7,150,train
41378,600,673,train
41379,574,794,train
41380,485,243,test
41381,63,739,train
41382,759,304,test
41383,453,568,train
41384,736,410,train
41385,167,773,test
41386,496,383,train
41387,244,99,train
41388,61,116,train
41389,671,9,test
41390,60,280,train
41391,448,319,train
41392,280,427,train
41393,610,706,train
41394,263,355,train
41395,407,461,train
41396,687,621,train
41397,753,378,test
41398,198,477,train
41399,493,763,train
41400,82,474,train
41401,604,537,train
41402,476,673,train
41403,95,731,train
41404,170,143,train
41405,386,533,train
41406,434,241,train
41407,745,294,train
41408,733,738,train
41409,578,547,train
41410,186,319,train
41411,397,10,train
41412,408,475,test
41413,9,375,train
41414,605,446,train
41415,738,333,test
41416,222,8,train
41417,562,225,train
41418,251,459,train
41419,309,355,train
41420,231,249,test
41421,348,608,train
41422,598,486,train
41423,45,661,train
41424,136,232,train
41425,637,203,train
41426,628,63,test
41427,146,194,train
41428,307,414,train
41429,271,752,train
41430,287,781,train
41431,519,139,train
41432,28,636,train
41433,643,586,train
41434,108,777,train
41435,223,578,train
41436,679,727,test
41437,299,289,test
41438,487,160,test
41439,318,270,test
41440,53,488,train
41441,757,376,train
41442,129,320,train
41443,202,198,train
41444,426,28,train
41445,330,218,test
41446,428,508,train
41447,331,323,train
41448,733,503,train
41449,469,765,test
41450,70,132,train
41451,418,198,train
41452,753,111,train
41453,104,266,train
41454,512,21,test
41455,466,135,train
41456,685,287,test
41457,272,295,train
41458,384,471,train
41459,111,249,test
41460,189,515,train
41461,438,366,test
41462,225,332,train
41463,728,37,train
41464,154,176,train
41465,15,543,train
41466,775,243,train
41467,275,169,train
41468,493,420,train
41469,744,721,test
41470,542,270,test
41471,690,540,test
41472,413,79,train
41473,343,756,train
41474,554,346,train
41475,554,710,train
41476,784,661,train
41477,50,375,train
41478,506,470,train
41479,345,546,train
41480,536,187,test
41481,21,490,train
41482,410,784,train
41483,393,730,train
41484,482,569,train
41485,800,53,train
41486,247,56,train
41487,293,241,train
41488,344,488,train
41489,132,135,test
41490,298,692,test
41491,391,551,train
41492,382,726,train
41493,120,194,test
41494,47,282,train
41495,366,324,train
41496,507,780,train
41497,109,599,train
41498,588,139,test
41499,703,242,train
41500,171,621,train
41501,57,158,test
41502,656,111,train
41503,667,625,train
41504,658,313,train
41505,30,698,train
41506,1,161,test
41507,297,147,train
41508,696,248,test
41509,128,437,train
41510,638,550,test
41511,632,486,train
41512,153,87,train
41513,392,764,train
41514,17,119,train
41515,252,117,train
41516,238,505,train
41517,691,102,train
41518,320,587,train
41519,592,374,test
41520,234,696,train
41521,581,738,train
41522,697,21,train
41523,767,291,test
41524,85,79,test
41525,472,424,test
41526,747,658,train
41527,163,769,test
41528,57,392,train
41529,735,356,train
41530,645,495,test
41531,138,753,train
41532,345,320,train
41533,84,438,train
41534,118,127,train
41535,739,127,train
41536,73,334,train
41537,388,737,test
41538,282,648,train
41539,191,75,train
41540,502,158,train
41541,374,162,train
41542,279,118,train
41543,71,11,train
41544,145,324,train
41545,186,521,train
41546,780,340,train
41547,309,603,train
41548,150,773,train
41549,606,6,train
41550,398,670,train
41551,290,327,test
41552,177,552,train
41553,48,730,train
41554,221,585,train
41555,421,642,test
41556,57,464,train
41557,758,392,train
41558,178,725,train
41559,358,267,train
41560,193,474,test
41561,249,60,train
41562,130,177,test
41563,658,176,train
41564,760,776,test
41565,449,582,train
41566,227,168,test
41567,495,6,test
41568,793,526,train
41569,332,669,train
41570,622,40,test
41571,564,378,train
41572,670,772,train
41573,110,623,train
41574,693,773,train
41575,719,252,train
41576,23,48,test
41577,21,649,test
41578,432,48,train
41579,784,211,train
41580,163,54,train
41581,370,546,train
41582,163,565,test
41583,123,164,train
41584,6,143,train
41585,409,267,train
41586,525,93,train
41587,462,205,test
41588,623,176,train
41589,536,190,train
41590,154,610,test
41591,570,113,train
41592,335,64,train
41593,564,493,train
41594,303,626,test
41595,55,365,train
41596,613,219,test
41597,583,606,train
41598,181,350,test
41599,122,640,train
41600,161,459,train
41601,295,332,train
41602,200,210,train
41603,140,155,train
41604,210,385,train
41605,498,506,train
41606,451,10,train
41607,280,641,test
41608,716,185,test
41609,335,699,train
41610,3,324,train
41611,96,644,test
41612,376,410,train
41613,249,718,train
41614,273,525,train
41615,331,165,train
41616,688,233,train
41617,595,570,train
41618,182,374,train
41619,529,283,train
41620,128,459,train
41621,420,464,train
41622,558,325,train
41623,595,710,train
41624,785,413,train
41625,555,582,train
41626,762,388,train
41627,577,798,train
41628,739,146,train
41629,164,105,train
41630,37,282,train
41631,394,60,test
41632,456,473,train
41633,137,339,train
41634,222,350,train
41635,154,21,train
41636,363,308,train
41637,361,626,train
41638,730,668,test
41639,10,598,train
41640,594,377,train
41641,791,689,train
41642,55,700,train
41643,582,456,train
41644,104,349,train
41645,634,388,train
41646,403,694,train
41647,101,715,train
41648,428,169,test
41649,779,150,train
41650,547,1,train
41651,656,549,train
41652,321,250,train
41653,745,290,train
41654,412,39,train
41655,398,275,train
41656,363,111,test
41657,450,31,train
41658,153,395,test
41659,793,325,train
41660,367,268,train
41661,125,381,train
41662,475,687,train
41663,358,47,train
41664,181,373,train
41665,584,113,test
41666,681,240,test
41667,410,607,train
41668,27,582,test
41669,207,443,train
41670,758,669,train
41671,658,129,train
41672,397,355,train
41673,557,773,train
41674,406,146,train
41675,396,559,train
41676,83,526,train
41677,680,453,test
41678,13,277,train
41679,643,390,train
41680,638,202,test
41681,92,327,train
41682,250,643,train
41683,492,73,train
41684,621,203,train
41685,127,114,train
41686,238,268,train
41687,397,63,train
41688,628,792,train
41689,163,410,test
41690,125,243,train
41691,428,363,train
41692,348,303,train
41693,429,508,train
41694,388,282,test
41695,257,302,train
41696,524,759,train
41697,121,630,train
41698,677,441,train
41699,425,406,train
41700,102,598,test
41701,755,70,train
41702,347,405,train
41703,721,351,train
41704,711,469,train
41705,27,206,train
41706,590,171,train
41707,141,529,train
41708,525,16,train
41709,623,108,train
41710,797,352,test
41711,695,730,test
41712,137,525,train
41713,389,109,train
41714,743,466,train
41715,785,666,test
41716,106,580,train
41717,393,623,train
41718,29,527,train
41719,397,535,train
41720,460,32,train
41721,607,5,train
41722,525,512,train
41723,490,400,train
41724,83,615,train
41725,158,301,train
41726,14,75,train
41727,460,200,train
41728,471,82,train
41729,627,255,train
41730,480,361,test
41731,557,656,train
41732,741,291,train
41733,170,262,train
41734,394,386,train
41735,441,511,train
41736,292,163,test
41737,204,661,train
41738,75,337,test
41739,591,334,test
41740,718,698,train
41741,669,679,train
41742,24,68,train
41743,715,630,train
41744,668,147,train
41745,752,249,train
41746,43,756,test
41747,328,285,test
41748,717,721,train
41749,427,567,train
41750,186,722,test
41751,687,86,train
41752,685,707,test
41753,186,386,train
41754,303,667,train
41755,132,42,train
41756,464,234,train
41757,185,153,test
41758,790,482,train
41759,227,551,train
41760,138,460,train
41761,241,172,test
41762,672,395,test
41763,439,595,train
41764,623,299,train
41765,324,520,train
41766,511,630,test
41767,141,455,test
41768,703,208,train
41769,370,247,train
41770,686,438,test
41771,283,276,train
41772,267,579,train
41773,540,474,train
41774,258,100,train
41775,735,800,train
41776,702,766,train
41777,307,650,train
41778,260,404,train
41779,262,360,train
41780,289,173,train
41781,193,651,train
41782,8,248,train
41783,5,506,train
41784,740,278,test
41785,39,609,test
41786,470,422,train
41787,524,8,train
41788,699,18,test
41789,515,798,train
41790,530,792,train
41791,761,122,test
41792,498,245,train
41793,108,690,test
41794,509,777,train
41795,494,422,test
41796,749,788,test
41797,340,380,train
41798,169,643,train
41799,550,716,train
41800,731,738,test
41801,646,54,train
41802,661,23,test
41803,256,215,test
41804,669,32,train
41805,670,273,test
41806,478,740,train
41807,487,326,train
41808,313,295,test
41809,481,724,test
41810,224,394,train
41811,291,256,train
41812,741,325,train
41813,346,119,train
41814,392,80,train
41815,454,732,train
41816,648,701,train
41817,476,745,test
41818,317,370,train
41819,750,542,train
41820,225,785,train
41821,123,292,train
41822,7,362,train
41823,766,518,train
41824,317,164,train
41825,761,506,train
41826,112,623,train
41827,639,73,train
41828,539,525,train
41829,583,597,train
41830,230,168,train
41831,263,77,train
41832,539,581,train
41833,753,202,train
41834,483,248,test
41835,723,184,train
41836,189,16,test
41837,399,594,train
41838,161,398,test
41839,381,277,train
41840,506,394,train
41841,525,562,train
41842,148,440,train
41843,754,82,train
41844,428,190,train
41845,592,344,test
41846,25,568,test
41847,532,670,train
41848,233,775,test
41849,266,746,test
41850,261,696,test
41851,257,169,train
41852,741,194,train
41853,546,491,test
41854,513,387,train
41855,79,141,test
41856,651,445,test
41857,157,166,train
41858,757,138,test
41859,717,725,train
41860,217,719,train
41861,508,314,train
41862,6,227,train
41863,462,208,test
41864,259,755,train
41865,273,137,train
41866,652,799,test
41867,396,435,train
41868,757,528,train
41869,457,372,test
41870,595,787,train
41871,462,788,train
41872,422,403,train
41873,437,439,train
41874,689,193,train
41875,204,31,train
41876,698,9,train
41877,23,536,train
41878,326,14,test
41879,279,224,train
41880,357,557,test
41881,54,63,test
41882,323,749,train
41883,543,267,train
41884,434,209,train
41885,177,386,train
41886,416,102,train
41887,483,61,test
41888,534,341,train
41889,437,345,train
41890,694,50,train
41891,567,272,train
41892,731,356,train
41893,581,645,train
41894,593,171,train
41895,511,754,train
41896,489,761,train
41897,361,38,train
41898,165,566,train
41899,192,527,train
41900,399,197,train
41901,71,785,train
41902,47,583,train
41903,500,77,train
41904,505,27,train
41905,693,347,train
41906,701,583,train
41907,395,320,train
41908,566,423,train
41909,573,23,train
41910,157,620,train
41911,746,193,train
41912,63,692,train
41913,246,716,train
41914,224,126,train
41915,251,119,train
41916,372,717,train
41917,631,15,train
41918,497,325,train
41919,491,565,train
41920,690,328,train
41921,228,658,train
41922,220,328,test
41923,793,733,train
41924,565,411,test
41925,298,133,train
41926,106,110,test
41927,13,21,train
41928,587,440,train
41929,699,691,test
41930,14,688,train
41931,262,369,train
41932,142,706,train
41933,362,484,train
41934,337,633,test
41935,735,506,train
41936,286,615,test
41937,364,1,train
41938,648,427,test
41939,20,583,train
41940,317,350,test
41941,800,105,train
41942,363,293,train
41943,292,268,test
41944,475,492,train
41945,30,174,train
41946,452,677,train
41947,573,370,train
41948,726,95,train
41949,304,553,train
41950,245,49,train
41951,231,232,train
41952,458,228,train
41953,432,718,test
41954,251,435,train
41955,585,403,train
41956,343,267,train
41957,642,418,train
41958,40,492,train
41959,490,544,train
41960,780,338,train
41961,629,416,test
41962,40,103,train
41963,656,502,train
41964,342,765,train
41965,261,342,train
41966,239,37,train
41967,296,314,train
41968,187,799,train
41969,620,495,test
41970,83,464,train
41971,503,293,train
41972,800,198,test
41973,391,115,test
41974,698,639,train
41975,517,242,test
41976,338,218,train
41977,197,61,train
41978,791,703,test
41979,625,81,train
41980,109,486,train
41981,664,254,train
41982,752,40,train
41983,507,232,test
41984,27,699,train
41985,380,101,train
41986,308,50,train
41987,91,63,train
41988,692,736,train
41989,664,457,train
41990,123,169,train
41991,196,368,test
41992,55,227,test
41993,181,662,train
41994,397,52,test
41995,124,238,train
41996,530,74,test
41997,252,339,train
41998,593,686,train
41999,776,779,train
42000,716,594,train
42001,572,680,train
42002,609,383,train
42003,115,70,train
42004,571,581,train
42005,323,209,test
42006,793,548,test
42007,477,359,train
42008,451,226,test
42009,235,344,train
42010,197,714,train
42011,374,632,train
42012,142,462,train
42013,373,705,train
42014,38,680,train
42015,740,401,train
42016,668,373,train
42017,331,593,train
42018,685,25,train
42019,745,384,train
42020,99,524,train
42021,61,627,test
42022,481,102,train
42023,71,743,train
42024,443,108,test
42025,475,10,test
42026,83,296,train
42027,684,245,train
42028,325,312,train
42029,244,394,train
42030,194,229,train
42031,504,626,train
42032,475,340,train
42033,586,280,test
42034,799,187,train
42035,43,96,test
42036,690,399,train
42037,63,725,train
42038,571,554,train
42039,575,762,train
42040,272,494,train
42041,417,583,train
42042,529,505,train
42043,152,615,test
42044,50,467,train
42045,31,292,train
42046,230,397,train
42047,689,487,train
42048,296,397,train
42049,445,770,train
42050,473,125,train
42051,233,755,train
42052,688,140,test
42053,799,399,train
42054,82,272,train
42055,680,483,train
42056,362,303,test
42057,431,788,train
42058,572,2,train
42059,587,483,test
42060,676,432,train
42061,95,577,train
42062,168,372,train
42063,16,353,train
42064,615,171,train
42065,49,37,test
42066,667,345,train
42067,342,612,train
42068,627,102,train
42069,181,376,test
42070,673,569,train
42071,543,405,train
42072,97,330,train
42073,160,788,train
42074,666,565,train
42075,694,490,train
42076,129,103,test
42077,520,140,train
42078,799,347,test
42079,364,564,train
42080,585,121,train
42081,87,744,train
42082,420,676,train
42083,329,306,train
42084,23,620,train
42085,560,147,train
42086,134,551,train
42087,117,135,train
42088,331,56,train
42089,51,44,train
42090,662,760,test
42091,318,509,train
42092,453,415,train
42093,228,71,train
42094,337,674,train
42095,796,717,train
42096,441,362,train
42097,633,190,test
42098,52,698,train
42099,791,279,train
42100,559,503,train
42101,182,662,train
42102,489,687,train
42103,347,268,train
42104,259,421,train
42105,108,301,train
42106,792,715,train
42107,484,512,train
42108,468,447,train
42109,32,24,train
42110,560,575,train
42111,566,426,test
42112,610,407,train
42113,668,453,train
42114,56,481,train
42115,422,496,train
42116,544,2,train
42117,39,341,train
42118,268,84,train
42119,71,722,train
42120,596,755,train
42121,617,106,train
42122,438,388,train
42123,15,118,train
42124,761,510,train
42125,540,346,train
42126,351,251,train
42127,94,395,test
42128,565,367,train
42129,68,131,train
42130,201,689,train
42131,240,380,train
42132,561,172,train
42133,202,349,train
42134,56,481,train
42135,77,93,train
42136,284,217,train
42137,796,206,train
42138,637,416,train
42139,19,515,train
42140,563,256,train
42141,209,246,train
42142,8,621,test
42143,421,413,train
42144,374,690,train
42145,261,190,test
42146,706,458,test
42147,270,140,train
42148,4,774,test
42149,582,351,train
42150,584,167,train
42151,531,284,train
42152,140,36,test
42153,361,248,train
42154,482,275,train
42155,778,752,test
42156,242,506,test
42157,639,677,train
42158,770,787,test
42159,570,321,train
42160,528,168,train
42161,367,116,train
42162,530,785,train
42163,402,639,train
42164,748,564,train
42165,551,671,train
42166,240,148,test
42167,370,409,train
42168,218,214,train
42169,121,718,test
42170,87,330,test
42171,132,616,train
42172,255,160,test
42173,72,197,test
42174,64,5,test
42175,608,708,train
42176,521,793,train
42177,148,775,test
42178,210,448,train
42179,517,725,train
42180,270,700,train
42181,532,16,train
42182,683,260,train
42183,791,482,train
42184,723,355,train
42185,363,555,train
42186,181,608,train
42187,452,741,train
42188,539,56,train
42189,500,242,train
42190,200,532,test
42191,456,364,train
42192,326,535,train
42193,685,709,train
42194,621,231,train
42195,486,650,train
42196,511,531,train
42197,222,650,train
42198,282,164,train
42199,139,345,test
42200,68,259,train
42201,542,319,train
42202,104,227,train
42203,146,770,train
42204,215,738,train
42205,108,637,train
42206,638,23,train
42207,689,85,test
42208,685,485,test
42209,440,268,test
42210,790,150,train
42211,459,577,train
42212,366,161,train
42213,387,176,train
42214,534,313,train
42215,402,498,test
42216,454,146,test
42217,203,193,train
42218,115,678,train
42219,441,779,train
42220,310,192,train
42221,303,417,test
42222,495,237,test
42223,451,208,train
42224,702,611,train
42225,788,172,train
42226,430,785,train
42227,399,704,train
42228,636,95,train
42229,540,436,train
42230,571,710,train
42231,740,13,train
42232,19,612,train
42233,200,461,test
42234,520,542,train
42235,737,675,test
42236,795,332,train
42237,71,565,test
42238,609,576,test
42239,341,690,train
42240,345,776,train
42241,241,127,train
42242,634,13,train
42243,118,285,train
42244,345,596,train
42245,464,629,train
42246,486,104,train
42247,783,518,test
42248,494,274,train
42249,197,156,train
42250,312,609,train
42251,125,432,train
42252,56,87,test
42253,319,52,train
42254,278,405,test
42255,590,639,train
42256,631,796,train
42257,214,700,test
42258,540,59,train
42259,77,299,train
42260,319,102,train
42261,362,13,train
42262,241,134,train
42263,751,161,test
42264,382,603,test
42265,470,616,test
42266,660,196,train
42267,689,93,train
42268,202,377,train
42269,260,26,train
42270,730,539,train
42271,325,328,train
42272,288,248,train
42273,729,441,train
42274,2,442,train
42275,396,281,test
42276,230,493,train
42277,55,17,train
42278,625,349,train
42279,480,164,train
42280,100,291,train
42281,347,29,train
42282,764,320,test
42283,58,301,train
42284,512,637,train
42285,366,516,test
42286,561,493,test
42287,677,30,train
42288,279,170,train
42289,582,420,train
42290,691,54,train
42291,356,286,test
42292,238,755,train
42293,589,730,train
42294,305,192,train
42295,231,675,train
42296,266,288,train
42297,135,313,train
42298,140,208,test
42299,177,718,train
42300,222,237,test
42301,122,559,train
42302,380,217,train
42303,129,793,test
42304,492,295,train
42305,129,174,test
42306,133,433,train
42307,276,111,train
42308,99,464,train
42309,98,396,train
42310,111,690,train
42311,347,150,train
42312,154,362,train
42313,220,344,train
42314,751,501,train
42315,537,184,train
42316,408,776,train
42317,23,112,train
42318,173,243,train
42319,11,102,test
42320,141,272,test
42321,304,259,train
42322,349,416,train
42323,225,601,train
42324,726,50,train
42325,602,795,train
42326,31,544,train
42327,662,228,train
42328,483,324,train
42329,390,334,train
42330,17,626,train
42331,197,63,train
42332,273,180,train
42333,456,262,train
42334,795,141,train
42335,444,291,train
42336,188,624,train
42337,709,349,train
42338,117,228,test
42339,670,62,train
42340,168,534,train
42341,452,781,train
42342,643,770,train
42343,120,79,test
42344,47,533,train
42345,131,408,train
42346,280,1,train
42347,727,651,train
42348,139,758,train
42349,396,445,train
42350,640,188,train
42351,336,356,test
42352,762,338,test
42353,67,461,train
42354,560,649,train
42355,157,210,train
42356,11,405,train
42357,30,661,train
42358,319,722,train
42359,369,627,test
42360,73,176,train
42361,270,431,train
42362,638,631,train
42363,264,316,train
42364,387,522,train
42365,478,610,train
42366,623,564,test
42367,727,386,train
42368,410,672,train
42369,292,495,train
42370,135,484,test
42371,640,28,test
42372,778,186,test
42373,772,678,train
42374,56,696,train
42375,724,157,train
42376,616,591,train
42377,722,155,train
42378,433,327,train
42379,408,585,train
42380,699,493,train
42381,323,425,train
42382,759,659,test
42383,450,265,test
42384,181,134,train
42385,519,128,test
42386,124,438,train
42387,79,43,test
42388,406,143,test
42389,693,551,test
42390,593,256,test
42391,414,462,train
42392,190,249,train
42393,515,139,train
42394,548,420,test
42395,711,546,train
42396,351,16,train
42397,397,647,train
42398,25,638,train
42399,645,540,train
42400,393,772,test
42401,756,716,train
42402,201,799,train
42403,273,727,train
42404,6,360,train
42405,773,7,test
42406,215,692,test
42407,710,241,train
42408,160,108,train
42409,132,778,train
42410,235,177,train
42411,193,330,test
42412,518,669,train
42413,24,457,train
42414,520,63,train
42415,267,569,train
42416,758,207,train
42417,553,304,train
42418,4,17,train
42419,623,120,train
42420,169,118,test
42421,529,355,test
42422,360,290,train
42423,591,138,test
42424,450,527,train
42425,310,620,train
42426,371,377,train
42427,513,126,train
42428,279,520,train
42429,113,41,train
42430,710,355,train
42431,614,154,test
42432,360,731,train
42433,711,97,test
42434,65,267,train
42435,207,280,train
42436,645,414,test
42437,299,76,train
42438,474,407,train
42439,9,252,test
42440,439,174,train
42441,230,667,train
42442,722,487,train
42443,455,106,train
42444,645,28,train
42445,293,541,train
42446,43,161,train
42447,75,149,test
42448,728,305,train
42449,524,373,train
42450,246,529,test
42451,491,370,train
42452,707,558,train
42453,481,81,test
42454,117,609,train
42455,20,48,train
42456,26,641,train
42457,231,318,test
42458,377,690,train
42459,631,285,train
42460,433,27,train
42461,546,85,train
42462,574,29,train
42463,646,619,test
42464,81,690,test
42465,445,798,train
42466,627,481,test
42467,201,314,train
42468,101,409,test
42469,445,686,train
42470,64,696,train
42471,47,22,train
42472,366,694,test
42473,725,178,train
42474,401,181,train
42475,151,662,train
42476,474,461,train
42477,733,558,train
42478,169,636,test
42479,288,601,train
42480,530,37,train
42481,101,671,test
42482,603,601,train
42483,797,547,train
42484,797,759,train
42485,505,744,train
42486,557,356,train
42487,763,99,train
42488,694,614,train
42489,772,468,test
42490,642,549,train
42491,331,469,train
42492,55,6,train
42493,562,71,train
42494,471,590,train
42495,304,171,train
42496,401,186,train
42497,341,328,train
42498,416,706,train
42499,743,379,train
42500,77,581,train
42501,197,275,train
42502,573,697,train
42503,743,713,test
42504,609,68,train
42505,129,31,train
42506,215,335,test
42507,527,110,train
42508,635,604,train
42509,715,704,train
42510,755,491,test
42511,727,437,train
42512,596,125,train
42513,495,663,test
42514,114,72,train
42515,396,278,train
42516,1,706,train
42517,653,96,test
42518,689,747,train
42519,284,568,train
42520,527,10,test
42521,687,429,test
42522,645,226,train
42523,513,634,train
42524,368,482,train
42525,582,577,train
42526,9,496,train
42527,615,631,train
42528,471,582,train
42529,623,190,train
42530,645,352,test
42531,760,234,train
42532,173,696,test
42533,773,726,train
42534,23,35,train
42535,386,389,train
42536,603,345,train
42537,522,754,train
42538,547,625,train
42539,47,58,train
42540,456,223,train
42541,433,443,train
42542,533,244,train
42543,143,67,train
42544,675,341,test
42545,280,677,train
42546,243,730,train
42547,543,520,test
42548,34,233,train
42549,143,136,train
42550,723,464,test
42551,96,583,train
42552,353,139,test
42553,658,267,train
42554,699,346,test
42555,470,165,train
42556,396,360,test
42557,536,791,test
42558,385,425,test
42559,385,48,train
42560,536,327,train
42561,506,550,train
42562,110,307,train
42563,714,163,train
42564,261,426,train
42565,740,344,train
42566,563,611,train
42567,137,196,train
42568,694,497,train
42569,473,125,train
42570,612,424,test
42571,247,385,train
42572,395,577,train
42573,329,216,test
42574,640,281,train
42575,2,687,train
42576,394,358,train
42577,781,261,train
42578,502,682,train
42579,738,291,test
42580,157,416,train
42581,276,253,train
42582,432,278,test
42583,386,354,test
42584,243,370,train
42585,630,581,train
42586,355,447,train
42587,578,349,train
42588,218,143,test
42589,26,171,train
42590,11,456,train
42591,465,557,train
42592,421,504,train
42593,318,184,train
42594,653,371,train
42595,396,697,train
42596,201,776,train
42597,64,596,train
42598,510,384,train
42599,611,172,train
42600,718,414,train
42601,740,612,train
42602,200,162,train
42603,140,483,train
42604,745,241,train
42605,223,565,train
42606,239,455,train
42607,44,785,train
42608,726,505,test
42609,483,323,train
42610,742,451,train
42611,478,38,train
42612,5,667,train
42613,81,151,train
42614,413,749,train
42615,382,49,train
42616,438,746,train
42617,759,192,train
42618,764,521,test
42619,677,429,train
42620,349,638,train
42621,561,31,train
42622,537,783,train
42623,182,376,train
42624,194,182,train
42625,704,689,train
42626,435,598,train
42627,575,203,test
42628,743,40,train
42629,347,735,train
42630,228,426,test
42631,519,364,train
42632,48,619,train
42633,53,392,test
42634,240,259,train
42635,172,59,train
42636,749,185,train
42637,40,412,train
42638,115,5,train
42639,476,406,train
42640,184,568,train
42641,156,424,train
42642,582,382,train
42643,211,396,train
42644,726,752,test
42645,257,319,train
42646,700,11,train
42647,699,359,test
42648,68,441,train
42649,81,74,train
42650,214,124,train
42651,494,442,train
42652,707,54,train
42653,674,758,train
42654,319,106,test
42655,39,367,train
42656,421,798,test
42657,325,110,train
42658,708,203,train
42659,733,310,train
42660,674,702,test
42661,45,455,train
42662,326,334,train
42663,477,507,train
42664,555,520,train
42665,707,295,test
42666,146,111,train
42667,757,270,train
42668,447,450,train
42669,126,788,train
42670,620,350,train
42671,744,470,train
42672,157,131,test
42673,454,172,train
42674,132,29,train
42675,637,49,train
42676,308,321,train
42677,348,685,train
42678,70,416,test
42679,96,457,train
42680,211,456,train
42681,273,553,train
42682,24,402,train
42683,199,190,train
42684,546,433,train
42685,69,335,train
42686,124,22,train
42687,513,566,train
42688,121,688,train
42689,682,672,train
42690,148,647,train
42691,233,345,train
42692,195,278,train
42693,551,653,train
42694,20,360,train
42695,353,184,train
42696,510,177,train
42697,449,718,train
42698,128,711,test
42699,661,384,train
42700,524,573,train
42701,25,667,test
42702,261,246,test
42703,315,461,test
42704,598,446,train
42705,466,375,train
42706,425,696,train
42707,171,34,train
42708,331,330,train
42709,54,549,train
42710,611,460,train
42711,716,254,train
42712,465,770,train
42713,702,352,train
42714,278,363,train
42715,717,422,test
42716,240,209,train
42717,572,789,train
42718,20,270,train
42719,37,391,train
42720,45,306,test
42721,736,305,train
42722,340,319,train
42723,249,311,train
42724,581,146,train
42725,678,535,train
42726,553,732,train
42727,288,275,train
42728,693,738,train
42729,11,50,train
42730,722,716,train
42731,54,532,train
42732,475,367,train
42733,677,230,train
42734,546,719,train
42735,137,546,train
42736,764,716,train
42737,470,739,train
42738,355,104,train
42739,732,679,train
42740,543,122,train
42741,257,747,train
42742,603,15,train
42743,398,402,train
42744,154,53,test
42745,474,558,train
42746,421,698,train
42747,533,124,test
42748,638,694,train
42749,292,534,test
42750,705,647,test
42751,64,148,test
42752,358,726,test
42753,167,329,train
42754,151,279,test
42755,267,54,train
42756,140,502,train
42757,310,188,test
42758,490,240,train
42759,275,118,train
42760,788,108,train
42761,81,461,train
42762,196,500,train
42763,512,180,train
42764,522,599,train
42765,279,729,test
42766,602,756,test
42767,186,13,train
42768,324,286,train
42769,593,432,train
42770,792,640,train
42771,397,62,train
42772,465,377,train
42773,295,650,train
42774,541,174,train
42775,209,779,test
42776,487,741,train
42777,304,733,train
42778,462,620,test
42779,403,151,train
42780,13,356,train
42781,468,590,train
42782,18,465,train
42783,796,505,test
42784,382,396,train
42785,412,289,train
42786,641,629,train
42787,217,691,train
42788,230,698,train
42789,224,207,train
42790,342,459,train
42791,350,581,train
42792,508,623,train
42793,40,639,train
42794,363,4,train
42795,774,35,test
42796,159,180,train
42797,518,20,train
42798,416,444,train
42799,493,124,train
42800,685,299,test
42801,444,219,train
42802,521,67,train
42803,784,508,train
42804,576,521,train
42805,294,85,test
42806,708,522,train
42807,319,732,train
42808,55,470,test
42809,761,298,train
42810,293,240,train
42811,638,378,train
42812,281,197,train
42813,133,709,train
42814,757,149,train
42815,529,510,train
42816,199,780,test
42817,181,321,train
42818,628,224,train
42819,609,125,test
42820,780,395,train
42821,502,612,train
42822,70,487,train
42823,437,63,train
42824,386,411,train
42825,223,591,train
42826,76,797,train
42827,601,287,train
42828,209,190,train
42829,794,373,train
42830,133,270,test
42831,704,581,train
42832,304,475,train
42833,656,96,train
42834,683,154,train
42835,318,277,train
42836,766,71,test
42837,790,675,test
42838,120,225,test
42839,521,237,train
42840,3,733,train
42841,36,118,train
42842,315,128,train
42843,636,289,train
42844,338,696,train
42845,417,732,train
42846,403,510,train
42847,184,594,train
42848,91,779,test
42849,295,258,train
42850,659,379,train
42851,523,334,train
42852,311,372,train
42853,771,469,train
42854,443,522,test
42855,407,315,train
42856,351,15,test
42857,126,75,train
42858,335,555,train
42859,661,445,train
42860,702,465,test
42861,718,95,train
42862,758,749,train
42863,186,292,train
42864,89,717,train
42865,104,723,train
42866,342,39,train
42867,401,494,test
42868,513,545,test
42869,367,195,test
42870,609,600,test
42871,444,109,train
42872,627,1,train
42873,229,321,train
42874,505,609,train
42875,342,302,train
42876,283,667,train
42877,215,593,train
42878,409,478,train
42879,617,340,test
42880,321,482,train
42881,389,438,train
42882,788,336,train
42883,760,462,train
42884,546,361,train
42885,607,367,train
42886,705,127,train
42887,301,683,test
42888,644,176,train
42889,549,522,train
42890,134,8,train
42891,146,362,train
42892,441,772,train
42893,568,125,train
42894,493,231,train
42895,310,87,test
42896,328,86,train
42897,273,635,train
42898,226,697,train
42899,64,185,train
42900,8,333,train
42901,228,590,test
42902,799,428,train
42903,763,467,train
42904,492,797,train
42905,657,40,train
42906,598,436,train
42907,131,8,train
42908,20,248,train
42909,205,557,train
42910,124,150,train
42911,38,418,test
42912,98,93,train
42913,539,513,train
42914,15,379,train
42915,103,200,train
42916,326,212,test
42917,115,106,train
42918,335,482,train
42919,799,722,train
42920,324,234,train
42921,635,26,test
42922,753,303,train
42923,227,299,train
42924,365,382,train
42925,724,573,test
42926,430,301,test
42927,214,195,train
42928,116,685,test
42929,193,800,train
42930,630,21,train
42931,742,423,train
42932,595,153,train
42933,42,21,test
42934,458,532,train
42935,754,641,train
42936,135,674,test
42937,487,592,train
42938,577,74,train
42939,481,277,train
42940,638,468,train
42941,67,441,train
42942,412,71,train
42943,8,88,train
42944,735,255,train
42945,118,641,train
42946,529,275,train
42947,9,454,train
42948,301,5,train
42949,106,503,train
42950,221,500,test
42951,402,117,train
42952,188,97,train
42953,341,451,test
42954,596,594,train
42955,273,553,train
42956,371,249,train
42957,671,415,train
42958,577,13,train
42959,277,478,train
42960,52,639,train
42961,168,770,test
42962,256,348,train
42963,382,146,train
42964,598,795,train
42965,632,60,test
42966,439,284,train
42967,784,478,test
42968,343,303,test
42969,251,642,train
42970,125,645,train
42971,5,757,train
42972,777,365,train
42973,107,728,train
42974,11,651,train
42975,60,196,test
42976,467,166,train
42977,5,677,train
42978,484,462,train
42979,297,600,train
42980,598,698,train
42981,699,56,train
42982,105,228,train
42983,470,403,train
42984,227,608,test
42985,646,708,train
42986,104,668,test
42987,431,61,train
42988,450,345,train
42989,176,396,train
42990,704,113,train
42991,687,737,train
42992,60,652,train
42993,796,276,test
42994,530,124,train
42995,242,73,train
42996,699,670,train
42997,510,665,train
42998,536,412,train
42999,789,254,train
43000,789,794,train
43001,448,210,train
43002,399,192,train
43003,299,488,train
43004,420,513,train
43005,522,9,train
43006,647,176,train
43007,744,773,train
43008,709,637,train
43009,399,755,train
43010,502,463,train
43011,171,86,train
43012,477,104,test
43013,217,331,train
43014,566,325,train
43015,260,757,train
43016,582,186,train
43017,728,114,train
43018,138,518,test
43019,617,307,train
43020,120,757,train
43021,266,382,train
43022,159,751,train
43023,268,730,test
43024,323,478,train
43025,111,566,train
43026,630,343,train
43027,226,300,train
43028,708,394,train
43029,474,686,train
43030,396,188,train
43031,99,740,train
43032,329,263,train
43033,434,772,train
43034,245,45,train
43035,620,97,test
43036,379,693,test
43037,278,765,train
43038,332,454,train
43039,85,497,train
43040,650,332,train
43041,558,403,train
43042,116,574,train
43043,200,75,test
43044,750,730,train
43045,290,251,train
43046,720,501,train
43047,373,219,train
43048,784,414,train
43049,356,636,train
43050,789,207,train
43051,713,647,train
43052,374,422,test
43053,684,388,train
43054,106,359,train
43055,305,148,train
43056,184,169,train
43057,523,615,test
43058,197,353,train
43059,521,575,test
43060,28,444,train
43061,187,276,train
43062,380,234,test
43063,769,82,train
43064,494,399,train
43065,397,440,train
43066,56,165,train
43067,59,548,train
43068,96,158,train
43069,477,255,train
43070,110,546,train
43071,296,731,train
43072,85,602,train
43073,22,432,train
43074,4,93,train
43075,407,512,train
43076,617,355,train
43077,424,772,train
43078,348,752,train
43079,451,497,train
43080,470,157,train
43081,498,307,train
43082,408,7,train
43083,253,147,train
43084,573,770,train
43085,704,672,train
43086,11,292,train
43087,211,769,train
43088,134,68,train
43089,536,333,test
43090,22,525,train
43091,600,662,train
43092,248,748,train
43093,151,103,test
43094,164,291,test
43095,712,247,train
43096,352,105,train
43097,597,537,train
43098,159,499,test
43099,195,250,train
43100,667,659,train
43101,286,753,train
43102,573,193,train
43103,483,644,train
43104,105,534,train
43105,164,537,train
43106,716,110,test
43107,703,429,train
43108,30,69,train
43109,292,3,train
43110,342,154,test
43111,67,697,train
43112,447,121,train
43113,143,414,train
43114,396,129,train
43115,174,421,train
43116,32,386,train
43117,287,342,train
43118,58,387,test
43119,537,578,train
43120,238,449,train
43121,177,186,train
43122,654,432,train
43123,169,761,test
43124,764,198,train
43125,359,237,train
43126,758,571,test
43127,456,735,train
43128,363,73,train
43129,583,691,train
43130,198,280,train
43131,597,296,test
43132,416,483,train
43133,216,3,train
43134,414,596,test
43135,206,300,train
43136,483,640,train
43137,539,99,train
43138,214,642,train
43139,779,308,train
43140,771,481,train
43141,523,439,train
43142,51,224,test
43143,381,233,train
43144,378,55,train
43145,351,603,train
43146,268,191,test
43147,492,30,train
43148,135,582,train
43149,105,383,test
43150,269,306,train
43151,454,686,train
43152,383,311,train
43153,356,743,test
43154,48,353,train
43155,360,800,train
43156,455,302,train
43157,277,356,train
43158,240,16,train
43159,730,412,train
43160,453,45,train
43161,745,26,train
43162,372,728,train
43163,634,184,train
43164,106,708,train
43165,321,7,test
43166,251,701,train
43167,147,553,train
43168,306,202,train
43169,427,716,train
43170,243,204,train
43171,182,374,train
43172,137,460,train
43173,690,800,train
43174,179,418,train
43175,380,352,train
43176,553,325,train
43177,486,209,train
43178,168,149,test
43179,158,151,train
43180,714,77,train
43181,115,487,train
43182,276,461,train
43183,552,569,test
43184,314,586,test
43185,799,94,train
43186,780,677,train
43187,572,382,train
43188,431,244,test
43189,641,315,train
43190,157,217,train
43191,195,458,train
43192,600,770,train
43193,753,206,train
43194,72,519,train
43195,417,798,test
43196,471,170,test
43197,634,484,train
43198,155,654,train
43199,340,490,train
43200,410,51,train
43201,38,746,train
43202,243,715,train
43203,194,528,train
43204,525,136,train
43205,717,467,train
43206,525,263,train
43207,486,258,train
43208,244,146,train
43209,229,103,train
43210,629,354,train
43211,684,381,test
43212,228,704,train
43213,31,703,train
43214,47,357,test
43215,312,131,train
43216,212,485,train
43217,382,639,train
43218,571,579,train
43219,642,307,train
43220,799,27,train
43221,165,740,train
43222,497,442,train
43223,266,233,train
43224,328,708,test
43225,631,223,test
43226,297,8,train
43227,283,146,train
43228,610,797,train
43229,55,366,train
43230,63,150,train
43231,415,731,train
43232,374,26,train
43233,538,607,train
43234,525,694,train
43235,151,631,train
43236,474,562,train
43237,705,287,train
43238,775,373,test
43239,344,504,test
43240,397,668,train
43241,413,98,test
43242,777,304,train
43243,356,54,train
43244,242,588,train
43245,229,680,train
43246,343,760,train
43247,481,603,test
43248,502,573,train
43249,566,614,test
43250,89,578,train
43251,36,652,train
43252,722,525,train
43253,535,44,train
43254,275,697,train
43255,626,588,train
43256,321,108,train
43257,626,293,train
43258,620,469,train
43259,732,695,train
43260,541,581,train
43261,559,229,train
43262,714,262,train
43263,27,723,test
43264,409,221,train
43265,162,283,train
43266,601,425,test
43267,464,243,train
43268,4,63,train
43269,383,406,test
43270,729,606,train
43271,657,309,train
43272,258,293,train
43273,515,758,train
43274,73,651,train
43275,767,39,train
43276,429,43,train
43277,343,597,train
43278,694,277,train
43279,617,327,test
43280,704,551,train
43281,330,589,train
43282,506,773,test
43283,414,119,train
43284,730,667,train
43285,718,583,train
43286,368,55,train
43287,612,650,train
43288,19,70,train
43289,660,589,train
43290,95,358,train
43291,256,52,test
43292,92,229,train
43293,384,63,train
43294,337,581,train
43295,663,667,train
43296,221,87,train
43297,613,363,train
43298,172,698,train
43299,676,590,train
43300,130,743,train
43301,318,309,test
43302,620,214,train
43303,245,601,train
43304,696,92,train
43305,211,409,train
43306,731,47,train
43307,205,139,train
43308,86,105,train
43309,198,759,train
43310,764,686,train
43311,1,638,train
43312,181,258,train
43313,76,1,test
43314,249,270,train
43315,369,680,train
43316,120,615,train
43317,296,691,train
43318,664,757,train
43319,497,288,test
43320,440,249,train
43321,352,791,train
43322,384,506,train
43323,615,441,train
43324,204,163,train
43325,559,290,train
43326,293,71,train
43327,99,456,test
43328,163,75,train
43329,600,553,test
43330,262,181,test
43331,584,582,test
43332,744,631,train
43333,37,2,test
43334,561,173,train
43335,503,443,train
43336,766,747,train
43337,299,240,train
43338,312,507,train
43339,17,247,train
43340,38,18,train
43341,112,568,test
43342,778,256,test
43343,287,491,test
43344,298,73,train
43345,715,120,test
43346,520,297,train
43347,446,179,test
43348,442,532,test
43349,715,610,train
43350,548,185,train
43351,177,96,test
43352,549,88,test
43353,727,739,train
43354,693,630,train
43355,555,317,train
43356,619,219,train
43357,501,412,train
43358,278,498,train
43359,609,385,test
43360,332,682,train
43361,569,425,train
43362,421,480,train
43363,779,257,test
43364,529,697,train
43365,529,305,train
43366,482,504,train
43367,295,603,train
43368,684,303,train
43369,543,736,train
43370,340,639,train
43371,391,489,train
43372,706,264,train
43373,659,251,train
43374,333,779,test
43375,767,270,train
43376,504,664,train
43377,761,601,train
43378,169,51,train
43379,461,142,train
43380,557,621,train
43381,320,661,test
43382,123,59,train
43383,295,457,train
43384,141,169,train
43385,676,724,train
43386,594,481,train
43387,442,152,train
43388,713,506,train
43389,542,593,train
43390,143,284,train
43391,624,86,train
43392,356,531,train
43393,176,625,train
43394,519,491,train
43395,117,243,train
43396,677,457,train
43397,119,56,test
43398,716,130,train
43399,196,213,test
43400,733,129,train
43401,254,730,test
43402,585,160,train
43403,545,314,test
43404,515,622,train
43405,512,74,test
43406,702,711,train
43407,519,186,test
43408,725,331,train
43409,403,67,test
43410,430,728,test
43411,1,75,train
43412,610,230,test
43413,408,197,train
43414,325,57,train
43415,252,341,train
43416,382,326,train
43417,317,440,train
43418,180,406,train
43419,385,772,test
43420,415,79,train
43421,690,37,test
43422,432,250,train
43423,95,27,train
43424,355,548,train
43425,170,60,train
43426,335,532,train
43427,659,112,train
43428,534,675,train
43429,636,549,test
43430,278,205,train
43431,615,797,test
43432,671,252,train
43433,77,495,train
43434,214,295,train
43435,613,631,train
43436,261,617,train
43437,232,175,train
43438,389,522,train
43439,124,290,test
43440,448,371,train
43441,24,548,test
43442,566,275,test
43443,253,185,train
43444,40,429,test
43445,60,453,test
43446,49,590,test
43447,361,344,train
43448,668,99,train
43449,779,194,train
43450,549,799,train
43451,96,40,train
43452,525,125,train
43453,653,311,test
43454,689,253,train
43455,785,344,train
43456,207,330,train
43457,68,535,train
43458,213,240,train
43459,357,530,train
43460,585,424,train
43461,132,695,test
43462,747,413,train
43463,272,264,train
43464,476,168,train
43465,10,321,train
43466,644,86,train
43467,496,486,train
43468,226,723,test
43469,360,578,test
43470,604,159,train
43471,539,171,train
43472,170,715,train
43473,292,789,train
43474,631,404,train
43475,320,776,train
43476,585,328,train
43477,184,564,train
43478,656,759,train
43479,721,5,test
43480,664,450,test
43481,670,465,train
43482,474,759,train
43483,599,202,train
43484,790,692,train
43485,647,17,train
43486,179,584,test
43487,321,255,train
43488,725,339,train
43489,797,110,train
43490,670,297,train
43491,651,36,train
43492,578,492,train
43493,740,2,train
43494,484,423,test
43495,476,368,train
43496,192,304,train
43497,797,60,train
43498,565,406,train
43499,683,326,test
43500,624,335,train
43501,497,507,train
43502,331,480,train
43503,696,278,train
43504,145,638,train
43505,79,296,train
43506,726,576,train
43507,642,139,test
43508,69,682,train
43509,277,789,test
43510,222,24,train
43511,41,38,train
43512,231,210,train
43513,727,570,train
43514,676,406,test
43515,374,118,train
43516,55,636,train
43517,509,196,train
43518,520,67,test
43519,82,169,train
43520,696,283,test
43521,75,550,train
43522,125,28,train
43523,403,558,train
43524,3,644,test
43525,775,489,test
43526,238,588,test
43527,255,1,train
43528,616,599,train
43529,788,529,test
43530,496,750,train
43531,275,420,train
43532,23,544,train
43533,727,178,train
43534,413,164,train
43535,140,667,train
43536,607,543,train
43537,643,744,train
43538,294,332,train
43539,486,167,train
43540,25,104,train
43541,327,777,test
43542,130,768,train
43543,691,474,train
43544,16,425,train
43545,646,732,train
43546,685,753,train
43547,796,54,train
43548,761,543,train
43549,328,29,train
43550,447,214,train
43551,307,342,train
43552,5,666,test
43553,101,276,train
43554,104,345,train
43555,516,9,train
43556,632,617,train
43557,539,7,train
43558,59,334,train
43559,303,507,test
43560,773,758,test
43561,564,570,train
43562,536,244,train
43563,124,127,train
43564,62,257,train
43565,389,194,train
43566,565,587,train
43567,700,709,train
43568,739,109,test
43569,114,186,train
43570,157,226,train
43571,231,152,train
43572,534,714,train
43573,495,580,train
43574,681,545,train
43575,84,30,train
43576,613,698,train
43577,430,14,test
43578,320,285,train
43579,48,102,train
43580,349,644,train
43581,704,440,train
43582,133,23,train
43583,212,286,train
43584,628,488,train
43585,468,547,train
43586,274,577,train
43587,630,700,train
43588,416,406,train
43589,664,32,train
43590,595,431,train
43591,137,748,train
43592,281,410,train
43593,201,775,train
43594,186,407,train
43595,559,220,train
43596,749,79,train
43597,55,438,train
43598,357,742,train
43599,601,32,train
43600,300,510,train
43601,637,628,train
43602,568,467,train
43603,17,254,test
43604,71,690,train
43605,99,334,train
43606,552,797,train
43607,460,690,test
43608,498,383,train
43609,596,210,train
43610,61,389,train
43611,483,702,train
43612,109,648,train
43613,417,266,train
43614,267,45,train
43615,464,420,train
43616,440,733,train
43617,332,43,train
43618,4,637,train
43619,800,654,train
43620,800,659,train
43621,581,117,train
43622,476,767,train
43623,61,113,test
43624,382,120,train
43625,440,156,test
43626,96,202,train
43627,505,334,train
43628,777,155,train
43629,574,622,train
43630,465,29,train
43631,348,201,train
43632,527,714,train
43633,502,252,train
43634,44,201,test
43635,52,313,train
43636,156,395,train
43637,215,482,train
43638,644,507,train
43639,255,722,train
43640,4,622,train
43641,794,31,train
43642,498,49,train
43643,738,158,train
43644,798,597,train
43645,164,752,train
43646,693,95,train
43647,67,119,train
43648,401,410,train
43649,29,667,train
43650,602,671,test
43651,179,217,test
43652,735,777,train
43653,385,797,train
43654,308,438,train
43655,367,714,train
43656,124,152,test
43657,751,783,train
43658,14,328,train
43659,533,536,train
43660,528,83,train
43661,414,727,train
43662,201,378,train
43663,770,718,train
43664,564,386,train
43665,417,195,train
43666,19,168,train
43667,37,323,train
43668,4,550,test
43669,544,583,train
43670,239,658,train
43671,336,232,train
43672,528,464,test
43673,514,446,train
43674,80,187,test
43675,200,351,train
43676,442,641,train
43677,321,689,train
43678,401,462,train
43679,785,308,train
43680,636,119,train
43681,313,689,train
43682,188,551,train
43683,58,232,train
43684,88,627,train
43685,532,502,train
43686,551,500,train
43687,126,106,test
43688,783,19,train
43689,577,345,train
43690,268,600,train
43691,277,52,train
43692,528,732,train
43693,111,252,train
43694,6,719,train
43695,32,721,train
43696,446,13,test
43697,738,341,train
43698,267,232,train
43699,792,622,train
43700,432,609,test
43701,337,471,train
43702,475,777,train
43703,409,127,test
43704,334,778,train
43705,613,190,train
43706,696,464,train
43707,737,29,train
43708,396,70,train
43709,523,648,train
43710,312,142,test
43711,306,554,test
43712,714,391,test
43713,372,275,train
43714,601,584,train
43715,301,743,train
43716,152,98,train
43717,274,597,train
43718,423,72,train
43719,135,611,train
43720,746,465,train
43721,350,569,train
43722,87,262,test
43723,599,554,train
43724,537,763,train
43725,402,639,train
43726,525,433,train
43727,318,725,train
43728,318,22,test
43729,1,37,train
43730,510,327,train
43731,665,153,train
43732,230,340,train
43733,724,134,train
43734,23,329,train
43735,695,491,train
43736,670,146,train
43737,788,173,train
43738,47,484,train
43739,28,69,train
43740,118,335,train
43741,760,625,train
43742,20,380,train
43743,80,398,train
43744,23,45,train
43745,689,246,test
43746,485,93,train
43747,344,502,train
43748,192,162,test
43749,466,719,train
43750,286,722,test
43751,121,344,train
43752,541,491,train
43753,241,35,test
43754,145,333,train
43755,572,706,train
43756,494,621,train
43757,687,703,test
43758,155,171,train
43759,326,324,train
43760,163,15,test
43761,721,2,train
43762,552,206,train
43763,216,752,train
43764,603,527,train
43765,772,223,train
43766,413,564,train
43767,710,771,test
43768,93,385,train
43769,522,150,train
43770,251,49,train
43771,370,562,train
43772,193,384,test
43773,218,145,train
43774,81,214,train
43775,197,294,train
43776,546,683,test
43777,720,435,train
43778,229,660,test
43779,22,262,train
43780,366,96,train
43781,244,601,test
43782,631,625,train
43783,168,100,train
43784,494,756,test
43785,327,663,train
43786,731,512,train
43787,491,15,train
43788,118,770,train
43789,567,640,train
43790,379,704,train
43791,656,620,train
43792,215,398,train
43793,607,58,train
43794,201,558,test
43795,154,289,train
43796,55,293,train
43797,177,216,train
43798,767,231,train
43799,625,29,train
43800,162,169,test
43801,220,489,train
43802,657,402,train
43803,412,706,test
43804,387,567,train
43805,690,175,test
43806,18,250,train
43807,149,792,train
43808,571,266,test
43809,55,507,test
43810,331,468,train
43811,499,787,train
43812,684,765,train
43813,405,400,train
43814,117,298,train
43815,378,426,train
43816,391,306,test
43817,15,601,test
43818,545,587,train
43819,616,425,train
43820,174,103,train
43821,220,241,train
43822,680,501,train
43823,656,408,train
43824,570,389,test
43825,299,692,train
43826,794,503,train
43827,375,37,train
43828,233,193,train
43829,412,146,train
43830,94,229,train
43831,306,122,test
43832,129,48,train
43833,470,514,train
43834,225,313,train
43835,631,637,train
43836,45,103,train
43837,247,634,train
43838,354,624,train
43839,578,315,test
43840,503,143,train
43841,333,358,train
43842,441,585,train
43843,72,563,train
43844,677,407,train
43845,273,486,train
43846,296,184,train
43847,454,610,train
43848,652,506,train
43849,296,703,train
43850,606,376,train
43851,739,276,test
43852,588,497,train
43853,749,601,train
43854,317,298,train
43855,653,551,train
43856,283,376,test
43857,626,133,train
43858,297,91,train
43859,232,766,train
43860,431,555,train
43861,569,535,train
43862,102,566,train
43863,465,384,test
43864,249,61,test
43865,529,654,train
43866,662,380,train
43867,146,756,train
43868,505,152,train
43869,174,148,train
43870,793,665,train
43871,394,514,train
43872,635,705,train
43873,260,671,train
43874,789,204,train
43875,401,524,test
43876,649,311,train
43877,647,466,train
43878,187,465,train
43879,250,471,train
43880,390,643,train
43881,197,343,train
43882,762,243,test
43883,507,534,train
43884,449,776,train
43885,780,73,train
43886,634,367,train
43887,180,518,train
43888,145,620,train
43889,381,450,train
43890,674,492,test
43891,769,551,train
43892,726,612,train
43893,267,369,train
43894,64,319,train
43895,19,359,train
43896,100,149,train
43897,7,80,test
43898,335,198,train
43899,731,435,train
43900,334,478,train
43901,177,45,train
43902,275,463,test
43903,320,538,train
43904,542,481,train
43905,430,415,train
43906,163,427,test
43907,590,168,train
43908,462,726,train
43909,642,670,test
43910,582,756,train
43911,432,70,train
43912,6,276,train
43913,407,182,train
43914,336,663,train
43915,57,209,train
43916,162,105,test
43917,653,122,test
43918,347,331,test
43919,120,131,train
43920,119,379,train
43921,663,178,train
43922,384,656,train
43923,559,372,train
43924,253,501,train
43925,151,527,test
43926,243,558,test
43927,451,682,train
43928,383,744,train
43929,720,491,test
43930,480,600,test
43931,382,274,train
43932,139,668,train
43933,98,320,train
43934,504,564,train
43935,77,260,train
43936,59,275,train
43937,651,197,train
43938,634,442,train
43939,617,386,train
43940,230,505,train
43941,435,530,test
43942,482,512,train
43943,84,487,train
43944,737,313,test
43945,164,627,train
43946,365,434,train
43947,667,407,train
43948,527,457,train
43949,308,280,train
43950,476,497,train
43951,771,602,train
43952,399,580,train
43953,85,687,train
43954,123,445,test
43955,44,158,train
43956,441,228,train
43957,423,98,train
43958,156,305,train
43959,458,415,train
43960,271,715,train
43961,742,49,train
43962,596,154,train
43963,447,382,train
43964,155,143,test
43965,778,209,test
43966,570,171,train
43967,373,752,train
43968,172,293,train
43969,774,450,train
43970,659,111,train
43971,595,263,train
43972,118,397,train
43973,774,208,train
43974,690,263,train
43975,640,4,train
43976,515,200,train
43977,242,771,train
43978,250,55,train
43979,39,92,train
43980,171,139,train
43981,769,163,test
43982,720,182,train
43983,404,240,train
43984,576,476,train
43985,232,255,train
43986,372,708,train
43987,341,100,train
43988,291,544,train
43989,20,43,train
43990,403,725,train
43991,377,49,train
43992,438,219,train
43993,593,485,test
43994,601,610,test
43995,357,104,test
43996,115,91,train
43997,332,111,train
43998,202,697,test
43999,252,49,train
44000,150,262,train
44001,217,47,train
44002,584,416,train
44003,1,84,train
44004,673,172,train
44005,760,554,test
44006,617,602,train
44007,27,158,test
44008,366,787,train
44009,763,666,train
44010,195,425,train
44011,715,209,train
44012,83,56,train
44013,45,576,train
44014,325,727,train
44015,94,539,train
44016,281,753,train
44017,554,719,train
44018,550,128,train
44019,415,394,train
44020,373,380,train
44021,222,366,test
44022,119,325,train
44023,54,517,test
44024,653,456,train
44025,412,559,train
44026,585,60,train
44027,579,538,train
44028,445,229,test
44029,167,481,train
44030,796,634,test
44031,23,630,train
44032,615,325,train
44033,367,511,train
44034,726,773,train
44035,11,107,train
44036,251,685,train
44037,790,628,train
44038,592,74,test
44039,664,221,test
44040,425,483,train
44041,348,800,train
44042,427,787,test
44043,287,386,train
44044,291,669,train
44045,287,139,train
44046,475,460,train
44047,356,521,train
44048,558,783,train
44049,526,141,train
44050,598,657,train
44051,768,255,train
44052,647,428,train
44053,554,661,train
44054,431,558,train
44055,451,293,train
44056,768,164,train
44057,332,303,test
44058,81,543,train
44059,238,788,train
44060,783,173,train
44061,284,2,train
44062,433,558,train
44063,41,176,test
44064,509,482,test
44065,365,178,train
44066,604,677,train
44067,364,665,train
44068,100,124,train
44069,531,539,train
44070,572,250,train
44071,99,639,test
44072,139,693,train
44073,534,723,test
44074,180,306,train
44075,670,348,train
44076,695,790,train
44077,450,203,train
44078,457,341,train
44079,27,449,train
44080,563,394,test
44081,9,192,train
44082,342,589,train
44083,79,233,train
44084,163,158,test
44085,198,47,train
44086,692,602,train
44087,159,718,train
44088,269,677,train
44089,105,283,train
44090,770,26,train
44091,667,596,train
44092,588,506,train
44093,291,316,train
44094,709,84,train
44095,378,592,train
44096,333,169,train
44097,219,537,train
44098,672,434,train
44099,564,233,train
44100,261,523,test
44101,422,118,train
44102,387,516,test
44103,163,309,train
44104,766,619,train
44105,486,272,train
44106,472,4,train
44107,390,291,train
44108,391,775,test
44109,434,60,train
44110,332,163,train
44111,274,23,train
44112,392,743,train
44113,642,114,train
44114,212,362,test
44115,306,1,train
44116,69,169,test
44117,591,333,train
44118,313,772,train
44119,372,73,train
44120,765,49,train
44121,667,557,train
44122,751,758,train
44123,706,333,train
44124,364,548,train
44125,438,153,train
44126,582,462,train
44127,493,203,train
44128,68,449,test
44129,605,379,test
44130,697,723,train
44131,147,143,train
44132,554,39,train
44133,107,370,train
44134,626,711,train
44135,347,381,train
44136,301,182,test
44137,51,165,train
44138,384,480,train
44139,677,344,test
44140,200,639,train
44141,126,148,train
44142,222,65,train
44143,206,785,train
44144,150,680,train
44145,498,212,test
44146,239,427,test
44147,336,207,train
44148,793,369,train
44149,173,365,train
44150,220,697,train
44151,791,615,train
44152,661,628,train
44153,495,577,test
44154,167,337,train
44155,237,420,train
44156,702,226,train
44157,262,662,train
44158,41,111,train
44159,165,223,train
44160,174,788,train
44161,36,496,train
44162,699,218,train
44163,364,408,train
44164,8,5,train
44165,461,308,train
44166,198,779,train
44167,528,545,train
44168,797,758,train
44169,685,126,train
44170,47,772,train
44171,461,16,test
44172,484,196,test
44173,420,759,train
44174,118,75,train
44175,324,451,train
44176,777,602,train
44177,605,394,train
44178,459,143,train
44179,587,186,train
44180,472,280,train
44181,274,45,train
44182,732,314,train
44183,720,456,train
44184,299,741,train
44185,615,540,train
44186,379,694,train
44187,369,396,train
44188,636,415,train
44189,760,344,test
44190,613,531,train
44191,177,738,train
44192,429,157,train
44193,109,405,train
44194,62,601,train
44195,281,264,train
44196,633,600,train
44197,638,505,train
44198,359,589,train
44199,424,190,train
44200,697,526,train
44201,225,594,train
44202,495,314,train
44203,155,120,train
44204,426,2,train
44205,372,163,train
44206,590,365,train
44207,27,262,train
44208,358,329,test
44209,119,476,train
44210,289,25,train
44211,352,325,train
44212,559,291,test
44213,19,185,train
44214,120,748,train
44215,708,61,test
44216,94,427,test
44217,524,652,train
44218,467,141,train
44219,332,88,train
44220,227,188,train
44221,513,576,train
44222,537,715,train
44223,354,447,train
44224,561,15,train
44225,485,248,train
44226,24,426,train
44227,196,14,train
44228,453,511,train
44229,249,111,test
44230,344,252,train
44231,790,22,test
44232,721,404,train
44233,649,353,train
44234,338,605,train
44235,240,442,train
44236,146,605,train
44237,225,67,train
44238,491,124,train
44239,243,494,test
44240,751,534,train
44241,440,246,train
44242,174,753,train
44243,218,248,train
44244,567,311,train
44245,411,161,train
44246,665,761,test
44247,670,273,test
44248,70,562,train
44249,267,597,train
44250,63,354,train
44251,743,157,train
44252,205,302,train
44253,126,360,train
44254,3,19,train
44255,95,405,test
44256,115,286,train
44257,93,17,train
44258,251,527,train
44259,301,581,train
44260,632,382,train
44261,596,283,train
44262,341,252,train
44263,284,324,train
44264,638,667,train
44265,508,554,train
44266,502,359,train
44267,205,783,train
44268,791,735,test
44269,163,139,train
44270,637,50,test
44271,44,288,test
44272,149,342,train
44273,649,136,train
44274,648,436,test
44275,220,762,train
44276,16,448,train
44277,309,383,test
44278,566,662,train
44279,240,612,train
44280,147,520,train
44281,346,47,train
44282,576,631,train
44283,602,229,train
44284,640,39,train
44285,279,788,train
44286,685,395,train
44287,588,703,train
44288,136,421,test
44289,153,601,train
44290,427,714,train
44291,43,233,test
44292,191,575,train
44293,577,121,train
44294,352,195,train
44295,786,146,train
44296,149,509,train
44297,693,291,train
44298,393,133,train
44299,387,769,test
44300,38,245,train
44301,63,699,train
44302,623,87,train
44303,20,758,test
44304,527,153,train
44305,166,789,train
44306,552,279,train
44307,729,308,train
44308,584,134,test
44309,647,6,test
44310,61,114,train
44311,704,164,train
44312,693,414,train
44313,660,583,test
44314,287,557,train
44315,433,486,test
44316,286,563,train
44317,161,698,train
44318,73,437,train
44319,519,403,train
44320,232,330,train
44321,287,85,train
44322,448,89,train
44323,226,789,train
44324,141,593,train
44325,159,163,train
44326,177,346,test
44327,680,776,train
44328,769,650,train
44329,538,510,train
44330,552,721,train
44331,525,258,train
44332,367,285,train
44333,342,191,train
44334,206,14,train
44335,223,247,train
44336,656,6,train
44337,217,685,train
44338,285,507,test
44339,262,658,train
44340,180,395,train
44341,540,310,train
44342,160,240,train
44343,149,632,train
44344,128,34,train
44345,240,306,train
44346,382,704,train
44347,394,40,test
44348,617,542,train
44349,387,553,train
44350,105,658,test
44351,256,497,train
44352,254,293,train
44353,58,561,train
44354,18,642,train
44355,245,10,test
44356,788,532,train
44357,72,551,train
44358,488,445,train
44359,264,531,train
44360,104,299,train
44361,191,384,train
44362,535,60,train
44363,465,32,train
44364,96,115,train
44365,570,742,train
44366,552,134,train
44367,121,675,train
44368,158,592,train
44369,301,684,train
44370,25,664,test
44371,390,475,test
44372,775,470,test
44373,187,533,train
44374,629,385,train
44375,17,186,train
44376,651,781,test
44377,56,579,test
44378,318,465,train
44379,506,301,train
44380,719,686,train
44381,430,435,train
44382,105,770,train
44383,233,630,test
44384,562,273,train
44385,670,396,train
44386,785,601,train
44387,640,627,train
44388,248,34,train
44389,179,516,train
44390,611,351,test
44391,571,55,train
44392,765,327,train
44393,319,143,train
44394,286,461,train
44395,405,716,train
44396,98,733,train
44397,118,492,train
44398,23,496,train
44399,720,245,train
44400,461,463,test
44401,208,264,test
44402,266,361,train
44403,485,268,train
44404,456,23,test
44405,642,232,train
44406,246,792,train
44407,565,230,train
44408,77,693,test
44409,64,427,train
44410,696,446,train
44411,227,554,test
44412,460,206,train
44413,261,467,train
44414,327,716,train
44415,482,293,train
44416,420,726,test
44417,452,287,train
44418,364,89,test
44419,745,546,train
44420,95,269,test
44421,457,522,test
44422,779,578,train
44423,413,767,test
44424,204,510,train
44425,523,684,train
44426,304,757,train
44427,161,196,train
44428,785,128,test
44429,790,422,train
44430,94,761,test
44431,687,731,train
44432,577,303,train
44433,57,407,train
44434,506,756,train
44435,361,36,train
44436,759,123,train
44437,16,324,test
44438,635,720,train
44439,34,47,train
44440,584,777,train
44441,222,173,train
44442,777,751,test
44443,36,179,train
44444,76,740,train
44445,155,220,test
44446,661,364,train
44447,794,447,train
44448,494,265,train
44449,356,493,test
44450,475,223,train
44451,399,101,train
44452,189,621,train
44453,88,21,train
44454,264,778,train
44455,771,625,train
44456,100,103,train
44457,206,407,train
44458,217,374,train
44459,385,153,train
44460,559,23,train
44461,241,378,train
44462,503,690,train
44463,250,756,train
44464,197,770,train
44465,165,89,train
44466,229,220,train
44467,280,688,train
44468,321,666,test
44469,664,798,train
44470,596,649,train
44471,299,38,train
44472,788,406,test
44473,608,87,train
44474,28,398,train
44475,508,267,train
44476,793,421,train
44477,642,385,test
44478,6,628,train
44479,597,422,train
44480,708,450,train
44481,708,191,train
44482,378,396,test
44483,528,340,test
44484,764,497,train
44485,502,108,train
44486,673,97,train
44487,126,135,train
44488,489,539,test
44489,463,209,train
44490,3,677,train
44491,362,289,train
44492,631,757,train
44493,758,35,train
44494,768,762,train
44495,138,776,train
44496,99,157,train
44497,222,702,train
44498,512,435,test
44499,307,137,train
44500,162,336,train
44501,86,60,train
44502,137,141,train
44503,469,145,train
44504,757,296,train
44505,101,641,train
44506,511,495,train
44507,179,682,train
44508,292,746,test
44509,304,697,train
44510,451,270,train
44511,404,58,train
44512,757,70,test
44513,295,672,test
44514,205,438,train
44515,616,359,train
44516,762,250,train
44517,437,76,train
44518,275,461,train
44519,287,324,train
44520,758,703,test
44521,245,775,train
44522,774,793,train
44523,250,634,train
44524,148,713,train
44525,623,797,test
44526,791,462,test
44527,224,408,train
44528,363,752,test
44529,424,740,train
44530,426,84,train
44531,95,223,train
44532,684,730,train
44533,567,593,train
44534,512,351,train
44535,549,504,train
44536,125,324,test
44537,60,285,train
44538,644,487,train
44539,191,759,train
44540,347,205,train
44541,787,689,train
44542,599,711,train
44543,544,265,test
44544,342,744,train
44545,438,188,train
44546,222,158,train
44547,742,171,train
44548,735,649,train
44549,386,308,train
44550,37,779,train
44551,527,461,train
44552,163,211,train
44553,390,754,test
44554,643,800,test
44555,681,567,train
44556,314,62,test
44557,652,696,train
44558,746,727,test
44559,425,316,train
44560,91,652,test
44561,753,113,train
44562,660,732,train
44563,538,244,train
44564,205,747,test
44565,173,214,train
44566,259,295,train
44567,632,60,test
44568,407,677,train
44569,694,766,train
44570,796,570,train
44571,442,547,train
44572,507,408,test
44573,637,623,train
44574,414,371,train
44575,610,207,train
44576,389,102,train
44577,248,323,train
44578,308,92,train
44579,792,198,train
44580,104,484,train
44581,148,135,train
44582,534,605,train
44583,316,234,train
44584,138,189,train
44585,232,420,train
44586,490,501,train
44587,748,56,test
44588,261,231,train
44589,237,735,train
44590,502,202,train
44591,394,288,test
44592,484,21,test
44593,633,696,test
44594,89,564,train
44595,656,777,test
44596,317,268,train
44597,229,353,train
44598,627,480,train
44599,312,343,train
44600,587,286,train
44601,1,307,train
44602,570,271,train
44603,214,115,train
44604,280,142,train
44605,196,649,train
44606,709,569,train
44607,50,21,train
44608,795,410,train
44609,83,167,train
44610,386,604,train
44611,560,186,train
44612,728,436,train
44613,377,164,train
44614,456,775,train
44615,207,719,train
44616,117,257,train
44617,125,356,train
44618,535,779,test
44619,365,486,train
44620,717,404,test
44621,635,68,train
44622,84,321,train
44623,639,641,train
44624,482,398,train
44625,356,233,train
44626,466,502,test
44627,762,17,train
44628,351,324,train
44629,290,136,train
44630,595,187,test
44631,792,742,train
44632,170,179,train
44633,798,110,train
44634,651,599,train
44635,87,376,test
44636,64,91,train
44637,209,342,test
44638,741,244,train
44639,163,285,test
44640,531,395,train
44641,318,169,train
44642,764,331,train
44643,573,99,test
44644,472,258,train
44645,296,722,train
44646,332,395,train
44647,28,761,train
44648,403,386,train
44649,217,230,train
44650,658,324,train
44651,449,355,train
44652,37,798,train
44653,277,662,train
44654,154,555,test
44655,22,359,train
44656,750,686,train
44657,674,756,train
44658,682,689,test
44659,246,767,train
44660,540,687,test
44661,627,284,train
44662,100,589,test
44663,650,65,test
44664,648,118,test
44665,568,27,train
44666,762,520,test
44667,587,673,train
44668,462,380,test
44669,745,169,train
44670,99,356,train
44671,276,797,test
44672,242,792,train
44673,561,298,train
44674,163,731,train
44675,464,355,train
44676,601,695,train
44677,287,136,test
44678,72,470,train
44679,721,670,train
44680,405,335,train
44681,39,275,train
44682,194,130,train
44683,548,466,train
44684,224,757,train
44685,153,429,test
44686,606,180,test
44687,659,523,test
44688,245,557,train
44689,764,350,train
44690,221,590,train
44691,262,635,test
44692,356,531,train
44693,449,80,train
44694,731,289,train
44695,629,392,train
44696,289,466,train
44697,565,318,train
44698,124,667,train
44699,271,729,train
44700,354,344,train
44701,741,277,test
44702,729,675,train
44703,42,475,train
44704,752,736,test
44705,523,52,test
44706,185,244,train
44707,326,682,train
44708,745,582,train
44709,415,75,test
44710,493,108,train
44711,386,367,train
44712,324,440,train
44713,648,227,test
44714,697,620,train
44715,774,799,train
44716,35,379,train
44717,276,9,train
44718,713,606,test
44719,9,667,train
44720,212,279,train
44721,630,643,test
44722,73,708,train
44723,534,592,train
44724,722,584,train
44725,69,26,train
44726,340,286,test
44727,110,154,train
44728,14,337,train
44729,16,127,test
44730,448,759,train
44731,438,729,train
44732,761,149,train
44733,466,31,train
44734,404,87,train
44735,246,143,train
44736,103,569,train
44737,518,39,train
44738,127,154,test
44739,62,314,test
44740,152,570,train
44741,657,529,train
44742,427,548,train
44743,454,642,train
44744,210,347,test
44745,514,272,train
44746,737,389,test
44747,249,748,train
44748,75,154,train
44749,599,85,train
44750,531,343,train
44751,610,561,train
44752,427,80,train
44753,146,671,test
44754,615,466,test
44755,36,259,train
44756,345,288,train
44757,662,624,train
44758,349,447,train
44759,232,633,train
44760,592,524,test
44761,59,400,train
44762,409,87,test
44763,114,707,train
44764,180,665,train
44765,190,31,test
44766,539,328,train
44767,41,716,train
44768,636,663,train
44769,343,676,train
44770,431,27,train
44771,443,303,train
44772,398,208,test
44773,394,110,train
44774,484,520,train
44775,515,117,train
44776,534,137,train
44777,15,622,train
44778,492,253,train
44779,176,83,train
44780,51,331,train
44781,150,442,train
44782,230,658,train
44783,13,548,train
44784,178,433,train
44785,474,105,test
44786,421,222,train
44787,516,88,test
44788,709,106,train
44789,376,301,train
44790,407,774,train
44791,488,198,train
44792,406,763,train
44793,595,521,train
44794,725,200,train
44795,146,560,train
44796,545,261,train
44797,250,299,train
44798,574,623,test
44799,670,726,train
44800,456,715,train
44801,574,789,test
44802,569,524,train
44803,741,718,train
44804,719,421,train
44805,311,290,train
44806,595,314,train
44807,565,7,train
44808,452,388,train
44809,393,604,test
44810,3,97,train
44811,580,795,train
44812,749,765,test
44813,542,211,train
44814,385,426,train
44815,494,798,train
44816,536,434,train
44817,573,253,train
44818,625,608,train
44819,489,626,test
44820,294,497,train
44821,448,422,train
44822,483,286,train
44823,439,402,test
44824,309,594,train
44825,174,284,train
44826,752,532,train
44827,722,230,test
44828,571,260,train
44829,134,604,train
44830,767,438,train
44831,620,128,train
44832,416,8,train
44833,261,209,train
44834,177,228,train
44835,794,632,train
44836,199,92,train
44837,355,59,test
44838,372,268,train
44839,124,660,train
44840,698,753,train
44841,475,468,train
44842,29,660,train
44843,468,660,train
44844,44,111,train
44845,652,586,train
44846,129,502,test
44847,402,562,train
44848,603,456,train
44849,151,35,train
44850,290,508,train
44851,676,715,train
44852,296,551,train
44853,272,740,train
44854,582,530,train
44855,347,134,train
44856,355,55,test
44857,276,143,train
44858,448,658,train
44859,43,75,test
44860,506,412,train
44861,265,351,train
44862,620,184,train
44863,148,706,train
44864,18,153,train
44865,187,231,train
44866,202,128,train
44867,388,587,train
44868,496,302,test
44869,278,540,train
44870,238,716,train
44871,128,331,train
44872,787,515,train
44873,733,716,test
44874,306,672,train
44875,461,654,train
44876,380,341,test
44877,683,351,train
44878,436,492,train
44879,11,601,train
44880,43,250,test
44881,575,34,train
44882,231,72,train
44883,254,569,train
44884,200,575,train
44885,198,134,train
44886,39,457,train
44887,716,749,train
44888,678,568,test
44889,224,40,test
44890,562,130,train
44891,374,107,train
44892,323,54,train
44893,270,405,train
44894,69,581,test
44895,798,245,train
44896,733,552,train
44897,89,312,train
44898,120,89,test
44899,436,13,train
44900,53,376,train
44901,687,717,train
44902,19,130,test
44903,113,410,train
44904,284,650,train
44905,372,659,train
44906,736,110,train
44907,412,276,train
44908,305,376,train
44909,86,351,train
44910,210,463,train
44911,621,21,test
44912,357,536,train
44913,775,676,test
44914,493,374,train
44915,486,696,train
44916,752,141,train
44917,621,796,test
44918,621,371,train
44919,176,389,train
44920,223,315,train
44921,552,381,train
44922,50,641,train
44923,796,456,train
44924,606,707,train
44925,128,168,train
44926,385,742,train
44927,464,535,train
44928,448,705,train
44929,28,325,train
44930,565,360,train
44931,126,726,test
44932,778,217,train
44933,99,587,train
44934,58,350,train
44935,780,133,train
44936,563,292,train
44937,789,229,train
44938,449,696,train
44939,609,233,train
44940,788,320,train
44941,493,591,train
44942,780,318,train
44943,308,270,train
44944,774,110,test
44945,638,219,train
44946,740,399,train
44947,132,546,train
44948,570,706,train
44949,89,308,train
44950,381,259,train
44951,677,412,test
44952,314,539,train
44953,381,127,test
44954,21,25,test
44955,85,32,train
44956,427,315,test
44957,544,217,train
44958,267,294,train
44959,255,464,train
44960,173,160,train
44961,20,88,train
44962,675,61,train
44963,430,356,train
44964,159,693,train
44965,129,246,train
44966,83,169,test
44967,612,193,train
44968,219,154,train
44969,645,87,test
44970,436,689,train
44971,326,282,train
44972,779,49,train
44973,112,391,train
44974,345,779,train
44975,637,173,train
44976,787,242,train
44977,558,477,train
44978,96,578,test
44979,28,793,train
44980,221,168,train
44981,420,254,train
44982,763,574,train
44983,270,589,test
44984,656,632,train
44985,469,295,test
44986,270,135,train
44987,152,354,train
44988,742,3,test
44989,357,645,train
44990,652,176,train
44991,87,496,train
44992,791,761,train
44993,760,48,train
44994,200,594,train
44995,661,707,train
44996,743,528,train
44997,304,533,train
44998,748,584,train
44999,54,224,test
45000,163,94,train
45001,313,728,train
45002,762,29,train
45003,84,200,test
45004,123,139,train
45005,25,530,train
45006,166,544,train
45007,28,381,train
45008,107,35,train
45009,792,729,train
45010,43,477,train
45011,67,697,train
45012,492,233,train
45013,467,551,train
45014,784,291,train
45015,632,224,train
45016,502,44,train
45017,317,664,test
45018,337,482,train
45019,141,169,train
45020,149,29,test
45021,399,140,train
45022,310,415,train
45023,93,354,train
45024,710,248,train
45025,492,593,train
45026,552,240,train
45027,559,665,train
45028,475,266,train
45029,480,796,test
45030,371,691,train
45031,119,82,train
45032,514,239,train
45033,552,417,train
45034,324,276,train
45035,570,526,train
45036,765,450,test
45037,724,611,train
45038,626,650,train
45039,109,606,train
45040,7,142,train
45041,672,667,train
45042,470,137,train
45043,221,93,train
45044,700,761,train
45045,384,363,train
45046,362,92,train
45047,67,328,train
45048,107,380,test
45049,359,258,train
45050,407,117,test
45051,258,658,train
45052,231,539,train
45053,701,667,train
45054,743,693,train
45055,620,425,train
45056,209,736,train
45057,52,578,train
45058,709,352,train
45059,145,614,train
45060,617,152,train
45061,526,298,train
45062,293,285,train
45063,613,675,test
45064,382,725,train
45065,697,221,test
45066,719,205,train
45067,616,755,test
45068,53,462,train
45069,592,459,train
45070,736,551,train
45071,397,699,train
45072,35,104,train
45073,352,414,train
45074,86,382,train
45075,191,774,test
45076,747,204,train
45077,250,611,test
45078,341,523,train
45079,198,371,train
45080,349,796,train
45081,365,77,train
45082,42,582,test
45083,444,381,train
45084,517,580,test
45085,345,781,train
45086,574,105,test
45087,194,51,train
45088,59,463,train
45089,399,715,train
45090,404,268,train
45091,638,748,train
45092,376,347,train
45093,266,652,train
45094,169,731,test
45095,265,506,train
45096,204,361,train
45097,724,37,train
45098,136,36,train
45099,582,314,train
45100,403,650,test
45101,605,677,train
45102,94,578,train
45103,800,684,train
45104,686,604,train
45105,467,70,train
45106,603,423,test
45107,491,658,train
45108,298,703,train
45109,719,786,train
45110,396,586,train
45111,151,84,train
45112,413,255,test
45113,561,159,train
45114,94,620,train
45115,62,18,train
45116,203,416,train
45117,269,635,train
45118,714,184,test
45119,579,276,train
45120,367,242,train
45121,155,218,train
45122,642,549,train
45123,727,34,train
45124,672,52,test
45125,760,230,train
45126,775,159,train
45127,689,458,train
45128,711,565,test
45129,287,373,test
45130,413,780,test
45131,232,147,test
45132,717,383,train
45133,198,756,train
45134,178,727,train
45135,444,577,train
45136,280,309,test
45137,338,664,test
45138,503,480,train
45139,652,617,train
45140,190,602,train
45141,597,5,train
45142,786,260,train
45143,631,401,test
45144,605,753,train
45145,546,63,train
45146,787,204,train
45147,133,699,train
45148,203,155,test
45149,31,163,train
45150,58,249,train
45151,158,7,train
45152,590,243,train
45153,737,8,test
45154,140,662,test
45155,283,635,test
45156,20,241,train
45157,731,719,train
45158,727,652,test
45159,732,122,test
45160,501,712,train
45161,16,268,train
45162,96,134,train
45163,781,242,train
45164,442,542,train
45165,455,605,test
45166,221,787,train
45167,609,601,train
45168,334,385,train
45169,687,202,train
45170,783,691,train
45171,495,768,test
45172,749,672,train
45173,19,377,test
45174,157,500,train
45175,260,442,train
45176,26,444,train
45177,27,585,train
45178,739,537,train
45179,306,73,train
45180,328,710,train
45181,730,344,test
45182,371,311,train
45183,616,459,train
45184,50,242,train
45185,245,709,train
45186,758,227,train
45187,420,348,test
45188,717,268,train
45189,722,60,train
45190,368,156,train
45191,716,522,train
45192,294,196,train
45193,434,277,train
45194,133,223,train
45195,133,468,train
45196,200,490,train
45197,701,776,train
45198,37,253,train
45199,20,182,train
45200,333,130,train
45201,58,585,train
45202,562,243,test
45203,334,627,test
45204,398,91,test
45205,83,716,train
45206,18,108,test
45207,388,708,test
45208,91,669,train
45209,509,277,train
45210,749,267,test
45211,232,492,test
45212,302,432,train
45213,103,273,test
45214,301,735,train
45215,210,665,train
45216,463,140,train
45217,20,508,train
45218,10,51,train
45219,627,446,train
45220,562,392,train
45221,283,333,train
45222,447,536,train
45223,449,295,train
45224,310,579,train
45225,648,288,test
45226,232,99,train
45227,15,41,train
45228,579,343,train
45229,684,413,train
45230,245,28,train
45231,302,635,train
45232,25,181,test
45233,250,138,train
45234,346,450,train
45235,382,227,test
45236,715,463,train
45237,591,764,train
45238,471,337,train
45239,127,136,train
45240,167,221,train
45241,107,287,train
45242,377,410,train
45243,530,224,train
45244,796,747,train
45245,240,435,train
45246,313,346,train
45247,537,347,test
45248,262,100,train
45249,526,713,test
45250,102,638,train
45251,160,143,train
45252,495,659,train
45253,450,486,train
45254,709,488,train
45255,64,282,train
45256,71,164,train
45257,320,735,train
45258,69,164,train
45259,271,414,train
45260,638,340,train
45261,215,650,train
45262,540,520,train
45263,142,691,train
45264,94,643,train
45265,334,619,train
45266,5,345,train
45267,219,230,train
45268,622,190,train
45269,132,686,train
45270,235,99,train
45271,155,612,train
45272,265,717,train
45273,485,791,test
45274,695,584,test
45275,610,630,train
45276,193,753,test
45277,137,315,train
45278,340,631,train
45279,680,543,train
45280,590,257,train
45281,734,507,train
45282,74,536,train
45283,793,762,train
45284,435,650,test
45285,274,367,train
45286,146,792,train
45287,388,294,train
45288,31,480,train
45289,442,39,train
45290,52,526,train
45291,784,664,train
45292,215,669,train
45293,696,154,train
45294,373,265,train
45295,209,574,train
45296,332,295,train
45297,36,307,train
45298,486,164,train
45299,323,290,train
45300,175,314,train
45301,565,109,train
45302,421,745,train
45303,428,532,test
45304,205,749,test
45305,339,648,test
45306,225,187,train
45307,416,759,train
45308,271,56,train
45309,401,579,test
45310,665,241,train
45311,628,707,train
45312,281,208,train
45313,398,499,test
45314,147,271,test
45315,443,190,test
45316,213,294,train
45317,473,447,train
45318,636,502,train
45319,695,795,test
45320,303,702,train
45321,248,506,train
45322,207,525,train
45323,635,277,train
45324,138,773,train
45325,654,54,train
45326,409,201,train
45327,400,770,train
45328,81,498,train
45329,549,63,train
45330,574,408,test
45331,161,758,test
45332,760,740,train
45333,593,299,train
45334,96,141,train
45335,770,551,train
45336,720,358,train
45337,101,729,test
45338,450,490,train
45339,518,542,train
45340,399,352,train
45341,417,677,train
45342,147,448,train
45343,265,127,train
45344,4,226,train
45345,25,726,train
45346,447,145,train
45347,628,715,test
45348,677,246,train
45349,339,702,train
45350,197,49,train
45351,563,774,train
45352,142,262,train
45353,731,241,test
45354,143,459,train
45355,776,203,train
45356,155,511,train
45357,252,173,train
45358,17,652,train
45359,560,554,train
45360,366,13,train
45361,779,574,train
45362,400,30,test
45363,696,304,test
45364,367,550,train
45365,318,406,train
45366,613,67,train
45367,253,634,train
45368,715,610,train
45369,688,601,test
45370,534,372,train
45371,491,645,train
45372,363,467,train
45373,260,549,train
45374,518,60,train
45375,544,228,test
45376,225,148,train
45377,707,302,test
45378,278,239,train
45379,406,57,train
45380,254,744,train
45381,95,225,train
45382,411,304,train
45383,683,409,train
45384,636,333,train
45385,595,371,train
45386,377,275,train
45387,110,416,test
45388,275,656,test
45389,710,598,train
45390,370,210,test
45391,349,217,train
45392,430,613,train
45393,127,741,train
45394,774,737,train
45395,249,324,train
45396,571,310,train
45397,619,334,train
45398,87,350,train
45399,233,169,train
45400,206,73,train
45401,718,58,train
45402,254,469,train
45403,123,70,train
45404,210,192,train
45405,721,282,train
45406,574,589,train
45407,658,140,train
45408,463,469,train
45409,514,724,train
45410,639,132,train
45411,314,138,test
45412,684,229,train
45413,136,407,train
45414,54,770,train
45415,195,701,train
45416,544,553,train
45417,62,680,train
45418,713,319,train
45419,622,82,train
45420,725,289,train
45421,87,629,train
45422,111,519,test
45423,744,534,train
45424,429,533,train
45425,542,201,train
45426,344,253,train
45427,624,554,train
45428,395,25,test
45429,420,666,train
45430,388,19,train
45431,335,320,train
45432,170,313,test
45433,171,453,train
45434,656,25,train
45435,470,591,train
45436,40,552,test
45437,580,244,train
45438,311,225,test
45439,296,741,train
45440,343,80,train
45441,57,45,test
45442,176,530,train
45443,619,653,train
45444,6,268,test
45445,538,147,test
45446,428,713,train
45447,232,20,test
45448,283,701,train
45449,774,199,train
45450,151,397,train
45451,762,485,train
45452,734,635,train
45453,428,116,train
45454,745,167,test
45455,702,663,train
45456,380,64,train
45457,407,642,test
45458,609,767,train
45459,94,349,train
45460,103,2,train
45461,335,603,test
45462,398,351,train
45463,376,287,test
45464,115,346,test
45465,581,745,train
45466,280,287,train
45467,422,249,test
45468,562,428,train
45469,21,688,train
45470,342,176,train
45471,277,368,train
45472,539,10,train
45473,372,368,train
45474,480,251,train
45475,516,199,train
45476,333,165,test
45477,55,606,train
45478,499,272,train
45479,241,292,train
45480,309,633,train
45481,39,175,train
45482,585,694,train
45483,759,84,train
45484,583,122,train
45485,627,675,test
45486,287,581,train
45487,703,188,test
45488,670,571,train
45489,124,3,test
45490,545,94,train
45491,624,2,test
45492,667,24,test
45493,277,231,test
45494,119,171,train
45495,161,522,train
45496,308,366,train
45497,579,585,train
45498,636,344,test
45499,464,553,train
45500,703,760,test
45501,275,721,train
45502,79,259,train
45503,98,483,train
45504,47,188,train
45505,241,704,train
45506,208,404,train
45507,198,139,train
45508,195,167,train
45509,96,788,train
45510,710,231,train
45511,114,727,test
45512,560,450,train
45513,206,607,train
45514,117,241,train
45515,572,689,train
45516,294,700,test
45517,57,505,train
45518,339,452,train
45519,385,461,train
45520,631,522,train
45521,481,186,train
45522,119,216,test
45523,257,361,test
45524,418,667,train
45525,499,281,train
45526,352,351,train
45527,11,465,train
45528,598,174,train
45529,721,9,train
45530,424,5,train
45531,155,649,test
45532,593,604,train
45533,242,233,train
45534,620,36,train
45535,160,81,test
45536,740,211,train
45537,257,47,train
45538,22,426,train
45539,625,446,test
45540,5,579,train
45541,756,664,train
45542,34,94,test
45543,243,105,train
45544,780,185,train
45545,798,530,train
45546,752,31,train
45547,190,783,test
45548,165,356,train
45549,237,202,train
45550,456,309,train
45551,540,519,train
45552,797,202,train
45553,124,404,train
45554,213,18,train
45555,249,128,train
45556,706,285,train
45557,330,235,train
45558,382,346,train
45559,405,337,test
45560,691,61,test
45561,285,770,train
45562,704,388,test
45563,421,117,train
45564,624,47,train
45565,651,522,train
45566,663,290,train
45567,190,653,train
45568,451,754,train
45569,35,594,train
45570,628,727,train
45571,777,213,train
45572,724,665,train
45573,100,178,train
45574,184,769,train
45575,157,173,train
45576,681,296,train
45577,795,369,test
45578,374,563,train
45579,117,110,test
45580,207,639,train
45581,370,92,train
45582,778,50,train
45583,379,772,train
45584,96,769,train
45585,789,359,train
45586,225,248,test
45587,88,633,train
45588,57,92,train
45589,200,677,train
45590,245,40,train
45591,401,635,train
45592,304,138,train
45593,91,7,train
45594,501,523,train
45595,676,257,test
45596,615,572,train
45597,543,303,train
45598,49,410,train
45599,166,745,train
45600,239,597,train
45601,259,440,train
45602,296,432,train
45603,243,302,train
45604,330,196,train
45605,300,309,train
45606,487,652,train
45607,226,388,train
45608,454,672,train
45609,118,294,train
45610,329,167,train
45611,542,495,test
45612,476,210,test
45613,65,499,test
45614,119,329,train
45615,622,739,train
45616,420,261,train
45617,62,408,train
45618,658,96,train
45619,454,789,train
45620,233,24,train
45621,439,786,train
45622,11,109,test
45623,628,379,train
45624,592,331,train
45625,324,201,train
45626,256,286,train
45627,218,486,train
45628,480,394,train
45629,161,43,train
45630,181,214,train
45631,723,206,train
45632,232,713,train
45633,753,790,train
45634,42,483,test
45635,643,325,train
45636,30,482,test
45637,744,663,train
45638,133,201,test
45639,438,720,test
45640,717,393,train
45641,480,692,test
45642,476,579,train
45643,627,609,train
45644,552,504,train
45645,98,334,train
45646,610,219,train
45647,373,790,test
45648,377,384,test
45649,395,234,train
45650,112,706,train
45651,737,204,train
45652,403,634,train
45653,408,455,train
45654,776,485,train
45655,610,222,train
45656,524,130,test
45657,612,262,test
45658,191,650,test
45659,795,455,train
45660,580,690,train
45661,727,399,train
45662,184,220,train
45663,366,483,test
45664,576,543,train
45665,771,448,train
45666,328,305,train
45667,740,771,train
45668,754,589,train
45669,390,380,test
45670,471,477,train
45671,636,616,train
45672,469,87,train
45673,553,724,test
45674,706,434,train
45675,206,174,train
45676,71,206,train
45677,170,51,train
45678,401,800,train
45679,273,348,train
45680,625,779,train
45681,625,474,train
45682,175,522,train
45683,481,687,test
45684,789,186,train
45685,465,254,train
45686,772,554,test
45687,145,152,train
45688,578,591,train
45689,98,658,test
45690,390,529,test
45691,57,55,train
45692,177,317,train
45693,293,687,test
45694,584,245,test
45695,126,48,test
45696,614,517,train
45697,700,704,train
45698,696,716,train
45699,799,147,train
45700,688,661,train
45701,129,463,train
45702,387,658,train
45703,51,740,test
45704,490,721,train
45705,460,332,train
45706,201,127,train
45707,450,648,train
45708,388,221,train
45709,314,575,train
45710,384,318,train
45711,709,302,train
45712,790,104,test
45713,385,642,test
45714,4,119,train
45715,76,279,train
45716,422,263,train
45717,452,326,train
45718,167,626,test
45719,176,248,train
45720,202,260,test
45721,602,321,test
45722,546,232,train
45723,309,587,test
45724,573,376,train
45725,616,376,train
45726,378,223,train
45727,703,652,train
45728,784,517,train
45729,605,260,train
45730,14,234,train
45731,607,232,test
45732,609,202,train
45733,118,398,test
45734,792,654,train
45735,224,7,train
45736,81,281,test
45737,139,143,train
45738,251,521,train
45739,405,294,train
45740,344,748,train
45741,785,760,train
45742,436,336,train
45743,700,540,test
45744,563,280,test
45745,701,311,train
45746,413,331,train
45747,61,784,train
45748,161,682,test
45749,495,508,train
45750,41,70,train
45751,308,247,train
45752,294,454,test
45753,37,525,train
45754,581,80,test
45755,587,381,train
45756,678,426,train
45757,114,333,train
45758,692,607,train
45759,687,454,train
45760,138,587,test
45761,721,200,train
45762,110,684,train
45763,732,731,train
45764,591,754,train
45765,463,640,train
45766,416,3,test
45767,743,430,test
45768,659,580,train
45769,173,619,train
45770,29,304,test
45771,287,214,test
45772,450,96,train
45773,403,734,train
45774,128,49,train
45775,394,138,train
45776,331,228,train
45777,719,520,test
45778,457,296,train
45779,524,400,train
45780,2,153,train
45781,211,800,train
45782,535,517,train
45783,1,572,train
45784,690,360,test
45785,456,118,train
45786,790,72,train
45787,414,472,train
45788,155,231,train
45789,698,149,train
45790,401,730,train
45791,771,24,train
45792,342,788,train
45793,71,436,train
45794,486,220,train
45795,512,163,train
45796,762,185,train
45797,469,245,train
45798,589,374,train
45799,4,781,train
45800,515,586,train
45801,577,565,train
45802,386,222,train
45803,610,547,train
45804,104,727,train
45805,529,2,test
45806,393,363,train
45807,206,687,test
45808,102,92,train
45809,531,455,train
45810,571,736,train
45811,153,639,train
45812,219,337,test
45813,55,315,train
45814,1,462,train
45815,332,371,test
45816,576,161,test
45817,387,454,train
45818,104,105,train
45819,443,741,train
45820,186,779,train
45821,207,552,train
45822,82,307,test
45823,17,329,train
45824,44,687,test
45825,304,707,train
45826,203,107,test
45827,467,143,train
45828,663,500,train
45829,780,776,train
45830,721,702,train
45831,51,515,train
45832,360,131,train
45833,123,336,train
45834,627,112,train
45835,311,50,train
45836,766,477,train
45837,740,126,train
45838,223,317,train
45839,229,686,test
45840,79,328,train
45841,395,201,train
45842,329,225,train
45843,500,85,train
45844,218,413,train
45845,585,159,train
45846,340,311,train
45847,206,637,train
45848,297,747,train
45849,392,304,train
45850,50,772,train
45851,552,580,test
45852,550,684,test
45853,490,307,train
45854,742,480,train
45855,666,512,test
45856,555,187,train
45857,362,311,test
45858,303,196,test
45859,235,602,train
45860,597,494,test
45861,484,514,train
45862,364,300,train
45863,558,680,test
45864,88,103,train
45865,676,751,train
45866,780,624,train
45867,239,363,test
45868,720,670,train
45869,10,239,train
45870,576,339,train
45871,458,615,train
45872,61,371,train
45873,641,573,train
45874,463,231,train
45875,112,690,test
45876,342,496,train
45877,133,686,train
45878,443,374,train
45879,211,170,train
45880,708,566,train
45881,634,648,train
45882,593,486,train
45883,412,47,train
45884,784,131,train
45885,207,370,train
45886,252,181,train
45887,24,337,train
45888,760,427,train
45889,355,87,test
45890,500,714,train
45891,139,314,train
45892,277,450,train
45893,445,405,train
45894,785,237,train
45895,528,175,train
45896,372,672,test
45897,300,410,train
45898,104,600,train
45899,768,610,test
45900,172,212,test
45901,598,389,train
45902,669,279,test
45903,555,92,test
45904,529,530,train
45905,343,235,train
45906,72,380,train
45907,622,162,train
45908,112,628,train
45909,58,688,train
45910,539,295,train
45911,384,262,test
45912,536,736,train
45913,72,67,train
45914,57,736,test
45915,784,492,train
45916,414,18,train
45917,690,135,train
45918,300,650,train
45919,57,92,train
45920,171,221,train
45921,190,262,train
45922,254,131,train
45923,426,430,test
45924,675,411,train
45925,390,553,train
45926,796,427,train
45927,304,443,train
45928,52,365,train
45929,750,744,train
45930,164,260,test
45931,292,477,test
45932,121,296,train
45933,550,264,test
45934,235,542,train
45935,291,565,train
45936,339,444,train
45937,748,22,test
45938,674,448,train
45939,11,316,train
45940,776,453,train
45941,40,604,train
45942,490,262,train
45943,741,291,train
45944,383,745,train
45945,138,681,train
45946,447,14,train
45947,177,327,train
45948,323,76,train
45949,10,708,train
45950,536,340,train
45951,742,535,train
45952,198,788,train
45953,424,190,train
45954,110,562,train
45955,133,401,train
45956,526,462,train
45957,718,538,train
45958,187,48,test
45959,341,60,train
45960,375,152,train
45961,123,359,test
45962,160,212,test
45963,80,763,train
45964,641,381,train
45965,746,239,train
45966,115,724,train
45967,37,480,train
45968,272,487,train
45969,422,723,test
45970,638,584,test
45971,81,686,train
45972,285,663,train
45973,639,625,test
45974,74,111,train
45975,151,450,test
45976,763,714,train
45977,358,752,train
45978,724,726,test
45979,300,136,test
45980,596,141,train
45981,458,658,train
45982,5,599,train
45983,437,764,test
45984,302,57,train
45985,639,776,train
45986,414,453,test
45987,38,248,train
45988,198,120,train
45989,126,320,train
45990,762,483,train
45991,508,580,test
45992,440,574,train
45993,210,716,train
45994,103,677,test
45995,786,509,train
45996,170,722,test
45997,104,42,train
45998,353,776,train
45999,540,422,train
46000,699,85,test
46001,439,518,test
46002,293,457,test
46003,783,108,train
46004,733,186,train
46005,747,512,train
46006,40,336,train
46007,769,523,train
46008,231,613,train
46009,270,276,train
46010,786,721,train
46011,160,574,train
46012,70,648,train
46013,57,370,train
46014,529,420,train
46015,30,587,train
46016,714,757,train
46017,140,372,test
46018,743,768,train
46019,425,60,train
46020,471,477,train
46021,185,725,train
46022,344,396,train
46023,452,289,train
46024,204,482,train
46025,422,354,train
46026,779,507,train
46027,220,39,train
46028,465,231,test
46029,315,124,train
46030,70,764,train
46031,244,596,train
46032,616,145,train
46033,603,458,train
46034,797,227,train
46035,630,509,train
46036,319,47,train
46037,384,534,train
46038,500,270,train
46039,749,218,test
46040,445,162,train
46041,412,328,test
46042,394,509,train
46043,777,385,train
46044,83,602,train
46045,510,379,train
46046,254,470,train
46047,464,533,test
46048,728,734,train
46049,135,208,train
46050,255,690,train
46051,275,189,train
46052,168,147,train
46053,215,409,train
46054,334,450,train
46055,699,194,train
46056,386,775,train
46057,392,472,test
46058,58,52,train
46059,289,108,train
46060,232,97,train
46061,307,477,train
46062,738,83,train
46063,64,713,test
46064,680,527,train
46065,468,257,train
46066,609,56,train
46067,375,587,train
46068,139,420,train
46069,15,791,train
46070,579,6,train
46071,11,568,train
46072,73,211,train
46073,333,639,train
46074,224,530,train
46075,681,324,train
46076,4,514,test
46077,21,47,train
46078,399,361,test
46079,376,800,test
46080,387,269,train
46081,715,451,train
46082,8,25,train
46083,128,373,train
46084,372,280,train
46085,424,44,train
46086,468,793,train
46087,211,98,train
46088,518,539,train
46089,779,237,test
46090,779,217,test
46091,528,681,train
46092,213,622,test
46093,42,125,train
46094,435,235,train
46095,524,552,train
46096,226,645,train
46097,220,410,train
46098,135,390,train
46099,616,43,train
46100,103,588,train
46101,725,298,train
46102,294,369,test
46103,182,642,test
46104,444,368,train
46105,409,540,train
46106,185,629,train
46107,710,748,test
46108,255,709,train
46109,331,308,test
46110,797,553,train
46111,181,712,test
46112,298,522,train
46113,196,620,train
46114,477,553,test
46115,11,279,test
46116,781,471,train
46117,771,135,train
46118,497,324,train
46119,363,145,test
46120,512,108,test
46121,376,695,train
46122,333,245,train
46123,771,590,train
46124,438,663,train
46125,16,317,train
46126,2,164,train
46127,68,794,train
46128,447,381,train
46129,364,498,train
46130,414,466,train
46131,16,254,train
46132,440,328,train
46133,24,171,train
46134,363,50,train
46135,623,799,train
46136,303,521,train
46137,533,246,test
46138,602,457,train
46139,799,482,train
46140,441,426,train
46141,126,798,train
46142,28,265,train
46143,496,209,train
46144,284,256,train
46145,745,92,test
46146,82,464,train
46147,294,159,train
46148,705,588,train
46149,640,42,train
46150,56,511,test
46151,416,460,train
46152,107,166,train
46153,774,192,train
46154,378,666,train
46155,498,150,train
46156,672,126,train
46157,3,767,train
46158,272,355,test
46159,361,370,train
46160,121,264,train
46161,577,623,train
46162,760,700,train
46163,67,454,train
46164,411,792,test
46165,20,452,train
46166,676,73,train
46167,247,453,train
46168,762,40,train
46169,224,319,test
46170,309,405,train
46171,449,569,train
46172,254,759,train
46173,474,27,train
46174,252,239,train
46175,310,670,train
46176,302,47,train
46177,783,619,train
46178,514,643,train
46179,378,393,train
46180,303,98,test
46181,736,741,train
46182,430,541,train
46183,451,177,train
46184,754,179,train
46185,41,150,train
46186,314,770,test
46187,701,614,test
46188,115,723,train
46189,139,25,train
46190,561,85,train
46191,104,524,train
46192,730,93,train
46193,520,378,train
46194,199,449,train
46195,32,564,train
46196,213,716,train
46197,166,297,test
46198,132,505,train
46199,58,139,train
46200,716,192,train
46201,69,402,train
46202,683,79,train
46203,473,720,test
46204,674,99,test
46205,50,134,test
46206,240,532,test
46207,140,376,train
46208,541,580,train
46209,115,314,test
46210,699,612,train
46211,731,787,test
46212,180,275,train
46213,432,361,test
46214,63,246,test
46215,549,36,train
46216,51,99,train
46217,532,319,test
46218,192,616,train
46219,268,318,test
46220,504,469,train
46221,663,431,train
46222,407,165,train
46223,722,456,train
46224,280,181,train
46225,149,609,test
46226,412,257,train
46227,476,563,train
46228,229,65,train
46229,649,608,train
46230,112,650,train
46231,537,663,train
46232,668,381,test
46233,765,333,train
46234,664,632,test
46235,384,504,train
46236,207,687,test
46237,391,417,train
46238,783,292,train
46239,647,332,train
46240,378,50,train
46241,486,256,test
46242,561,76,train
46243,697,452,train
46244,314,186,train
46245,10,205,train
46246,455,737,train
46247,67,195,train
46248,531,10,test
46249,164,427,train
46250,119,646,train
46251,94,84,train
46252,407,189,test
46253,756,579,train
46254,557,727,train
46255,774,693,test
46256,552,455,train
46257,666,787,train
46258,674,414,test
46259,634,335,train
46260,780,58,train
46261,254,793,train
46262,159,374,train
46263,689,181,test
46264,492,636,train
46265,356,779,train
46266,664,327,train
46267,265,470,train
46268,403,315,train
46269,470,286,train
46270,123,460,train
46271,299,673,train
46272,87,415,train
46273,508,194,test
46274,242,733,test
46275,427,302,test
46276,316,394,train
46277,583,499,train
46278,55,778,train
46279,84,598,train
46280,118,77,train
46281,383,485,train
46282,290,729,train
46283,495,569,test
46284,454,794,train
46285,50,426,train
46286,297,342,train
46287,779,526,train
46288,172,171,train
46289,374,656,train
46290,718,760,test
46291,482,768,train
46292,108,83,train
46293,225,594,train
46294,595,677,train
46295,101,799,train
46296,247,383,train
46297,591,774,test
46298,527,496,train
46299,446,654,train
46300,344,729,train
46301,585,130,train
46302,445,767,test
46303,394,207,train
46304,436,495,train
46305,199,722,train
46306,787,165,train
46307,309,73,train
46308,243,296,train
46309,97,489,train
46310,27,362,train
46311,438,737,train
46312,550,398,test
46313,335,24,train
46314,458,678,train
46315,431,665,train
46316,201,142,train
46317,52,579,test
46318,89,666,train
46319,442,700,train
46320,778,185,train
46321,242,232,train
46322,572,403,train
46323,565,154,train
46324,763,562,train
46325,396,8,test
46326,286,40,test
46327,280,708,train
46328,779,561,train
46329,248,449,train
46330,600,762,test
46331,511,266,train
46332,412,677,test
46333,635,462,test
46334,588,596,train
46335,771,574,train
46336,513,538,train
46337,391,465,train
46338,28,149,train
46339,114,403,train
46340,145,348,train
46341,399,267,train
46342,50,194,train
46343,745,569,train
46344,565,766,train
46345,284,724,test
46346,758,563,train
46347,703,612,train
46348,18,320,train
46349,172,188,test
46350,336,379,train
46351,390,410,train
46352,675,312,train
46353,376,526,train
46354,11,454,test
46355,443,166,train
46356,317,632,train
46357,351,34,test
46358,715,92,train
46359,503,343,train
46360,334,614,test
46361,357,61,test
46362,466,572,train
46363,152,363,train
46364,599,615,train
46365,500,385,train
46366,668,310,train
46367,769,126,test
46368,799,549,train
46369,404,204,test
46370,344,455,train
46371,490,297,test
46372,273,65,test
46373,37,729,train
46374,710,525,train
46375,757,449,test
46376,17,372,train
46377,373,482,train
46378,587,405,train
46379,286,501,test
46380,158,27,test
46381,316,609,train
46382,133,173,train
46383,789,165,train
46384,567,104,test
46385,20,495,train
46386,690,595,train
46387,24,506,train
46388,16,252,train
46389,554,281,train
46390,785,221,test
46391,129,327,test
46392,621,411,train
46393,512,648,train
46394,341,690,train
46395,480,31,train
46396,265,181,train
46397,297,474,train
46398,532,723,test
46399,590,124,train
46400,212,13,train
46401,673,637,train
46402,627,49,test
46403,120,310,train
46404,473,765,train
46405,516,492,train
46406,486,559,train
46407,227,45,train
46408,347,762,train
46409,8,613,train
46410,373,341,train
46411,560,344,train
46412,747,111,train
46413,320,43,train
46414,36,314,train
46415,143,9,train
46416,44,601,test
46417,351,65,train
46418,238,287,train
46419,575,427,train
46420,707,610,train
46421,800,743,test
46422,238,152,train
46423,467,497,train
46424,196,217,train
46425,511,665,train
46426,485,741,train
46427,273,24,train
46428,96,158,train
46429,498,161,train
46430,718,222,test
46431,173,714,train
46432,260,255,train
46433,377,18,train
46434,560,638,train
46435,370,781,test
46436,136,598,train
46437,795,535,train
46438,579,264,train
46439,126,649,train
46440,792,154,train
46441,21,586,train
46442,465,797,test
46443,564,214,train
46444,787,204,train
46445,591,796,train
46446,515,583,train
46447,510,657,train
46448,375,7,train
46449,364,562,train
46450,383,762,train
46451,218,518,train
46452,552,29,train
46453,465,647,train
46454,11,740,test
46455,413,666,train
46456,747,688,train
46457,158,325,train
46458,259,446,test
46459,781,310,train
46460,188,100,train
46461,581,505,train
46462,132,785,train
46463,567,305,train
46464,468,429,train
46465,731,373,test
46466,35,469,test
46467,561,524,train
46468,246,699,test
46469,659,221,train
46470,681,536,train
46471,76,277,train
46472,155,615,train
46473,547,506,train
46474,108,450,train
46475,355,673,train
46476,338,331,train
46477,347,552,train
46478,681,2,train
46479,145,379,train
46480,683,603,test
46481,62,682,train
46482,115,554,train
46483,497,365,train
46484,390,264,train
46485,333,434,train
46486,27,670,test
46487,131,567,test
46488,795,167,train
46489,498,320,test
46490,156,582,test
46491,514,188,train
46492,175,52,train
46493,632,364,train
46494,559,380,train
46495,333,364,train
46496,519,742,train
46497,512,175,train
46498,532,330,test
46499,111,266,train
46500,736,26,test
46501,107,581,train
46502,588,538,train
46503,361,104,test
46504,662,538,train
46505,559,502,train
46506,712,413,train
46507,435,174,train
46508,584,105,train
46509,24,705,train
46510,153,451,test
46511,250,697,train
46512,604,672,train
46513,718,125,train
46514,540,389,train
46515,752,441,train
46516,116,272,train
46517,67,437,train
46518,708,554,train
46519,172,579,train
46520,734,242,test
46521,504,203,train
46522,564,526,test
46523,214,370,train
46524,199,495,train
46525,384,453,train
46526,401,226,train
46527,595,366,train
46528,175,551,train
46529,466,283,train
46530,440,544,train
46531,411,614,train
46532,67,148,train
46533,526,737,test
46534,772,3,train
46535,108,56,train
46536,134,530,train
46537,57,84,train
46538,639,363,train
46539,282,755,test
46540,148,555,train
46541,258,149,train
46542,15,596,train
46543,423,789,test
46544,542,127,train
46545,121,51,train
46546,133,759,train
46547,357,588,train
46548,475,503,train
46549,81,248,train
46550,25,22,train
46551,113,734,train
46552,707,732,train
46553,693,752,train
46554,796,250,train
46555,582,633,train
46556,182,497,test
46557,105,550,train
46558,520,42,train
46559,94,291,train
46560,276,775,train
46561,221,315,train
46562,474,769,test
46563,548,324,test
46564,106,54,train
46565,452,184,train
46566,742,182,train
46567,641,498,train
46568,476,427,train
46569,640,758,train
46570,264,224,train
46571,733,543,train
46572,680,735,train
46573,105,727,train
46574,483,679,train
46575,120,520,test
46576,517,550,train
46577,409,194,train
46578,550,79,test
46579,317,95,train
46580,763,740,train
46581,575,554,test
46582,737,496,train
46583,224,475,train
46584,595,470,train
46585,334,527,train
46586,47,344,train
46587,172,343,train
46588,737,728,train
46589,486,455,train
46590,787,688,test
46591,238,386,test
46592,740,763,train
46593,387,328,train
46594,351,218,train
46595,497,146,train
46596,552,494,train
46597,116,8,train
46598,558,63,train
46599,646,336,train
46600,462,199,train
46601,198,192,train
46602,583,284,train
46603,129,445,train
46604,151,518,train
46605,650,202,train
46606,162,753,train
46607,585,789,train
46608,333,413,train
46609,297,704,train
46610,246,539,test
46611,518,182,train
46612,571,565,test
46613,528,441,train
46614,604,656,train
46615,28,427,test
46616,650,727,test
46617,753,759,train
46618,220,339,train
46619,620,656,train
46620,727,603,train
46621,44,42,test
46622,397,371,train
46623,150,643,train
46624,532,119,test
46625,94,345,train
46626,577,366,train
46627,409,175,train
46628,199,2,train
46629,780,448,train
46630,79,305,train
46631,13,76,train
46632,349,487,train
46633,584,488,train
46634,166,561,train
46635,495,166,train
46636,179,640,train
46637,325,768,train
46638,57,34,train
46639,454,666,train
46640,97,694,train
46641,218,570,train
46642,716,428,test
46643,448,357,train
46644,555,487,test
46645,91,70,train
46646,297,273,train
46647,674,390,train
46648,283,474,train
46649,212,468,test
46650,488,752,test
46651,350,180,test
46652,726,189,train
46653,729,398,train
46654,187,361,train
46655,92,246,test
46656,615,646,train
46657,561,703,train
46658,15,278,train
46659,663,473,train
46660,660,65,train
46661,122,726,train
46662,345,732,train
46663,74,253,train
46664,137,550,train
46665,185,654,train
46666,726,255,train
46667,277,198,train
46668,708,137,train
46669,441,194,train
46670,706,311,test
46671,93,693,train
46672,292,507,train
46673,333,350,test
46674,523,656,train
46675,542,353,train
46676,538,601,train
46677,473,286,train
46678,348,397,train
46679,229,18,train
46680,281,348,train
46681,366,531,train
46682,766,404,train
46683,289,603,train
46684,53,85,train
46685,415,750,train
46686,445,44,train
46687,770,283,train
46688,68,93,train
46689,471,73,train
46690,563,720,train
46691,626,362,train
46692,199,506,train
46693,632,441,train
46694,537,787,train
46695,301,628,train
46696,26,475,test
46697,517,152,train
46698,257,276,train
46699,742,35,train
46700,187,75,train
46701,452,382,train
46702,145,574,train
46703,237,9,test
46704,297,82,train
46705,248,146,train
46706,367,262,train
46707,638,722,train
46708,792,397,train
46709,47,250,train
46710,247,767,train
46711,55,692,train
46712,224,532,test
46713,753,310,train
46714,698,370,train
46715,13,382,test
46716,160,511,train
46717,653,232,train
46718,578,29,train
46719,105,736,train
46720,616,99,train
46721,593,736,test
46722,378,219,train
46723,631,401,test
46724,242,219,train
46725,191,503,test
46726,269,799,train
46727,89,247,test
46728,579,147,train
46729,545,139,train
46730,680,324,train
46731,449,27,train
46732,426,96,train
46733,406,570,train
46734,634,237,train
46735,604,220,train
46736,307,9,train
46737,466,336,train
46738,316,594,train
46739,448,754,test
46740,699,141,test
46741,443,790,train
46742,199,357,train
46743,209,291,train
46744,101,256,train
46745,744,402,test
46746,120,793,train
46747,443,699,train
46748,718,221,train
46749,315,478,train
46750,221,13,train
46751,98,52,train
46752,531,51,train
46753,134,196,train
46754,566,67,train
46755,671,313,train
46756,660,189,train
46757,34,418,train
46758,55,433,train
46759,360,181,train
46760,162,780,train
46761,102,63,train
46762,163,620,train
46763,107,395,test
46764,700,468,train
46765,796,300,test
46766,355,539,train
46767,315,24,train
46768,320,788,train
46769,630,717,train
46770,14,347,test
46771,133,279,train
46772,246,107,test
46773,178,711,train
46774,400,695,train
46775,9,258,train
46776,763,43,train
46777,684,658,test
46778,423,192,train
46779,590,529,train
46780,446,440,train
46781,636,520,test
46782,173,703,test
46783,563,375,test
46784,176,49,train
46785,527,471,train
46786,74,707,train
46787,465,13,train
46788,761,507,train
46789,140,718,train
46790,95,468,train
46791,663,84,train
46792,133,528,train
46793,732,754,train
46794,569,99,test
46795,235,334,train
46796,626,148,train
46797,731,723,train
46798,515,206,train
46799,524,166,train
46800,694,456,test
46801,192,22,test
46802,203,464,train
46803,666,428,train
46804,92,523,test
46805,36,181,train
46806,462,377,train
46807,526,286,train
46808,415,628,train
46809,384,334,train
46810,725,750,train
46811,389,352,train
46812,267,606,train
46813,191,558,test
46814,233,27,test
46815,461,276,train
46816,742,484,test
46817,293,568,train
46818,644,23,train
46819,308,345,train
46820,300,699,train
46821,478,610,train
46822,768,342,train
46823,340,239,test
46824,507,311,train
46825,56,397,train
46826,629,68,train
46827,298,286,test
46828,26,2,train
46829,313,360,test
46830,393,228,train
46831,690,779,train
46832,575,633,train
46833,34,446,train
46834,720,206,train
46835,29,188,train
46836,45,771,train
46837,518,774,train
46838,181,249,train
46839,470,360,test
46840,689,705,train
46841,359,338,train
46842,534,399,train
46843,460,725,train
46844,279,426,train
46845,205,463,train
46846,317,554,train
46847,47,415,test
46848,562,91,train
46849,296,100,train
46850,151,497,train
46851,726,760,train
46852,338,434,test
46853,219,433,train
46854,16,571,train
46855,138,336,train
46856,161,468,train
46857,114,646,train
46858,656,57,train
46859,648,391,train
46860,708,417,train
46861,264,107,train
46862,733,175,test
46863,167,93,train
46864,528,701,train
46865,438,563,test
46866,615,149,test
46867,290,786,train
46868,773,436,train
46869,667,476,train
46870,60,751,train
46871,697,446,train
46872,62,475,train
46873,797,190,train
46874,176,487,train
46875,60,585,train
46876,752,492,train
46877,716,222,train
46878,129,381,train
46879,296,536,test
46880,268,616,test
46881,232,687,train
46882,526,702,test
46883,1,311,train
46884,681,725,train
46885,444,73,train
46886,237,278,test
46887,117,724,train
46888,547,742,train
46889,293,213,test
46890,150,488,train
46891,262,354,train
46892,707,508,train
46893,238,121,train
46894,507,218,train
46895,23,166,test
46896,108,712,train
46897,233,79,train
46898,309,36,test
46899,667,468,test
46900,775,578,train
46901,584,100,train
46902,260,534,train
46903,14,503,test
46904,103,631,train
46905,559,93,train
46906,440,516,train
46907,330,154,train
46908,146,250,train
46909,532,384,train
46910,124,791,train
46911,748,289,train
46912,252,180,train
46913,731,54,train
46914,161,651,train
46915,683,367,train
46916,392,779,test
46917,770,599,train
46918,356,523,train
46919,249,265,test
46920,646,670,train
46921,161,657,train
46922,195,763,train
46923,504,614,train
46924,555,776,test
46925,288,229,train
46926,387,502,train
46927,765,65,train
46928,519,571,test
46929,427,758,train
46930,512,480,train
46931,680,719,test
46932,611,208,train
46933,180,699,train
46934,716,533,train
46935,420,115,train
46936,568,255,test
46937,375,534,train
46938,140,406,test
46939,364,375,train
46940,779,196,train
46941,347,34,train
46942,600,64,train
46943,718,276,test
46944,673,96,train
46945,215,685,train
46946,216,230,test
46947,596,202,train
46948,107,266,train
46949,207,151,train
46950,498,603,train
46951,328,91,train
46952,15,768,train
46953,799,4,train
46954,374,54,train
46955,80,701,train
46956,729,744,train
46957,216,316,train
46958,483,677,test
46959,374,147,train
46960,332,11,train
46961,456,295,test
46962,531,577,train
46963,669,411,train
46964,604,602,test
46965,72,71,train
46966,311,297,train
46967,674,722,train
46968,131,526,test
46969,371,483,train
46970,333,339,train
46971,549,388,train
46972,481,398,test
46973,613,116,train
46974,374,143,train
46975,693,625,test
46976,319,362,train
46977,232,6,train
46978,346,761,train
46979,560,599,test
46980,781,457,train
46981,779,337,test
46982,459,591,train
46983,773,658,train
46984,683,373,train
46985,459,241,train
46986,356,223,train
46987,52,35,train
46988,793,772,train
46989,339,83,train
46990,485,222,train
46991,548,187,train
46992,528,508,test
46993,673,758,train
46994,478,565,train
46995,525,748,train
46996,528,657,train
46997,358,206,train
46998,742,737,train
46999,147,332,train
47000,637,536,test
47001,93,50,train
47002,244,312,train
47003,738,507,test
47004,640,244,test
47005,49,217,test
47006,748,732,test
47007,402,320,train
47008,586,654,train
47009,454,541,train
47010,767,307,train
47011,619,683,test
47012,566,249,train
47013,203,610,test
47014,118,710,train
47015,27,198,train
47016,279,26,train
47017,610,395,train
47018,478,312,train
47019,189,80,train
47020,632,431,test
47021,696,571,test
47022,439,317,test
47023,24,375,train
47024,405,3,train
47025,644,373,train
47026,190,601,train
47027,733,69,train
47028,712,460,train
47029,512,57,train
47030,289,223,train
47031,164,511,train
47032,708,754,train
47033,596,439,train
47034,734,220,train
47035,531,128,train
47036,73,743,train
47037,162,129,test
47038,484,416,train
47039,272,800,train
47040,301,313,train
47041,364,482,test
47042,522,619,train
47043,633,749,train
47044,454,763,test
47045,578,387,train
47046,307,332,train
47047,185,749,train
47048,423,175,train
47049,758,680,train
47050,359,24,train
47051,344,196,train
47052,134,2,train
47053,776,609,train
47054,616,488,train
47055,171,257,train
47056,193,95,train
47057,49,233,train
47058,557,145,train
47059,380,49,test
47060,111,22,train
47061,709,632,test
47062,589,259,train
47063,22,145,train
47064,613,393,train
47065,735,122,train
47066,139,282,test
47067,188,4,train
47068,638,180,train
47069,713,690,train
47070,3,501,train
47071,786,159,train
47072,661,671,train
47073,714,463,train
47074,133,741,train
47075,788,135,train
47076,180,533,train
47077,265,81,train
47078,595,48,test
47079,51,358,train
47080,677,146,test
47081,13,85,train
47082,369,711,train
47083,505,32,train
47084,34,682,train
47085,753,231,train
47086,641,242,train
47087,174,53,test
47088,193,44,train
47089,184,490,train
47090,551,623,train
47091,105,643,train
47092,434,252,test
47093,562,239,train
47094,221,296,train
47095,600,534,train
47096,657,69,train
47097,644,103,train
47098,201,276,train
47099,134,562,train
47100,80,359,train
47101,510,347,train
47102,96,631,train
47103,680,555,test
47104,18,314,test
47105,433,240,train
47106,584,581,train
47107,460,70,train
47108,298,440,test
47109,26,597,train
47110,439,772,train
47111,529,266,train
47112,495,40,test
47113,123,429,train
47114,162,776,train
47115,633,780,train
47116,421,51,train
47117,609,370,train
47118,513,157,train
47119,364,68,train
47120,465,572,train
47121,610,112,train
47122,196,360,train
47123,721,433,train
47124,347,660,train
47125,718,289,test
47126,287,673,train
47127,541,627,test
47128,544,60,train
47129,755,210,train
47130,99,665,train
47131,373,331,train
47132,306,29,train
47133,199,708,train
47134,47,137,train
47135,246,726,test
47136,351,673,train
47137,770,692,train
47138,296,380,train
47139,628,458,test
47140,481,249,test
47141,623,350,test
47142,225,615,train
47143,197,177,train
47144,728,263,test
47145,159,28,train
47146,325,70,train
47147,704,280,test
47148,658,587,train
47149,119,699,train
47150,600,717,train
47151,113,756,train
47152,397,784,train
47153,403,49,train
47154,27,499,train
47155,208,420,train
47156,351,296,train
47157,50,6,train
47158,404,50,train
47159,271,587,test
47160,155,799,train
47161,175,720,train
47162,430,44,train
47163,602,177,train
47164,588,403,train
47165,544,496,train
47166,1,533,train
47167,156,708,train
47168,252,493,train
47169,231,632,train
47170,19,584,train
47171,785,381,train
47172,305,199,train
47173,726,6,train
47174,384,91,train
47175,364,18,train
47176,242,656,train
47177,500,743,test
47178,70,598,test
47179,636,282,train
47180,366,707,train
47181,248,507,train
47182,752,193,train
47183,795,397,train
47184,800,101,train
47185,595,446,train
47186,321,627,train
47187,483,444,train
47188,379,779,train
47189,480,212,test
47190,199,75,train
47191,749,339,test
47192,139,788,train
47193,287,26,train
47194,691,700,train
47195,633,339,train
47196,37,788,train
47197,178,643,train
47198,359,288,train
47199,488,522,train
47200,381,673,train
47201,797,610,train
47202,92,793,train
47203,784,123,train
47204,150,547,train
47205,358,389,train
47206,629,741,test
47207,535,204,test
47208,336,523,train
47209,705,312,train
47210,462,408,train
47211,568,711,test
47212,358,63,test
47213,391,411,train
47214,439,178,train
47215,128,581,train
47216,414,110,train
47217,287,342,train
47218,249,146,train
47219,634,119,train
47220,22,147,train
47221,163,247,test
47222,512,401,test
47223,712,271,train
47224,277,691,train
47225,110,300,train
47226,215,171,test
47227,347,290,train
47228,142,652,test
47229,544,355,train
47230,119,286,test
47231,190,31,test
47232,671,263,train
47233,702,227,train
47234,171,313,train
47235,658,331,train
47236,67,310,train
47237,325,545,train
47238,329,304,train
47239,369,568,train
47240,300,97,train
47241,423,164,train
47242,21,370,test
47243,672,536,test
47244,771,629,train
47245,395,108,train
47246,329,753,train
47247,424,715,train
47248,489,239,train
47249,140,96,test
47250,553,635,train
47251,273,727,train
47252,205,416,train
47253,427,539,train
47254,136,36,train
47255,483,534,test
47256,517,495,train
47257,61,56,test
47258,482,296,train
47259,279,378,train
47260,425,599,train
47261,416,189,train
47262,722,160,train
47263,127,392,test
47264,181,185,train
47265,113,342,train
47266,355,735,train
47267,438,455,test
47268,309,636,train
47269,440,352,train
47270,795,5,test
47271,175,4,train
47272,114,501,train
47273,680,565,test
47274,391,26,train
47275,142,738,train
47276,323,634,test
47277,508,136,train
47278,518,248,train
47279,731,91,train
47280,662,151,train
47281,453,759,train
47282,10,31,train
47283,676,70,train
47284,677,575,train
47285,7,395,train
47286,529,217,train
47287,734,237,train
47288,214,675,test
47289,761,514,train
47290,47,198,train
47291,603,563,train
47292,502,36,train
47293,25,280,train
47294,310,741,train
47295,212,509,train
47296,370,594,train
47297,223,368,train
47298,442,205,train
47299,304,94,test
47300,723,233,train
47301,499,118,train
47302,510,586,train
47303,698,240,test
47304,293,792,train
47305,100,246,train
47306,139,525,test
47307,262,39,train
47308,370,44,train
47309,736,402,train
47310,754,230,train
47311,121,420,train
47312,131,179,test
47313,477,559,train
47314,20,651,train
47315,740,492,train
47316,272,415,train
47317,771,131,train
47318,456,368,test
47319,427,784,test
47320,154,38,train
47321,108,105,test
47322,400,584,test
47323,250,10,test
47324,83,301,test
47325,378,18,test
47326,550,318,test
47327,124,729,test
47328,786,762,test
47329,335,608,train
47330,396,508,train
47331,547,568,train
47332,661,122,train
47333,32,248,test
47334,15,198,train
47335,734,339,train
47336,17,161,train
47337,380,426,train
47338,327,347,test
47339,332,310,train
47340,412,213,train
47341,380,502,test
47342,705,528,train
47343,358,626,test
47344,257,253,train
47345,306,253,train
47346,674,570,train
47347,693,303,train
47348,722,278,test
47349,422,585,test
47350,338,305,train
47351,73,59,test
47352,426,173,test
47353,753,48,test
47354,414,394,train
47355,210,177,train
47356,59,131,train
47357,732,38,test
47358,501,629,train
47359,468,776,train
47360,253,197,test
47361,331,698,test
47362,557,31,train
47363,552,48,train
47364,340,275,test
47365,335,400,train
47366,692,211,test
47367,432,163,train
47368,413,459,train
47369,211,643,train
47370,485,340,train
47371,752,436,train
47372,200,482,test
47373,361,595,train
47374,537,720,train
47375,481,405,train
47376,465,106,test
47377,87,365,train
47378,759,767,test
47379,521,304,train
47380,249,799,train
47381,218,174,train
47382,344,732,train
47383,300,263,train
47384,283,451,train
47385,585,257,train
47386,499,199,train
47387,514,550,train
47388,597,541,train
47389,324,237,train
47390,756,197,train
47391,74,668,train
47392,599,758,train
47393,40,341,train
47394,259,337,train
47395,396,297,test
47396,390,466,train
47397,164,674,train
47398,778,432,train
47399,40,151,train
47400,11,487,train
47401,628,427,train
47402,562,104,test
47403,293,693,train
47404,260,630,train
47405,56,15,train
47406,130,109,train
47407,274,444,train
47408,579,599,train
47409,42,669,train
47410,765,477,train
47411,98,323,train
47412,623,170,test
47413,301,409,train
47414,774,635,test
47415,253,532,test
47416,434,793,train
47417,344,40,train
47418,229,313,test
47419,380,446,train
47420,47,166,train
47421,120,620,train
47422,24,297,train
47423,522,760,train
47424,321,430,train
47425,372,370,test
47426,34,227,train
47427,474,466,train
47428,539,657,train
47429,676,292,train
47430,475,704,train
47431,44,485,test
47432,347,260,test
47433,443,178,test
47434,722,440,train
47435,297,264,test
47436,510,96,train
47437,278,399,train
47438,753,650,train
47439,459,630,train
47440,98,170,test
47441,349,53,test
47442,581,389,test
47443,634,721,test
47444,306,340,train
47445,697,231,train
47446,398,119,train
47447,733,405,train
47448,323,369,train
47449,518,661,train
47450,663,308,test
47451,759,7,train
47452,182,85,train
47453,518,621,train
47454,584,637,test
47455,578,569,train
47456,593,773,train
47457,560,54,train
47458,435,106,train
47459,263,521,train
47460,553,39,train
47461,491,382,train
47462,681,530,train
47463,153,724,train
47464,694,327,test
47465,488,710,test
47466,604,377,train
47467,324,312,train
47468,744,642,train
47469,696,88,train
47470,5,485,train
47471,646,656,train
47472,511,573,test
47473,378,537,test
47474,645,616,train
47475,499,704,train
47476,378,356,train
47477,776,542,train
47478,728,368,train
47479,39,303,train
47480,538,295,train
47481,678,696,train
47482,274,380,train
47483,764,330,test
47484,100,652,train
47485,759,281,test
47486,384,765,train
47487,26,35,train
47488,30,515,train
47489,369,221,train
47490,91,471,train
47491,175,514,train
47492,206,149,train
47493,82,758,train
47494,688,337,test
47495,767,431,train
47496,265,292,train
47497,394,460,train
47498,248,134,train
47499,731,572,test
47500,653,5,train
47501,574,436,train
47502,661,700,train
47503,606,687,train
47504,246,422,train
47505,443,542,train
47506,378,691,train
47507,132,83,test
47508,89,797,train
47509,690,199,train
47510,552,267,test
47511,273,462,train
47512,478,608,test
47513,265,624,test
47514,114,43,train
47515,658,273,train
47516,772,318,test
47517,19,534,train
47518,327,496,train
47519,480,413,train
47520,36,6,test
47521,163,570,train
47522,565,64,test
47523,226,355,train
47524,601,261,train
47525,7,214,train
47526,60,365,train
47527,452,140,train
47528,541,279,train
47529,711,169,train
47530,499,79,test
47531,338,612,train
47532,356,451,train
47533,266,788,train
47534,591,393,train
47535,483,6,train
47536,198,68,train
47537,769,423,train
47538,401,484,train
47539,211,91,test
47540,757,672,train
47541,657,603,train
47542,53,288,train
47543,609,229,train
47544,707,666,train
47545,685,784,test
47546,589,11,train
47547,547,792,train
47548,74,75,train
47549,641,113,train
47550,79,278,train
47551,533,329,train
47552,16,738,test
47553,496,603,test
47554,434,702,train
47555,387,385,test
47556,770,293,train
47557,47,238,train
47558,18,636,train
47559,359,75,train
47560,326,480,train
47561,412,180,test
47562,733,432,test
47563,331,433,train
47564,333,246,train
47565,10,328,train
47566,237,449,train
47567,456,734,test
47568,625,89,train
47569,328,74,test
47570,105,261,test
47571,629,39,train
47572,721,608,train
47573,302,769,train
47574,596,413,train
47575,217,428,train
47576,568,262,train
47577,122,478,train
47578,174,595,train
47579,357,711,test
47580,79,483,test
47581,721,278,train
47582,493,262,test
47583,105,92,test
47584,552,531,test
47585,136,17,train
47586,639,548,train
47587,490,436,train
47588,294,284,train
47589,75,147,train
47590,258,189,train
47591,766,562,test
47592,295,492,train
47593,246,684,train
47594,251,658,test
47595,9,648,train
47596,436,281,train
47597,580,740,test
47598,583,559,train
47599,474,299,test
47600,197,644,train
47601,798,170,train
47602,253,769,train
47603,308,544,train
47604,644,708,train
47605,700,543,train
47606,48,162,train
47607,361,486,train
47608,738,547,test
47609,271,411,train
47610,562,11,train
47611,347,20,train
47612,594,764,train
47613,235,135,test
47614,713,293,train
47615,766,697,train
47616,517,336,train
47617,761,611,train
47618,163,595,train
47619,493,695,test
47620,282,268,train
47621,619,262,train
47622,465,674,train
47623,586,761,train
47624,563,647,train
47625,757,105,test
47626,215,74,test
47627,593,738,train
47628,141,716,train
47629,468,425,train
47630,316,64,test
47631,461,159,test
47632,36,663,test
47633,434,394,train
47634,537,311,train
47635,205,72,train
47636,431,461,train
47637,369,73,train
47638,426,508,train
47639,609,297,train
47640,342,478,train
47641,319,308,train
47642,120,664,train
47643,541,532,train
47644,715,536,train
47645,334,457,test
47646,412,164,test
47647,103,223,test
47648,378,630,train
47649,69,509,train
47650,171,658,test
47651,4,481,train
47652,773,713,train
47653,408,725,train
47654,167,326,test
47655,434,538,train
47656,210,516,train
47657,658,566,train
47658,151,666,train
47659,684,172,train
47660,669,53,train
47661,514,661,test
47662,175,293,train
47663,484,594,train
47664,119,205,test
47665,570,676,train
47666,67,211,train
47667,537,367,train
47668,3,607,train
47669,688,551,train
47670,41,296,train
47671,135,252,train
47672,585,6,test
47673,767,16,train
47674,311,401,train
47675,572,415,train
47676,564,195,train
47677,609,146,train
47678,150,583,test
47679,589,127,train
47680,36,455,train
47681,711,425,train
47682,299,765,train
47683,456,673,train
47684,317,677,train
47685,73,264,train
47686,436,106,train
47687,132,246,train
47688,224,605,test
47689,747,798,train
47690,104,633,train
47691,754,195,test
47692,383,640,train
47693,425,229,train
47694,243,171,test
47695,220,794,train
47696,75,347,train
47697,222,557,train
47698,308,691,test
47699,355,683,train
47700,783,229,test
47701,797,776,train
47702,499,670,test
47703,516,191,train
47704,84,264,train
47705,379,650,train
47706,312,56,train
47707,749,489,train
47708,198,333,train
47709,176,174,train
47710,553,664,test
47711,99,661,test
47712,282,554,test
47713,344,214,test
47714,700,690,test
47715,48,613,train
47716,418,550,train
47717,172,258,train
47718,115,137,train
47719,423,700,train
47720,453,715,train
47721,702,612,train
47722,30,44,train
47723,218,275,train
47724,595,208,test
47725,779,702,train
47726,244,500,train
47727,643,345,train
47728,242,222,train
47729,93,532,train
47730,219,277,test
47731,444,716,train
47732,664,495,train
47733,150,156,train
47734,541,360,train
47735,690,366,test
47736,48,612,train
47737,69,387,train
47738,473,68,train
47739,307,441,test
47740,233,231,train
47741,595,256,train
47742,406,505,train
47743,39,15,train
47744,181,164,train
47745,657,762,train
47746,44,40,train
47747,50,750,train
47748,249,430,train
47749,560,170,train
47750,684,462,train
47751,3,524,train
47752,604,730,train
47753,740,427,train
47754,358,637,test
47755,586,437,train
47756,18,640,train
47757,68,659,train
47758,254,23,test
47759,346,495,train
47760,190,648,train
47761,81,366,train
47762,792,320,train
47763,172,88,train
47764,385,258,test
47765,362,178,test
47766,413,465,train
47767,741,281,train
47768,600,597,train
47769,252,417,train
47770,369,404,test
47771,68,155,train
47772,300,306,test
47773,589,8,train
47774,339,104,test
47775,19,48,train
47776,695,753,train
47777,498,772,test
47778,759,492,train
47779,398,199,train
47780,733,56,train
47781,154,119,train
47782,283,554,train
47783,198,786,train
47784,13,791,train
47785,557,19,train
47786,104,734,test
47787,767,736,test
47788,687,558,train
47789,365,624,train
47790,293,311,train
47791,319,463,train
47792,581,470,train
47793,243,296,train
47794,124,758,train
47795,485,487,test
47796,773,88,train
47797,31,452,train
47798,702,409,test
47799,318,425,train
47800,422,537,test
47801,542,468,test
47802,683,777,train
47803,480,629,train
47804,283,116,train
47805,235,678,train
47806,694,82,test
47807,300,542,test
47808,338,475,train
47809,37,170,train
47810,212,453,train
47811,738,458,test
47812,593,68,train
47813,89,352,train
47814,722,126,train
47815,606,75,train
47816,45,474,train
47817,791,29,train
47818,684,49,train
47819,691,315,train
47820,161,363,train
47821,198,748,train
47822,682,528,train
47823,671,657,train
47824,190,702,train
47825,230,431,train
47826,390,546,train
47827,410,586,train
47828,83,775,train
47829,199,780,test
47830,524,308,train
47831,473,691,train
47832,797,441,train
47833,477,692,test
47834,791,251,train
47835,30,288,train
47836,574,752,train
47837,718,688,train
47838,592,2,train
47839,522,509,train
47840,677,734,train
47841,265,519,train
47842,150,519,test
47843,414,385,train
47844,363,235,test
47845,734,736,train
47846,359,581,train
47847,573,474,train
47848,207,260,train
47849,390,601,train
47850,309,724,train
47851,342,796,train
47852,257,277,train
47853,209,758,train
47854,464,599,train
47855,147,463,train
47856,492,384,train
47857,342,524,train
47858,213,505,train
47859,622,349,test
47860,431,200,train
47861,525,210,train
47862,226,341,train
47863,89,590,train
47864,507,260,test
47865,691,65,train
47866,142,163,train
47867,542,522,train
47868,705,720,test
47869,786,362,train
47870,541,9,train
47871,564,639,train
47872,800,394,train
47873,107,592,test
47874,727,562,train
47875,91,138,train
47876,728,13,train
47877,113,625,train
47878,208,530,train
47879,748,622,test
47880,519,43,train
47881,448,140,train
47882,658,245,test
47883,511,791,train
47884,718,736,train
47885,422,223,train
47886,554,456,train
47887,529,81,train
47888,591,114,train
47889,374,734,train
47890,566,720,train
47891,54,745,train
47892,573,483,test
47893,720,94,train
47894,314,293,train
47895,425,611,train
47896,21,60,train
47897,304,540,train
47898,520,23,train
47899,730,252,train
47900,31,408,train
47901,215,516,train
47902,44,248,train
47903,486,339,train
47904,676,26,train
47905,626,499,train
47906,757,298,train
47907,475,755,train
47908,719,151,train
47909,44,433,train
47910,485,431,train
47911,445,252,train
47912,692,518,test
47913,263,651,train
47914,108,383,train
47915,427,447,test
47916,49,305,train
47917,88,181,train
47918,252,325,train
47919,172,596,test
47920,705,359,train
47921,159,219,test
47922,240,364,test
47923,514,762,test
47924,311,709,train
47925,545,198,train
47926,8,348,train
47927,530,49,train
47928,404,762,test
47929,464,656,train
47930,631,221,train
47931,191,264,test
47932,518,704,train
47933,24,305,train
47934,230,430,train
47935,487,338,train
47936,539,110,test
47937,330,558,train
47938,477,558,train
47939,726,463,train
47940,348,412,train
47941,406,566,train
47942,484,418,train
47943,24,10,test
47944,323,364,test
47945,222,49,train
47946,561,444,train
47947,602,591,train
47948,770,553,train
47949,269,305,train
47950,603,50,train
47951,481,688,test
47952,339,454,train
47953,48,198,train
47954,49,519,train
47955,725,205,test
47956,131,399,train
47957,167,149,train
47958,257,339,train
47959,699,89,train
47960,599,750,train
47961,363,233,train
47962,115,539,test
47963,582,702,train
47964,688,314,train
47965,82,53,train
47966,642,140,train
47967,730,38,test
47968,225,429,train
47969,579,695,train
47970,409,689,test
47971,623,362,train
47972,356,100,train
47973,720,184,test
47974,748,94,train
47975,763,302,train
47976,178,654,test
47977,648,459,train
47978,20,230,train
47979,216,263,train
47980,87,435,train
47981,254,399,train
47982,179,577,train
47983,340,579,train
47984,666,743,train
47985,53,167,train
47986,763,174,train
47987,523,291,train
47988,607,624,train
47989,96,206,train
47990,163,790,train
47991,237,179,train
47992,313,396,train
47993,635,670,train
47994,357,410,train
47995,407,131,train
47996,231,467,train
47997,239,74,train
47998,545,123,train
47999,170,278,test
48000,328,489,test
48001,274,790,train
48002,338,458,train
48003,799,20,test
48004,474,298,train
48005,768,593,train
48006,708,544,train
48007,283,776,train
48008,758,230,train
48009,358,533,train
48010,634,705,train
48011,467,161,train
48012,527,532,train
48013,795,17,train
48014,570,386,test
48015,597,648,test
48016,549,73,test
48017,134,373,train
48018,598,450,train
48019,538,83,train
48020,665,427,train
48021,316,278,train
48022,498,339,train
48023,705,575,train
48024,246,563,train
48025,240,326,train
48026,363,299,test
48027,685,274,train
48028,468,408,train
48029,444,477,train
48030,254,118,train
48031,734,245,train
48032,743,435,train
48033,591,793,test
48034,756,485,train
48035,745,756,train
48036,720,734,train
48037,554,629,test
48038,50,89,test
48039,519,520,train
48040,106,606,train
48041,105,593,test
48042,654,134,test
48043,510,297,test
48044,593,122,train
48045,486,526,train
48046,586,680,train
48047,421,230,train
48048,403,514,train
48049,200,166,train
48050,786,28,train
48051,188,738,train
48052,552,712,train
48053,82,685,train
48054,89,669,train
48055,745,263,train
48056,336,515,train
48057,403,699,train
48058,764,277,train
48059,614,447,train
48060,502,759,train
48061,449,616,train
48062,714,593,train
48063,257,315,train
48064,342,577,test
48065,642,529,train
48066,417,623,train
48067,446,545,test
48068,407,160,train
48069,38,309,train
48070,706,295,train
48071,305,734,test
48072,640,506,test
48073,455,540,test
48074,698,586,train
48075,680,728,test
48076,208,105,train
48077,637,548,train
48078,624,115,train
48079,654,607,test
48080,142,395,train
48081,417,44,train
48082,414,773,train
48083,141,235,train
48084,560,240,train
48085,353,552,train
48086,723,364,train
48087,741,338,test
48088,664,37,train
48089,241,370,train
48090,251,157,test
48091,509,260,train
48092,75,412,train
48093,469,790,train
48094,385,238,train
48095,332,51,train
48096,550,785,test
48097,412,209,train
48098,187,321,test
48099,187,785,train
48100,480,729,train
48101,10,199,train
48102,622,651,train
48103,581,777,train
48104,308,393,train
48105,211,420,train
48106,667,328,test
48107,548,465,test
48108,150,56,train
48109,241,252,test
48110,189,508,train
48111,464,616,train
48112,607,168,train
48113,192,547,test
48114,170,188,train
48115,500,296,train
48116,738,225,train
48117,436,386,train
48118,799,206,train
48119,397,218,train
48120,366,412,train
48121,152,676,train
48122,625,780,test
48123,682,646,train
48124,347,226,train
48125,611,522,train
48126,154,53,test
48127,717,436,train
48128,258,357,train
48129,729,306,test
48130,75,431,train
48131,366,602,train
48132,158,64,train
48133,470,321,train
48134,422,584,train
48135,619,548,train
48136,703,299,train
48137,117,152,train
48138,292,68,train
48139,110,238,test
48140,524,719,train
48141,154,415,test
48142,103,431,train
48143,189,193,train
48144,619,25,train
48145,269,129,train
48146,467,423,train
48147,242,22,test
48148,611,390,train
48149,369,257,train
48150,668,262,test
48151,106,605,train
48152,549,341,train
48153,768,548,train
48154,691,585,train
48155,316,541,train
48156,295,674,train
48157,547,309,train
48158,739,602,train
48159,91,681,test
48160,596,95,train
48161,73,571,test
48162,760,148,test
48163,678,133,train
48164,580,561,train
48165,432,23,train
48166,442,435,train
48167,272,778,train
48168,130,370,train
48169,5,163,test
48170,526,170,train
48171,255,626,train
48172,370,720,test
48173,694,557,train
48174,394,699,train
48175,58,54,train
48176,518,699,test
48177,686,219,test
48178,530,641,train
48179,519,612,train
48180,725,440,test
48181,502,516,train
48182,648,109,train
48183,403,222,train
48184,23,442,train
48185,382,775,train
48186,295,799,train
48187,757,372,train
48188,83,779,train
48189,542,185,train
48190,410,574,train
48191,82,324,train
48192,339,495,train
48193,410,300,train
48194,23,387,train
48195,662,650,train
48196,377,586,train
48197,580,58,test
48198,724,499,train
48199,490,158,train
48200,250,86,train
48201,559,412,train
48202,308,123,train
48203,678,112,test
48204,740,230,train
48205,576,783,train
48206,458,751,test
48207,152,763,test
48208,791,89,train
48209,513,14,train
48210,696,360,train
48211,266,49,train
48212,52,108,test
48213,749,687,train
48214,702,601,train
48215,583,83,train
48216,571,672,train
48217,92,481,train
48218,546,58,test
48219,442,311,train
48220,511,352,train
48221,667,339,test
48222,614,170,train
48223,745,36,train
48224,171,19,train
48225,316,234,train
48226,452,787,train
48227,549,466,train
48228,374,63,train
48229,423,221,train
48230,220,396,train
48231,304,664,train
48232,247,543,train
48233,700,611,train
48234,270,670,train
48235,774,744,train
48236,20,768,train
48237,151,472,train
48238,637,98,train
48239,461,263,train
48240,230,510,train
48241,714,787,train
48242,453,345,train
48243,214,760,test
48244,302,698,train
48245,71,265,train
48246,748,691,test
48247,29,301,train
48248,404,434,train
48249,2,96,train
48250,466,161,train
48251,800,410,train
48252,282,48,train
48253,245,416,train
48254,454,304,train
48255,544,700,train
48256,212,425,train
48257,459,57,test
48258,659,196,train
48259,357,349,train
48260,102,395,train
48261,545,422,train
48262,200,404,train
48263,572,687,train
48264,540,24,train
48265,791,31,train
48266,646,310,train
48267,363,111,test
48268,372,604,train
48269,451,428,train
48270,592,187,train
48271,241,97,test
48272,88,404,test
48273,305,694,test
48274,149,790,train
48275,701,614,test
48276,214,145,train
48277,380,437,train
48278,797,256,test
48279,790,565,train
48280,136,414,train
48281,650,453,train
48282,65,523,train
48283,629,6,test
48284,127,727,train
48285,373,363,train
48286,176,446,train
48287,557,248,train
48288,200,386,train
48289,77,86,test
48290,250,734,train
48291,374,379,train
48292,503,700,train
48293,395,367,train
48294,333,476,train
48295,771,576,train
48296,399,649,train
48297,443,321,train
48298,616,726,train
48299,400,374,train
48300,16,77,train
48301,778,762,train
48302,670,461,test
48303,28,140,train
48304,350,11,train
48305,508,112,train
48306,315,607,train
48307,210,664,train
48308,71,405,train
48309,674,246,train
48310,352,35,train
48311,496,70,test
48312,369,577,train
48313,521,106,test
48314,426,165,train
48315,734,648,train
48316,156,172,test
48317,721,437,test
48318,83,587,train
48319,483,80,train
48320,567,425,train
48321,310,2,train
48322,472,680,train
48323,651,173,train
48324,164,678,train
48325,334,619,train
48326,489,758,test
48327,317,110,train
48328,2,534,test
48329,509,542,train
48330,656,60,train
48331,231,88,train
48332,10,692,train
48333,445,418,train
48334,713,285,train
48335,339,555,train
48336,297,31,train
48337,215,283,train
48338,572,126,train
48339,626,325,train
48340,746,767,train
48341,439,468,test
48342,754,64,train
48343,706,696,train
48344,616,727,train
48345,701,138,train
48346,70,551,train
48347,633,524,test
48348,755,505,train
48349,661,189,test
48350,587,58,train
48351,15,509,train
48352,330,498,train
48353,81,717,train
48354,6,299,train
48355,209,108,train
48356,9,443,test
48357,60,370,train
48358,678,752,train
48359,677,642,train
48360,404,733,test
48361,209,785,train
48362,633,319,train
48363,333,312,train
48364,740,448,train
48365,684,571,train
48366,251,609,train
48367,359,201,train
48368,752,270,train
48369,730,314,test
48370,671,278,train
48371,511,773,train
48372,122,217,test
48373,463,793,train
48374,551,92,train
48375,348,778,train
48376,560,379,train
48377,25,736,train
48378,178,135,train
48379,272,639,train
48380,789,679,train
48381,509,786,train
48382,9,414,train
48383,582,487,test
48384,499,93,test
48385,251,11,train
48386,725,376,train
48387,375,715,train
48388,451,581,train
48389,315,242,train
48390,387,784,train
48391,173,458,test
48392,417,608,test
48393,302,718,train
48394,643,734,train
48395,56,53,train
48396,244,514,test
48397,14,139,train
48398,461,147,train
48399,145,189,train
48400,526,83,train
48401,246,460,train
48402,246,657,train
48403,166,522,train
48404,287,418,test
48405,2,191,train
48406,276,205,train
48407,173,203,train
48408,545,277,train
48409,400,608,train
48410,87,799,train
48411,445,348,train
48412,384,596,test
48413,552,154,train
48414,608,161,test
48415,715,124,train
48416,135,779,train
48417,177,634,train
48418,758,512,train
48419,142,340,train
48420,546,389,test
48421,603,613,test
48422,707,350,test
48423,380,210,train
48424,518,619,train
48425,407,8,test
48426,416,391,train
48427,54,756,train
48428,16,17,train
48429,780,403,train
48430,795,745,train
48431,278,31,train
48432,265,366,train
48433,309,269,train
48434,250,530,train
48435,383,134,train
48436,53,651,train
48437,290,377,test
48438,710,370,train
48439,168,309,train
48440,665,660,train
48441,736,662,test
48442,768,312,test
48443,415,581,train
48444,757,544,train
48445,233,793,train
48446,206,719,train
48447,379,207,train
48448,445,472,train
48449,342,282,train
48450,437,719,train
48451,631,217,train
48452,185,469,test
48453,377,58,test
48454,143,335,train
48455,761,215,train
48456,334,15,test
48457,418,605,test
48458,393,415,train
48459,20,205,test
48460,708,433,train
48461,276,736,train
48462,376,338,test
48463,108,76,train
48464,574,65,train
48465,376,516,train
48466,735,111,train
48467,712,86,test
48468,392,68,train
48469,55,268,train
48470,474,52,train
48471,553,529,train
48472,297,659,train
48473,106,11,train
48474,417,508,test
48475,178,633,train
48476,248,671,train
48477,47,767,train
48478,432,367,train
48479,358,374,train
48480,359,225,train
48481,590,656,train
48482,258,187,train
48483,773,250,train
48484,98,708,train
48485,789,182,train
48486,293,515,train
48487,328,41,train
48488,276,375,train
48489,543,792,train
48490,42,198,train
48491,643,686,test
48492,285,707,test
48493,54,698,train
48494,272,382,train
48495,311,590,train
48496,408,153,train
48497,150,118,train
48498,313,624,train
48499,200,238,train
48500,478,381,train
48501,343,1,test
48502,595,647,train
48503,237,535,train
48504,309,627,train
48505,260,278,train
48506,521,398,train
48507,303,13,train
48508,14,297,test
48509,125,306,train
48510,380,490,test
48511,297,783,train
48512,27,699,train
48513,398,89,train
48514,404,434,train
48515,368,450,train
48516,525,435,train
48517,291,662,train
48518,401,107,train
48519,591,708,train
48520,232,629,train
48521,182,707,train
48522,616,544,train
48523,449,289,train
48524,535,178,train
48525,351,666,train
48526,41,749,train
48527,412,450,train
48528,762,771,train
48529,393,273,train
48530,140,587,train
48531,689,339,train
48532,316,91,train
48533,566,393,train
48534,628,598,train
48535,360,458,train
48536,366,23,train
48537,660,167,test
48538,497,254,train
48539,733,1,train
48540,580,314,train
48541,639,530,test
48542,694,112,test
48543,262,347,test
48544,306,77,train
48545,517,740,test
48546,143,768,train
48547,698,593,train
48548,200,647,train
48549,294,381,train
48550,537,765,test
48551,720,753,train
48552,264,443,train
48553,355,226,train
48554,667,286,test
48555,516,720,train
48556,399,137,train
48557,760,562,test
48558,124,140,train
48559,475,15,train
48560,785,607,test
48561,672,300,train
48562,188,16,train
48563,336,733,train
48564,7,633,train
48565,791,575,train
48566,485,346,train
48567,190,666,test
48568,564,447,train
48569,637,30,train
48570,141,637,train
48571,149,567,train
48572,200,251,train
48573,747,547,train
48574,660,456,train
48575,541,773,test
48576,87,561,train
48577,731,259,test
48578,534,357,test
48579,116,76,train
48580,151,616,test
48581,81,561,train
48582,437,306,train
48583,467,432,train
48584,774,602,test
48585,222,786,test
48586,609,657,train
48587,135,361,test
48588,41,706,train
48589,716,174,train
48590,593,142,train
48591,614,275,test
48592,550,53,train
48593,460,360,test
48594,43,362,test
48595,289,778,train
48596,220,564,train
48597,771,673,train
48598,622,457,train
48599,695,625,train
48600,159,335,train
48601,544,220,train
48602,218,460,train
48603,59,619,train
48604,50,246,train
48605,15,233,test
48606,307,371,train
48607,567,642,train
48608,707,569,train
48609,22,658,train
48610,319,28,train
48611,605,187,train
48612,125,422,train
48613,794,610,test
48614,275,10,train
48615,196,74,train
48616,667,217,test
48617,787,607,train
48618,374,477,train
48619,132,523,train
48620,293,413,train
48621,140,311,train
48622,548,142,train
48623,321,685,train
48624,202,407,test
48625,111,681,train
48626,632,9,train
48627,217,410,train
48628,622,612,train
48629,583,483,train
48630,278,366,train
48631,603,112,test
48632,385,516,test
48633,234,325,train
48634,462,437,train
48635,615,208,train
48636,672,430,train
48637,63,170,train
48638,75,543,train
48639,761,217,train
48640,518,725,train
48641,462,386,test
48642,415,689,train
48643,159,452,train
48644,504,109,train
48645,128,767,test
48646,205,628,train
48647,256,355,train
48648,367,526,train
48649,73,352,train
48650,324,559,train
48651,318,732,train
48652,232,765,train
48653,383,444,train
48654,181,137,train
48655,541,42,train
48656,453,444,train
48657,651,603,train
48658,507,173,test
48659,82,7,train
48660,224,656,train
48661,83,694,test
48662,629,328,train
48663,383,761,train
48664,781,92,train
48665,103,546,train
48666,466,510,test
48667,569,615,train
48668,467,369,train
48669,243,169,train
48670,724,690,test
48671,699,800,train
48672,192,27,train
48673,786,206,train
48674,15,800,train
48675,113,516,test
48676,344,447,train
48677,62,68,train
48678,279,353,train
48679,351,6,train
48680,775,751,train
48681,439,619,train
48682,645,642,train
48683,602,44,test
48684,336,538,test
48685,410,629,test
48686,328,394,test
48687,317,93,test
48688,42,396,train
48689,224,498,test
48690,504,498,train
48691,589,497,train
48692,115,654,train
48693,162,300,train
48694,43,369,train
48695,669,194,test
48696,1,217,train
48697,480,200,test
48698,41,147,train
48699,163,16,train
48700,351,737,test
48701,308,357,train
48702,372,107,train
48703,617,726,train
48704,13,237,train
48705,288,514,train
48706,526,624,test
48707,800,382,test
48708,250,292,train
48709,755,424,train
48710,506,80,train
48711,766,674,train
48712,55,82,train
48713,564,705,train
48714,197,449,train
48715,403,799,train
48716,1,346,test
48717,464,733,test
48718,186,395,train
48719,600,450,test
48720,245,742,train
48721,762,326,test
48722,569,74,test
48723,733,163,train
48724,353,707,test
48725,330,339,train
48726,27,739,train
48727,30,214,train
48728,660,265,train
48729,22,504,train
48730,768,84,train
48731,652,699,train
48732,412,791,test
48733,694,641,test
48734,261,18,train
48735,284,278,train
48736,198,445,train
48737,693,24,train
48738,421,417,train
48739,104,415,train
48740,105,515,train
48741,522,1,train
48742,734,391,train
48743,134,723,train
48744,100,677,test
48745,614,637,train
48746,114,694,test
48747,551,648,train
48748,64,94,test
48749,267,111,train
48750,414,280,train
48751,290,35,train
48752,352,490,train
48753,451,698,test
48754,726,94,train
48755,560,792,test
48756,606,257,train
48757,199,333,train
48758,641,793,train
48759,180,199,train
48760,138,199,train
48761,167,117,train
48762,355,469,train
48763,646,287,test
48764,61,722,train
48765,463,420,train
48766,753,563,train
48767,273,325,train
48768,747,303,test
48769,799,190,train
48770,187,725,train
48771,635,791,train
48772,370,191,train
48773,388,690,train
48774,212,31,train
48775,460,780,train
48776,474,96,test
48777,360,625,train
48778,391,337,train
48779,538,152,test
48780,262,744,test
48781,438,799,train
48782,38,295,train
48783,493,426,train
48784,612,406,test
48785,152,569,train
48786,337,209,train
48787,557,20,train
48788,553,40,train
48789,132,461,train
48790,797,582,train
48791,430,268,test
48792,568,495,train
48793,335,131,test
48794,309,153,test
48795,238,15,train
48796,38,753,train
48797,506,404,train
48798,380,473,train
48799,405,418,train
48800,273,52,train
48801,227,364,test
48802,540,509,train
48803,567,625,train
48804,559,633,train
48805,375,8,train
48806,422,6,train
48807,705,546,train
48808,246,676,train
48809,461,553,train
48810,235,680,train
48811,764,450,train
48812,402,285,test
48813,161,361,test
48814,333,188,train
48815,251,664,train
48816,408,427,test
48817,784,16,train
48818,320,431,train
48819,166,607,train
48820,11,360,train
48821,417,793,train
48822,226,203,train
48823,533,132,train
48824,773,281,train
48825,657,548,train
48826,550,331,test
48827,266,698,test
48828,623,451,train
48829,179,636,test
48830,63,358,test
48831,489,511,train
48832,557,435,train
48833,240,141,test
48834,495,55,train
48835,685,372,test
48836,264,213,train
48837,542,77,train
48838,228,174,test
48839,291,485,train
48840,8,726,train
48841,121,303,test
48842,136,39,train
48843,433,418,train
48844,120,463,train
48845,273,620,train
48846,39,719,train
48847,364,657,train
48848,735,560,train
48849,436,70,train
48850,522,688,test
48851,646,637,train
48852,133,414,test
48853,577,750,train
48854,237,601,train
48855,741,546,test
48856,150,346,train
48857,452,678,train
48858,352,401,train
48859,542,186,train
48860,569,273,train
48861,361,629,train
48862,156,706,train
48863,339,662,train
48864,332,741,train
48865,717,575,train
48866,630,576,test
48867,268,520,train
48868,255,773,train
48869,53,748,test
48870,765,28,train
48871,132,378,train
48872,88,665,train
48873,680,589,train
48874,239,117,train
48875,569,700,test
48876,157,273,train
48877,691,541,train
48878,224,384,train
48879,652,242,train
48880,592,518,train
48881,792,159,test
48882,77,739,train
48883,106,418,train
48884,62,539,test
48885,517,459,test
48886,437,149,train
48887,502,468,train
48888,165,570,train
48889,285,171,train
48890,450,43,train
48891,51,157,train
48892,255,367,test
48893,259,310,train
48894,334,653,train
48895,693,181,train
48896,179,600,train
48897,291,648,train
48898,453,739,train
48899,126,444,train
48900,281,464,train
48901,447,339,train
48902,693,232,train
48903,372,259,train
48904,339,658,test
48905,24,430,train
48906,786,22,train
48907,61,424,train
48908,507,573,train
48909,331,166,test
48910,325,259,train
48911,104,412,train
48912,681,450,train
48913,796,82,train
48914,30,431,train
48915,290,675,test
48916,264,117,train
48917,679,262,train
48918,87,464,train
48919,797,89,train
48920,575,656,train
48921,701,106,train
48922,401,225,train
48923,484,306,train
48924,463,679,train
48925,57,74,train
48926,440,490,train
48927,584,175,train
48928,136,176,train
48929,609,460,train
48930,676,49,train
48931,557,357,test
48932,798,397,train
48933,95,304,test
48934,37,640,train
48935,31,434,train
48936,227,328,test
48937,80,619,train
48938,769,531,train
48939,26,612,train
48940,657,661,train
48941,610,708,train
48942,288,70,train
48943,589,766,train
48944,776,626,train
48945,786,541,test
48946,650,271,train
48947,504,312,train
48948,675,535,train
48949,452,116,train
48950,528,84,train
48951,541,125,test
48952,88,538,test
48953,103,617,train
48954,723,659,train
48955,477,31,train
48956,200,687,test
48957,632,735,train
48958,43,619,train
48959,765,498,train
48960,370,415,train
48961,399,189,train
48962,640,19,train
48963,101,163,train
48964,107,729,train
48965,480,214,train
48966,432,572,train
48967,548,204,train
48968,512,10,train
48969,229,591,train
48970,599,159,test
48971,726,186,train
48972,273,330,train
48973,172,425,train
48974,100,616,train
48975,83,463,train
48976,379,128,train
48977,341,596,test
48978,146,621,train
48979,668,140,train
48980,512,220,train
48981,542,184,train
48982,252,541,train
48983,127,146,test
48984,791,216,train
48985,412,727,test
48986,493,589,train
48987,268,677,train
48988,52,554,test
48989,470,11,train
48990,57,592,test
48991,267,549,train
48992,638,104,train
48993,401,468,train
48994,546,254,test
48995,169,721,train
48996,590,22,test
48997,733,720,test
48998,502,755,test
48999,359,320,train
49000,9,634,train
49001,783,259,train
49002,781,291,train
49003,586,290,train
49004,103,197,train
49005,363,217,train
49006,31,334,train
49007,508,567,test
49008,363,295,train
49009,769,11,test
49010,347,192,train
49011,289,592,train
49012,49,559,train
49013,141,663,train
49014,258,751,train
49015,569,338,train
49016,422,239,test
49017,360,702,test
49018,462,680,train
49019,653,681,train
49020,369,636,test
49021,345,745,train
49022,159,296,train
49023,329,746,train
49024,160,4,train
49025,483,104,train
49026,345,613,train
49027,196,765,train
49028,674,132,train
49029,4,162,train
49030,69,499,train
49031,766,409,train
49032,691,545,train
49033,83,391,train
49034,716,232,train
49035,519,467,test
49036,606,748,train
49037,239,388,train
49038,674,579,train
49039,593,482,test
49040,596,488,train
49041,175,355,train
49042,644,677,train
49043,389,385,train
49044,171,689,train
49045,428,339,train
49046,555,268,train
49047,246,249,train
49048,613,321,test
49049,355,69,train
49050,679,354,train
49051,96,363,train
49052,26,73,train
49053,589,105,test
49054,79,412,train
49055,271,601,train
49056,465,255,train
49057,735,407,train
49058,654,139,train
49059,350,765,train
49060,616,220,train
49061,188,793,train
49062,563,551,train
49063,65,259,test
49064,77,356,test
49065,619,171,train
49066,409,753,train
49067,313,585,train
49068,390,393,test
49069,411,626,train
49070,249,658,train
49071,436,77,train
49072,59,298,test
49073,679,723,train
49074,54,564,train
49075,624,684,train
49076,384,640,train
49077,108,725,train
49078,333,175,train
49079,279,348,train
49080,563,59,train
49081,797,456,train
49082,352,179,train
49083,439,565,train
49084,285,662,train
49085,575,5,train
49086,564,393,train
49087,160,117,train
49088,334,522,test
49089,708,719,train
49090,137,30,train
49091,722,91,test
49092,329,226,train
49093,550,733,train
49094,692,662,train
49095,461,26,train
49096,675,300,train
49097,606,395,train
49098,462,612,train
49099,756,647,train
49100,659,423,train
49101,797,151,train
49102,678,15,train
49103,796,561,test
49104,795,586,train
49105,369,299,train
49106,553,72,test
49107,130,545,train
49108,288,453,train
49109,452,588,train
49110,645,265,train
49111,48,651,test
49112,611,276,train
49113,551,82,train
49114,776,113,train
49115,794,649,train
49116,83,282,test
49117,206,138,train
49118,211,630,train
49119,622,755,train
49120,388,294,train
49121,157,576,train
49122,599,757,train
49123,233,682,train
49124,332,262,train
49125,210,231,train
49126,652,541,train
49127,307,679,train
49128,133,84,train
49129,88,697,test
49130,136,661,train
49131,764,354,test
49132,76,457,train
49133,780,396,train
49134,788,518,train
49135,296,669,train
49136,138,294,train
49137,313,546,train
49138,725,507,train
49139,474,742,train
49140,230,788,train
49141,526,233,test
49142,411,28,train
49143,202,432,train
49144,108,780,train
49145,434,627,train
49146,427,567,train
49147,141,489,test
49148,312,16,train
49149,165,381,train
49150,474,326,train
49151,243,553,test
49152,141,271,train
49153,129,267,train
49154,96,198,train
49155,201,773,test
49156,682,21,test
49157,565,300,train
49158,396,448,train
49159,323,208,train
49160,538,74,train
49161,562,374,train
49162,146,312,train
49163,226,798,test
49164,445,732,train
49165,706,421,train
49166,790,431,train
49167,726,389,train
49168,141,616,train
49169,158,246,train
49170,344,86,train
49171,245,754,train
49172,406,102,train
49173,153,736,train
49174,118,134,train
49175,106,121,train
49176,117,492,test
49177,87,37,train
49178,604,295,train
49179,440,76,train
49180,158,209,train
49181,227,729,train
49182,461,489,train
49183,449,155,train
49184,458,344,train
49185,133,158,train
49186,541,628,train
49187,612,486,train
49188,250,111,train
49189,127,478,train
49190,750,530,train
49191,752,378,train
49192,332,624,train
49193,515,683,test
49194,44,503,train
49195,534,281,train
49196,292,264,train
49197,297,97,train
49198,139,516,train
49199,335,780,test
49200,60,476,train
49201,48,435,train
49202,367,175,test
49203,442,594,test
49204,318,722,train
49205,434,626,train
49206,114,651,test
49207,95,22,train
49208,517,355,test
49209,524,207,train
49210,209,18,train
49211,368,555,train
49212,710,371,train
49213,354,603,train
49214,453,668,train
49215,393,536,train
49216,416,541,train
49217,563,438,test
49218,249,193,train
49219,546,332,test
49220,773,527,train
49221,201,548,train
49222,654,292,train
49223,506,383,train
49224,98,124,test
49225,504,35,test
49226,2,53,train
49227,410,698,train
49228,136,591,train
49229,38,689,train
49230,727,715,train
49231,584,62,train
49232,513,737,train
49233,69,427,train
49234,85,325,train
49235,471,25,test
49236,475,450,test
49237,175,475,train
49238,170,528,train
49239,760,82,train
49240,215,253,test
49241,545,732,test
49242,262,744,test
49243,434,382,train
49244,597,24,test
49245,641,421,test
49246,591,237,train
49247,403,100,train
49248,61,70,train
49249,328,442,test
49250,220,518,train
49251,391,743,train
49252,376,688,test
49253,536,50,train
49254,184,305,test
49255,477,790,train
49256,167,524,train
49257,456,753,train
49258,176,306,train
49259,654,404,train
49260,786,790,train
49261,659,788,test
49262,764,64,train
49263,635,755,train
49264,730,93,train
49265,39,652,train
49266,584,292,train
49267,115,761,train
49268,324,781,train
49269,424,40,train
49270,523,487,train
49271,366,99,train
49272,270,127,train
49273,67,191,test
49274,767,379,train
49275,143,798,train
49276,219,701,test
49277,138,96,train
49278,472,117,train
49279,49,48,train
49280,122,687,test
49281,522,376,train
49282,307,360,test
49283,195,9,test
49284,448,424,train
49285,465,400,train
49286,53,157,train
49287,527,644,train
49288,196,423,train
49289,21,161,train
49290,111,725,train
49291,708,422,train
49292,158,315,train
49293,525,665,train
49294,250,305,train
49295,519,521,test
49296,132,628,test
49297,577,405,train
49298,447,548,test
49299,465,279,train
49300,605,112,train
49301,648,544,train
49302,748,177,test
49303,167,610,train
49304,180,705,train
49305,40,578,train
49306,70,171,train
49307,370,800,train
49308,283,74,train
49309,43,463,test
49310,601,460,train
49311,383,595,train
49312,758,668,train
49313,724,296,train
49314,362,427,train
49315,584,542,test
49316,20,756,train
49317,50,266,test
49318,595,383,train
49319,415,672,train
49320,171,190,train
49321,208,21,train
49322,639,130,train
49323,639,452,train
49324,344,769,train
49325,799,262,train
49326,635,48,test
49327,376,193,train
49328,399,237,test
49329,34,363,train
49330,783,537,train
49331,745,671,test
49332,6,542,test
49333,83,604,train
49334,649,186,train
49335,195,627,train
49336,614,687,train
49337,264,136,train
49338,267,129,train
49339,1,227,train
49340,784,790,train
49341,766,623,train
49342,153,462,train
49343,63,108,train
49344,391,418,test
49345,220,371,train
49346,77,588,test
49347,717,346,train
49348,741,559,train
49349,49,72,train
49350,621,261,train
49351,519,476,train
49352,87,612,train
49353,628,385,train
49354,439,140,train
49355,700,281,train
49356,410,762,train
49357,291,669,train
49358,366,723,train
49359,168,41,train
49360,151,321,train
49361,659,77,train
49362,654,364,train
49363,264,595,train
49364,43,660,train
49365,663,76,train
49366,88,211,train
49367,383,689,test
49368,136,6,test
49369,711,548,train
49370,166,666,train
49371,718,616,train
49372,306,729,test
49373,510,102,test
49374,3,738,test
49375,759,112,test
49376,355,119,train
49377,250,631,train
49378,661,699,train
49379,326,446,test
49380,542,678,train
49381,634,537,test
49382,780,182,train
49383,572,489,train
49384,24,607,train
49385,357,785,train
49386,475,772,train
49387,637,593,train
49388,163,175,test
49389,476,647,train
49390,417,396,train
49391,707,20,train
49392,636,783,test
49393,410,201,train
49394,683,554,train
49395,242,710,train
49396,170,7,train
49397,455,560,train
49398,400,685,train
49399,30,250,train
49400,652,317,train
49401,667,514,train
49402,448,553,test
49403,602,771,train
49404,360,284,train
49405,22,459,test
49406,531,400,test
49407,287,316,train
49408,338,255,test
49409,283,678,test
49410,320,664,train
49411,540,273,train
49412,294,634,train
49413,331,576,train
49414,403,789,train
49415,276,388,train
49416,82,593,train
49417,725,357,test
49418,14,158,test
49419,481,543,train
49420,328,450,test
49421,555,691,test
49422,89,264,test
49423,191,5,train
49424,506,151,train
49425,634,407,train
49426,388,138,train
49427,393,18,train
49428,42,204,train
49429,105,601,train
49430,197,498,train
49431,386,207,test
49432,448,522,train
49433,759,124,train
49434,770,799,train
49435,140,162,train
49436,79,689,test
49437,538,432,train
49438,168,613,train
49439,372,214,train
49440,571,678,train
49441,100,229,train
49442,578,271,train
49443,612,180,train
49444,417,415,train
49445,348,535,train
49446,377,27,train
49447,197,537,train
49448,94,82,train
49449,533,622,test
49450,762,256,train
49451,263,391,train
49452,600,688,train
49453,588,570,train
49454,405,529,train
49455,721,133,train
49456,608,337,train
49457,94,638,train
49458,156,517,test
49459,307,59,train
49460,663,384,train
49461,67,733,train
49462,650,569,train
49463,28,371,train
49464,473,53,train
49465,772,226,train
49466,7,709,train
49467,403,702,train
49468,761,156,train
49469,191,798,train
49470,636,376,train
49471,581,29,train
49472,226,203,train
49473,165,444,train
49474,285,760,train
49475,26,694,test
49476,575,659,train
49477,663,462,train
49478,347,179,train
49479,568,695,train
49480,320,587,train
49481,174,255,train
49482,538,664,train
49483,623,127,test
49484,69,178,test
49485,92,232,test
49486,450,136,train
49487,740,364,test
49488,793,652,train
49489,142,106,train
49490,281,597,train
49491,539,422,train
49492,763,581,train
49493,366,286,train
49494,175,213,train
49495,645,662,train
49496,786,288,test
49497,145,592,train
49498,596,74,train
49499,774,448,train
49500,439,7,test
49501,42,572,train
49502,364,393,train
49503,593,743,test
49504,45,788,train
49505,610,329,test
49506,223,529,train
49507,126,246,train
49508,700,654,train
49509,784,190,train
49510,283,672,train
49511,380,111,test
49512,741,416,train
49513,446,779,test
49514,508,133,train
49515,549,305,test
49516,378,352,train
49517,798,509,test
49518,389,302,train
49519,740,329,train
49520,436,315,train
49521,456,93,train
49522,64,546,train
49523,682,403,test
49524,560,577,train
49525,16,336,train
49526,237,214,train
49527,208,615,train
49528,484,170,train
49529,793,5,train
49530,49,169,test
49531,163,570,train
49532,117,316,train
49533,796,258,train
49534,436,469,train
49535,576,790,test
49536,349,790,train
49537,318,614,train
49538,102,332,train
49539,426,118,train
49540,271,85,train
49541,102,685,train
49542,312,153,train
49543,487,112,train
49544,182,746,train
49545,640,571,train
49546,520,753,train
49547,490,789,test
49548,575,364,train
49549,111,484,train
49550,769,397,train
49551,363,337,train
49552,662,658,train
49553,593,72,train
49554,178,339,train
49555,65,733,train
49556,593,105,test
49557,165,421,train
49558,337,516,train
49559,707,422,train
49560,697,550,train
49561,139,540,test
49562,761,361,train
49563,785,205,train
49564,490,653,train
49565,561,202,train
49566,684,24,train
49567,568,489,train
49568,9,637,train
49569,245,448,train
49570,608,750,test
49571,324,783,test
49572,124,416,train
49573,293,773,train
49574,211,15,test
49575,391,562,train
49576,443,415,test
49577,158,404,test
49578,181,388,test
49579,580,495,train
49580,400,697,train
49581,505,772,test
49582,203,435,train
49583,80,629,test
49584,542,249,train
49585,527,536,train
49586,148,412,test
49587,658,58,train
49588,658,27,train
49589,768,526,train
49590,116,637,train
49591,549,726,train
49592,657,667,train
49593,125,664,test
49594,255,199,train
49595,784,433,test
49596,285,381,train
49597,219,306,test
49598,478,133,train
49599,343,749,train
49600,160,105,train
49601,564,480,train
49602,184,755,train
49603,148,350,train
49604,153,750,train
49605,40,202,train
49606,134,562,train
49607,464,523,train
49608,633,88,train
49609,185,228,train
49610,281,604,train
49611,318,689,train
49612,174,44,test
49613,646,680,train
49614,275,470,train
49615,61,4,train
49616,542,288,train
49617,343,651,test
49618,212,567,test
49619,204,387,train
49620,296,588,test
49621,89,721,train
49622,657,405,train
49623,200,313,train
49624,758,282,train
49625,11,288,train
49626,415,472,train
49627,70,744,train
49628,175,259,train
49629,519,646,test
49630,657,371,train
49631,587,211,train
49632,242,783,train
49633,261,468,train
49634,800,216,train
49635,463,280,test
49636,415,5,train
49637,428,396,train
49638,308,408,train
49639,460,145,train
49640,778,114,train
49641,528,50,train
49642,465,749,train
49643,304,382,train
49644,728,31,test
49645,242,408,test
49646,219,28,train
49647,676,738,train
49648,223,711,train
49649,532,469,test
49650,208,337,train
49651,768,168,test
49652,484,376,test
49653,48,414,train
49654,437,470,train
49655,427,261,train
49656,315,133,train
49657,316,113,train
49658,434,243,test
49659,623,738,train
49660,632,549,train
49661,559,483,train
49662,712,249,train
49663,352,710,test
49664,495,470,test
49665,599,253,train
49666,29,131,train
49667,553,796,train
49668,477,168,train
49669,480,279,train
49670,477,98,train
49671,644,262,test
49672,231,452,test
49673,792,27,train
49674,509,208,train
49675,98,523,train
49676,192,94,train
49677,243,449,test
49678,415,226,train
49679,217,409,train
49680,344,200,train
49681,282,36,train
49682,648,700,train
49683,149,540,train
49684,374,614,test
49685,581,371,train
49686,79,560,train
49687,227,406,train
49688,280,614,train
49689,348,18,train
49690,256,13,train
49691,241,262,test
49692,247,624,train
49693,2,609,train
49694,597,442,test
49695,570,453,test
49696,619,375,test
49697,174,212,train
49698,190,740,train
49699,202,685,train
49700,160,438,train
49701,282,79,train
49702,105,528,train
49703,6,256,train
49704,791,399,train
49705,711,166,test
49706,478,778,train
49707,587,358,train
49708,770,713,train
49709,711,388,train
49710,406,160,test
49711,50,720,train
49712,547,731,train
49713,229,469,train
49714,99,190,train
49715,719,467,train
49716,108,174,train
49717,738,225,train
49718,552,56,train
49719,187,184,train
49720,68,451,train
49721,97,22,train
49722,562,426,train
49723,186,139,train
49724,233,306,train
49725,323,374,train
49726,87,312,train
49727,676,720,train
49728,627,625,train
49729,397,334,train
49730,377,683,train
49731,55,339,train
49732,622,52,train
49733,586,11,test
49734,123,631,train
49735,624,148,train
49736,44,323,train
49737,247,789,train
49738,553,19,train
49739,17,616,train
49740,677,626,test
49741,596,639,test
49742,644,480,train
49743,365,77,train
49744,715,397,train
49745,308,754,test
49746,48,6,test
49747,788,286,test
49748,132,656,test
49749,283,36,test
49750,165,709,train
49751,416,445,test
49752,692,640,train
49753,657,723,train
49754,552,414,test
49755,22,305,train
49756,793,130,test
49757,227,166,train
49758,94,289,train
49759,599,505,train
49760,452,105,train
49761,637,705,train
49762,416,120,train
49763,765,732,train
49764,666,38,train
49765,254,395,train
49766,271,724,test
49767,278,106,test
49768,365,418,train
49769,130,509,train
49770,528,352,train
49771,203,413,train
49772,352,402,test
49773,32,638,train
49774,640,167,train
49775,493,275,train
49776,282,98,test
49777,660,258,train
49778,363,333,train
49779,327,770,train
49780,145,301,train
49781,25,375,train
49782,681,504,train
49783,572,304,train
49784,271,218,train
49785,56,656,train
49786,760,192,train
49787,222,666,train
49788,76,101,train
49789,687,700,train
49790,4,609,train
49791,562,780,train
49792,386,232,train
49793,790,490,train
49794,693,520,train
49795,624,599,train
49796,264,374,train
49797,74,96,test
49798,744,452,train
49799,506,73,train
49800,293,773,train
49801,704,108,train
49802,776,360,train
49803,700,157,train
49804,768,759,train
49805,150,540,train
49806,387,226,train
49807,245,167,train
49808,364,403,train
49809,731,23,train
49810,764,260,train
49811,616,147,train
49812,355,750,train
49813,586,313,train
49814,769,68,train
49815,320,222,train
49816,482,433,train
49817,251,139,train
49818,3,756,train
49819,452,362,train
49820,700,509,train
49821,524,710,train
49822,619,728,train
49823,209,14,train
49824,769,13,test
49825,362,464,train
49826,111,96,train
49827,32,642,train
49828,83,162,train
49829,643,393,train
49830,197,491,test
49831,194,333,train
49832,702,394,train
49833,359,729,train
49834,521,38,train
49835,712,39,test
49836,626,150,train
49837,573,482,train
49838,623,427,train
49839,443,666,train
49840,368,663,test
49841,791,387,train
49842,219,87,test
49843,268,544,train
49844,313,258,train
49845,272,432,train
49846,253,416,train
49847,580,435,train
49848,617,171,train
49849,177,654,train
49850,669,607,train
49851,670,794,train
49852,665,611,train
49853,719,575,train
49854,577,74,train
49855,776,405,train
49856,778,389,train
49857,224,576,train
49858,251,641,train
49859,446,377,train
49860,685,261,test
49861,341,681,train
49862,574,591,train
49863,523,24,test
49864,488,714,train
49865,429,326,train
49866,688,327,train
49867,309,284,train
49868,130,100,train
49869,327,87,train
49870,458,793,train
49871,345,454,test
49872,634,71,train
49873,129,636,train
49874,453,177,train
49875,122,385,test
49876,688,581,train
49877,747,528,train
49878,101,543,train
49879,462,749,train
49880,551,9,test
49881,86,124,train
49882,764,52,train
49883,784,177,train
49884,326,296,train
49885,576,681,train
49886,428,260,train
49887,248,151,train
49888,753,384,train
49889,138,335,train
49890,633,231,train
49891,331,497,train
49892,488,505,train
49893,722,92,train
49894,679,459,train
49895,750,372,train
49896,63,205,train
49897,514,511,train
49898,327,438,train
49899,302,558,train
49900,446,498,train
49901,162,729,train
49902,546,475,train
49903,418,179,train
49904,682,376,train
49905,710,519,train
49906,418,248,train
49907,760,310,test
49908,126,337,train
49909,356,603,train
49910,771,469,train
49911,159,610,test
49912,350,755,test
49913,688,656,train
49914,659,581,train
49915,522,736,test
49916,728,134,test
49917,3,380,test
49918,335,383,train
49919,269,547,train
49920,746,539,train
49921,50,673,train
49922,696,788,train
49923,135,129,train
49924,720,800,train
49925,103,242,train
49926,34,505,test
49927,123,433,train
49928,561,218,train
49929,135,241,train
49930,499,580,train
49931,89,564,train
49932,693,478,test
49933,505,462,test
49934,385,691,train
49935,375,158,test
49936,614,161,train
49937,583,100,train
49938,575,352,train
49939,194,764,test
49940,154,713,train
49941,290,48,train
49942,433,277,train
49943,103,424,train
49944,333,647,train
49945,23,771,train
49946,691,238,test
49947,47,663,train
49948,327,210,train
49949,346,261,train
49950,265,550,test
49951,302,601,train
49952,332,719,train
49953,34,79,train
49954,215,474,test
49955,708,698,test
49956,535,222,test
49957,473,656,train
49958,558,230,test
49959,726,594,train
49960,376,36,test
49961,424,31,train
49962,92,414,train
49963,8,470,train
49964,605,568,train
49965,679,792,train
49966,337,605,train
49967,15,667,train
49968,312,159,train
49969,192,545,test
49970,500,789,train
49971,10,785,train
49972,194,117,test
49973,258,420,train
49974,455,762,train
49975,760,358,train
49976,283,176,train
49977,778,380,train
49978,732,214,train
49979,540,233,train
49980,62,25,test
49981,41,520,train
49982,636,290,train
49983,599,484,train
49984,126,425,train
49985,799,513,test
49986,606,24,train
49987,293,448,train
49988,35,714,train
49989,603,559,train
49990,204,368,test
49991,695,717,train
49992,592,703,train
49993,728,762,train
49994,657,681,train
49995,707,126,test
49996,589,664,train
49997,303,368,train
49998,109,89,train
49999,9,73,train
